CustomerID,Name,Gender,Age,City,Signup_Date,Last_purchase_date,purchase_amount,feedback_score,email,Phone_number,Country
,Ankit,Female,36.0,Mumbai,2024-12-31,2025-08-13,2460.355,2.0,,,Canada
C2,Ravi,Female,43.0,Kolkata,,,2460.355,3.0,,,Canada
3,Ravi,Female,66.0,Ahmedabad,,2023-06-20,2460.355,3.0,user2@mail.com,,India
C4,Ankit,Male,44.0,Kolkata,,2025-09-13,2460.355,3.0,,9316267914,USA
5,Rahul,Male,43.0,Ahmedabad,2025-07-09,,2460.355,3.0,,9234603292,USA
C6,Amit,Unknown,64.0,Mumbai,,,2460.355,5.0,,,UK
7,Kiran,Unknown,43.0,Pune,,,2460.355,3.0,,,Australia
8,Rahul,Unknown,43.0,Delhi,,2021-11-15,2460.355,3.0,user7@mail.com,,Canada
C9,Simran,Female,43.0,Pune,,,2460.355,3.0,,,India
10,Simran,Unknown,43.0,Pune,2023-12-18,,887.49,3.0,,,Canada
,Ankit,Unknown,24.0,Chennai,,,2460.355,3.0,,,Unknown
C12,Ravi,Male,43.0,Hyderabad,2025-05-29,2021-03-20,2712.5,3.0,,,UK
13,Rahul,Male,43.0,Bangalore,,,2822.0,3.0,user12@mail.com,,Australia
14,Ravi,Unknown,43.0,Mumbai,2024-12-15,2022-03-26,2460.355,1.0,,,USA
15,Kiran,Unknown,62.0,Unknown,2022-10-16,2025-12-04,2460.355,5.0,,9610475090,USA
,Unknown,Female,30.0,Pune,,,2460.355,3.0,,,Canada
17,Pooja,Male,43.0,Pune,2021-12-18,2022-11-11,509.03,5.0,,,India
18,Priya,Female,43.0,Ahmedabad,,2021-10-10,1582.43,3.0,,,UK
19,Sneha,Unknown,38.0,Pune,2023-01-07,,2460.355,3.0,,,Unknown
20,Simran,Male,43.0,Pune,2021-07-21,2024-07-06,938.55,3.0,,9533545457,Canada
C21,Unknown,Female,26.0,Mumbai,2021-06-28,,2460.355,2.0,,9720985722,USA
C22,Ravi,Male,43.0,Kolkata,,,2460.355,3.0,user21@mail.com,9164267579,Unknown
23,Rahul,Male,43.0,Bangalore,2022-05-28,,2460.355,3.0,,,Australia
C24,Kiran,Male,43.0,Chennai,,,2460.355,3.0,,,Unknown
,Ankit,Female,43.0,Hyderabad,,,2460.355,4.0,,,Australia
26,Simran,Female,43.0,Kolkata,2025-07-17,2020-09-05,1250.98,3.0,,,UK
,Kiran,Unknown,43.0,Kolkata,2024-05-28,2020-11-14,4772.57,4.0,,,UK
C28,Neha,Female,43.0,Ahmedabad,,2022-05-30,84.02,2.0,,9693394106,Australia
C29,Unknown,Unknown,47.0,Hyderabad,,,2460.355,2.0,user28@mail.com,,Unknown
C30,Simran,Unknown,43.0,Pune,2022-10-11,2024-06-13,2460.355,3.0,,,India
31,Sneha,Unknown,21.0,Mumbai,2025-02-28,,2460.355,3.0,,9919454989,USA
,Rahul,Female,43.0,Unknown,,2024-05-09,41.61,3.0,,,Canada
C33,Ravi,Unknown,43.0,Chennai,2025-11-30,2024-01-23,2460.355,4.0,,,Unknown
,Unknown,Male,43.0,Kolkata,2023-04-16,2023-04-06,2460.355,3.0,,9281075045,Canada
C35,Pooja,Male,43.0,Unknown,2023-05-31,,1380.12,3.0,,,India
C36,Rahul,Male,43.0,Delhi,2024-09-26,,2460.355,3.0,,,Australia
37,Rahul,Male,43.0,Pune,,2025-05-18,2460.355,3.0,user36@mail.com,9168733414,Unknown
38,Kiran,Female,43.0,Mumbai,,2025-12-03,2460.355,3.0,,,India
39,Ankit,Male,43.0,Pune,2025-10-12,,870.32,1.0,,,UK
40,Rahul,Male,43.0,Unknown,2024-06-26,,2460.355,3.0,,,India
41,Ravi,Unknown,42.0,Ahmedabad,2023-01-08,,2460.355,3.0,,,Canada
,Simran,Female,43.0,Unknown,,,2460.355,1.0,user41@mail.com,,Canada
C43,Kiran,Female,43.0,Unknown,,,1719.83,5.0,,,Australia
,Kiran,Female,50.0,Chennai,2024-11-13,,2460.355,3.0,,,Australia
45,Neha,Female,43.0,Chennai,2022-12-07,,3631.99,3.0,,,Australia
,Neha,Female,67.0,Ahmedabad,,2022-07-01,1661.36,1.0,,,USA
C47,Rahul,Male,47.0,Mumbai,2024-10-25,,2460.355,3.0,,9948909030,India
48,Unknown,Female,43.0,Pune,,2022-04-08,2460.355,3.0,,,India
C49,Sneha,Male,22.0,Mumbai,,2024-03-15,2460.355,5.0,user48@mail.com,,Australia
C50,Sneha,Female,38.0,Delhi,,,3841.35,3.0,,9125908338,Unknown
,Unknown,Female,43.0,Kolkata,,,2460.355,1.0,,,Canada
C52,Unknown,Male,52.0,Unknown,,,2460.355,3.0,,9821999811,UK
53,Rahul,Male,24.0,Unknown,,2024-06-14,2460.355,3.0,user52@mail.com,9246223934,UK
C54,Sneha,Female,43.0,Mumbai,2021-07-25,,3147.13,3.0,,,Australia
55,Amit,Male,43.0,Pune,,,4911.38,3.0,,,Australia
56,Rahul,Female,43.0,Chennai,,,2460.355,1.0,,,USA
57,Ravi,Male,43.0,Hyderabad,,2021-07-28,2460.355,3.0,,,India
,Pooja,Female,43.0,Chennai,2023-09-24,,2460.355,3.0,,9208493774,Canada
C59,Simran,Female,43.0,Mumbai,,,2460.355,3.0,,,Canada
,Unknown,Male,57.0,Kolkata,,,4812.75,3.0,,,Unknown
61,Pooja,Female,59.0,Kolkata,,,2460.355,1.0,,,Canada
,Unknown,Male,43.0,Kolkata,2024-04-12,2026-01-21,2460.355,4.0,,,Australia
63,Pooja,Unknown,43.0,Ahmedabad,,,176.23,3.0,user62@mail.com,,Unknown
64,Ankit,Male,43.0,Ahmedabad,,,2460.355,3.0,user63@mail.com,,USA
65,Simran,Unknown,43.0,Delhi,,,940.07,1.0,,,USA
C66,Priya,Unknown,23.0,Ahmedabad,2025-08-25,,659.47,3.0,user65@mail.com,,USA
67,Simran,Male,43.0,Ahmedabad,,,2460.355,3.0,,9677889075,USA
C68,Unknown,Female,43.0,Mumbai,2020-12-30,,2460.355,3.0,,9450576722,India
69,Rahul,Male,43.0,Hyderabad,2022-05-09,2022-11-18,1019.16,3.0,,9828355744,Unknown
C70,Amit,Male,43.0,Delhi,2022-01-25,,2460.355,4.0,,,Canada
C71,Sneha,Male,43.0,Kolkata,2023-11-23,2023-06-09,2460.355,3.0,,,UK
C72,Sneha,Unknown,23.0,Mumbai,,2024-10-05,2460.355,3.0,,,Australia
73,Unknown,Female,43.0,Bangalore,2025-12-13,,2460.355,3.0,user72@mail.com,,Unknown
,Simran,Female,43.0,Bangalore,2023-09-22,2023-05-18,2460.355,3.0,user73@mail.com,,Canada
75,Unknown,Male,68.0,Mumbai,2021-04-01,,2460.355,3.0,,,UK
C76,Simran,Female,43.0,Hyderabad,,,1958.1,2.0,,,India
,Unknown,Unknown,43.0,Bangalore,2021-06-16,,2460.355,2.0,user76@mail.com,9610832582,UK
78,Amit,Unknown,43.0,Unknown,2024-06-20,,2267.95,3.0,,,Unknown
79,Kiran,Female,43.0,Unknown,2020-11-11,2022-03-28,2460.355,3.0,,,India
,Ankit,Unknown,43.0,Chennai,2021-12-11,,1517.55,1.0,user79@mail.com,,USA
,Rahul,Female,43.0,Delhi,,,2460.355,3.0,,,UK
82,Pooja,Male,43.0,Hyderabad,,,477.91,3.0,,,Australia
83,Unknown,Male,47.0,Bangalore,2025-11-22,,1105.17,3.0,,,Australia
,Priya,Female,43.0,Ahmedabad,,,3720.97,2.0,,,Canada
C85,Priya,Male,51.0,Delhi,,,2460.355,3.0,,,USA
86,Kiran,Female,43.0,Pune,,,2460.355,3.0,,,UK
87,Unknown,Male,43.0,Kolkata,2020-12-05,,2460.355,1.0,user86@mail.com,,Canada
88,Kiran,Male,43.0,Delhi,,,2460.355,3.0,,9697738597,Australia
89,Rahul,Unknown,43.0,Hyderabad,,,2460.355,3.0,user88@mail.com,,Unknown
,Ankit,Male,51.0,Hyderabad,,,2460.355,3.0,,,USA
91,Simran,Male,66.0,Unknown,,,2460.355,3.0,user90@mail.com,,USA
C92,Ankit,Unknown,43.0,Delhi,2025-07-21,,2589.13,3.0,,,UK
93,Ravi,Female,43.0,Pune,2023-12-05,,2460.355,3.0,,,India
,Unknown,Male,53.0,Kolkata,,,2460.355,3.0,user93@mail.com,9871388211,USA
C95,Amit,Male,43.0,Hyderabad,,,2460.355,3.0,,9387106416,Unknown
,Simran,Male,43.0,Unknown,2023-02-03,2020-10-12,2460.355,3.0,,,USA
C97,Simran,Male,43.0,Pune,,,2460.355,3.0,user96@mail.com,9762381262,Canada
C98,Kiran,Female,43.0,Unknown,,,2460.355,3.0,,,Unknown
99,Amit,Unknown,43.0,Bangalore,,,2460.355,5.0,,9486647874,India
C100,Priya,Male,43.0,Pune,,,2460.355,3.0,,,USA
C101,Neha,Unknown,43.0,Mumbai,,2022-02-20,2460.355,3.0,user100@mail.com,,India
102,Pooja,Unknown,43.0,Mumbai,2023-09-15,2022-05-10,2460.355,3.0,,,Canada
,Simran,Unknown,43.0,Mumbai,,,2460.355,3.0,,,UK
104,Unknown,Male,43.0,Unknown,2023-09-09,2022-05-22,2460.355,3.0,user103@mail.com,,UK
,Rahul,Unknown,43.0,Kolkata,2021-07-27,,2460.355,3.0,,,USA
106,Priya,Female,43.0,Delhi,2023-02-19,,2460.355,3.0,user105@mail.com,,Unknown
107,Rahul,Female,43.0,Ahmedabad,2021-04-26,2024-06-05,2460.355,3.0,,,Canada
,Pooja,Male,43.0,Ahmedabad,,,2460.355,3.0,,,Canada
C109,Ankit,Male,43.0,Unknown,,,2460.355,3.0,,,USA
110,Unknown,Unknown,43.0,Delhi,2021-10-25,2023-08-27,2460.355,1.0,,9168583214,USA
C111,Simran,Unknown,43.0,Bangalore,,,2460.355,3.0,user110@mail.com,,UK
C112,Simran,Male,43.0,Kolkata,2024-10-24,,2460.355,3.0,,,Australia
,Ravi,Unknown,43.0,Pune,2022-02-22,,2460.355,3.0,,,Unknown
C114,Unknown,Female,43.0,Unknown,2021-06-24,2024-07-22,1520.66,3.0,,,Unknown
115,Unknown,Unknown,43.0,Pune,2021-07-14,,2625.32,3.0,user114@mail.com,,Unknown
,Ravi,Male,43.0,Chennai,,,2460.355,2.0,,9985835755,Canada
,Pooja,Male,43.0,Kolkata,2024-07-07,2025-05-13,2460.355,3.0,,,Australia
118,Sneha,Male,43.0,Unknown,,,2460.355,3.0,,9686175993,Canada
C119,Kiran,Male,57.0,Delhi,2021-07-07,,2460.355,5.0,,,UK
120,Unknown,Unknown,43.0,Delhi,,,2460.355,5.0,,,USA
121,Unknown,Unknown,70.0,Hyderabad,,,2460.355,3.0,,9888717508,Canada
C122,Sneha,Female,43.0,Pune,,,2460.355,3.0,,,USA
,Ankit,Unknown,43.0,Chennai,,,2460.355,3.0,,,USA
124,Pooja,Male,43.0,Hyderabad,2024-05-11,,2460.355,3.0,,,Canada
C125,Unknown,Female,43.0,Kolkata,2024-06-08,,2460.355,3.0,user124@mail.com,,Canada
126,Unknown,Male,33.0,Hyderabad,,,2460.355,3.0,,,USA
,Unknown,Male,43.0,Delhi,2024-02-01,,2460.355,3.0,,,Australia
128,Ankit,Male,43.0,Pune,2024-03-07,,2460.355,3.0,user127@mail.com,,India
129,Ankit,Female,43.0,Hyderabad,,,384.1,3.0,,,USA
130,Ravi,Male,46.0,Ahmedabad,,,2460.355,3.0,,,USA
,Simran,Male,43.0,Ahmedabad,,,2460.355,3.0,,,India
132,Priya,Female,43.0,Ahmedabad,2021-06-12,,2460.355,3.0,,,India
133,Ankit,Female,43.0,Chennai,,2020-10-16,101.52,5.0,user132@mail.com,9652552199,Unknown
C134,Ankit,Female,43.0,Unknown,2025-11-02,2024-07-19,2460.355,3.0,,9804907196,Unknown
135,Neha,Unknown,21.0,Mumbai,2021-05-29,,3106.84,3.0,,,Australia
136,Ankit,Unknown,43.0,Delhi,,2025-01-04,177.15,3.0,,,Australia
137,Sneha,Female,39.0,Kolkata,2022-11-11,,2460.355,3.0,,,Australia
138,Ankit,Male,43.0,Ahmedabad,2021-06-22,2020-12-01,2460.355,5.0,,,USA
139,Amit,Female,43.0,Hyderabad,2024-07-23,2021-01-12,2460.355,3.0,,,USA
,Ravi,Male,43.0,Pune,,,4302.36,3.0,,,Unknown
C141,Neha,Unknown,29.0,Kolkata,,,2460.355,3.0,,,USA
C142,Amit,Male,67.0,Kolkata,2024-11-29,,3979.83,3.0,user141@mail.com,,USA
C143,Rahul,Male,43.0,Delhi,2025-05-13,,2460.355,3.0,,,Australia
C144,Priya,Male,43.0,Unknown,2025-03-13,,2460.355,3.0,,,UK
C145,Unknown,Female,43.0,Unknown,,2025-12-05,2460.355,3.0,,,Unknown
146,Unknown,Male,43.0,Pune,2021-05-05,,819.86,1.0,,,USA
,Pooja,Female,43.0,Chennai,,2021-01-25,4938.36,3.0,,,Australia
148,Amit,Unknown,68.0,Chennai,,,2460.355,3.0,,9697055735,Canada
C149,Rahul,Female,38.0,Pune,2025-03-16,2026-01-20,2460.355,2.0,user148@mail.com,,India
150,Amit,Unknown,43.0,Ahmedabad,2025-11-29,,2460.355,4.0,,9843663784,Australia
,Kiran,Female,28.0,Unknown,,,2460.355,3.0,,9234375714,Canada
,Simran,Female,43.0,Hyderabad,2021-07-20,,2460.355,3.0,,,Unknown
153,Pooja,Female,43.0,Bangalore,,2021-09-14,2460.355,1.0,,9771638160,Canada
154,Amit,Male,43.0,Bangalore,,,2460.355,3.0,,9720155538,USA
155,Neha,Male,43.0,Bangalore,,2025-12-21,2460.355,3.0,,,UK
C156,Unknown,Male,35.0,Hyderabad,2020-10-11,,2102.22,3.0,,,India
,Ravi,Male,35.0,Unknown,2021-05-15,,2460.355,3.0,,,India
158,Pooja,Unknown,43.0,Kolkata,,,3902.94,3.0,user157@mail.com,,Australia
C159,Rahul,Female,43.0,Bangalore,2024-10-11,,502.02,3.0,,,India
,Unknown,Unknown,43.0,Mumbai,2021-03-27,2020-10-12,2460.355,3.0,user159@mail.com,,USA
C161,Pooja,Male,35.0,Unknown,2023-11-18,,2460.355,2.0,,,India
,Pooja,Female,43.0,Kolkata,2021-08-05,,2460.355,3.0,,9893390866,USA
163,Amit,Unknown,43.0,Chennai,,,2460.355,3.0,,9121774277,Canada
C164,Amit,Female,43.0,Pune,2025-01-18,,2460.355,3.0,,,USA
165,Pooja,Unknown,43.0,Kolkata,,2024-02-09,2460.355,3.0,,9313537890,Unknown
C166,Rahul,Unknown,43.0,Mumbai,,,1368.23,3.0,,,UK
,Unknown,Male,26.0,Chennai,2021-04-28,,2460.355,3.0,user166@mail.com,,USA
,Ravi,Male,43.0,Pune,,,2460.355,3.0,user167@mail.com,,USA
C169,Unknown,Unknown,43.0,Hyderabad,2022-08-23,,2460.355,5.0,user168@mail.com,,Unknown
,Unknown,Female,43.0,Chennai,,,2460.355,3.0,,,India
C171,Kiran,Unknown,43.0,Hyderabad,2022-02-24,2024-06-04,2460.355,5.0,,,India
C172,Neha,Female,43.0,Bangalore,2023-12-24,,2460.355,3.0,,9846259798,Canada
C173,Simran,Female,43.0,Unknown,2023-06-02,,2460.355,2.0,,,UK
C174,Unknown,Female,22.0,Chennai,2024-12-06,,2460.355,3.0,,,Australia
175,Unknown,Male,43.0,Kolkata,,,2460.355,3.0,,9587234990,Canada
176,Kiran,Female,43.0,Chennai,,2022-04-26,2460.355,3.0,,9718555066,India
C177,Ankit,Unknown,43.0,Pune,,2024-03-26,2460.355,3.0,,9980832523,Canada
178,Priya,Male,43.0,Bangalore,2022-03-24,,4177.93,3.0,,,USA
C179,Neha,Unknown,43.0,Delhi,,,3779.89,3.0,,9113550160,Unknown
,Ankit,Male,43.0,Ahmedabad,,2023-06-10,2578.36,3.0,user179@mail.com,,USA
181,Unknown,Female,43.0,Unknown,2022-06-10,2023-12-06,2460.355,3.0,user180@mail.com,,India
182,Unknown,Unknown,43.0,Unknown,,,2460.355,3.0,,,USA
C183,Pooja,Male,43.0,Delhi,,,2460.355,3.0,,,India
,Simran,Male,43.0,Delhi,,,2530.03,3.0,,,Canada
C185,Unknown,Male,37.0,Hyderabad,,,2460.355,2.0,,,UK
,Ravi,Male,43.0,Bangalore,,,2460.355,3.0,user185@mail.com,,Australia
187,Sneha,Female,43.0,Pune,2020-12-07,2025-03-08,3124.58,3.0,,9972896838,India
C188,Ankit,Unknown,43.0,Unknown,,2023-04-13,2460.355,3.0,,9237430673,Unknown
189,Ravi,Unknown,43.0,Unknown,2025-10-02,,2460.355,3.0,,,Australia
,Sneha,Male,43.0,Hyderabad,,,2460.355,3.0,,9987123952,USA
191,Rahul,Male,44.0,Unknown,2024-05-20,2023-09-08,2460.355,3.0,,9299298806,Canada
192,Unknown,Female,18.0,Kolkata,2024-09-27,,3740.72,3.0,,,Australia
C193,Rahul,Unknown,43.0,Delhi,2023-10-22,,2460.355,1.0,,,India
C194,Amit,Male,43.0,Delhi,2023-03-12,,2460.355,3.0,,9714934659,Unknown
195,Kiran,Female,43.0,Unknown,2023-01-23,,2460.355,3.0,,,Canada
196,Ravi,Unknown,58.0,Hyderabad,2023-01-11,,2460.355,1.0,,,USA
,Pooja,Unknown,62.0,Unknown,2021-10-25,2023-01-29,1644.7,3.0,user196@mail.com,,India
C199,Simran,Female,43.0,Delhi,2021-05-24,,2460.355,3.0,,,UK
C200,Simran,Male,22.0,Pune,,,2460.355,4.0,user199@mail.com,,Unknown
201,Kiran,Male,43.0,Mumbai,,2022-05-04,2647.56,3.0,user200@mail.com,,India
,Ankit,Male,43.0,Kolkata,,,709.67,1.0,,,UK
C203,Ankit,Male,43.0,Hyderabad,,2024-02-07,3829.56,3.0,,,Unknown
,Sneha,Male,43.0,Hyderabad,,,2460.355,3.0,user203@mail.com,,USA
205,Unknown,Female,43.0,Mumbai,2025-12-21,,2460.355,5.0,user204@mail.com,9791865466,Unknown
206,Priya,Male,43.0,Pune,,,2460.355,2.0,,,UK
207,Simran,Male,43.0,Kolkata,2024-08-24,,2460.355,3.0,,,Australia
208,Sneha,Unknown,70.0,Ahmedabad,2023-02-16,2021-11-30,2460.355,3.0,,,Canada
209,Pooja,Female,28.0,Chennai,,2021-07-26,2460.355,3.0,,9390664690,Unknown
210,Unknown,Female,43.0,Kolkata,,,2460.355,3.0,,,USA
C211,Sneha,Female,43.0,Hyderabad,2023-01-27,,2460.355,3.0,user210@mail.com,9276155320,Unknown
,Ankit,Male,68.0,Unknown,,,2460.355,3.0,,9846225860,Australia
213,Unknown,Male,43.0,Mumbai,,,2460.355,3.0,,9505365883,Unknown
214,Kiran,Male,43.0,Bangalore,2020-11-03,,2460.355,3.0,,,Australia
C215,Unknown,Male,43.0,Hyderabad,,2025-05-28,2460.355,3.0,user214@mail.com,9401632753,Australia
,Unknown,Male,43.0,Ahmedabad,2022-02-19,2025-06-22,2460.355,3.0,user215@mail.com,,USA
217,Pooja,Female,43.0,Pune,2020-08-20,,3742.84,3.0,,,Canada
,Ankit,Female,43.0,Ahmedabad,2023-11-08,,2460.355,3.0,user217@mail.com,9811991281,Australia
C219,Unknown,Female,30.0,Ahmedabad,2021-08-04,2021-01-14,2460.355,2.0,,9917761214,Unknown
220,Amit,Male,65.0,Ahmedabad,,,909.91,3.0,,,Unknown
,Priya,Male,43.0,Ahmedabad,2024-09-13,,2460.355,3.0,,,Canada
222,Ravi,Male,43.0,Mumbai,2021-04-26,,3141.85,3.0,,,Unknown
223,Kiran,Male,43.0,Delhi,,2024-08-11,4163.86,1.0,,,India
,Unknown,Female,18.0,Kolkata,,2024-05-24,4036.77,3.0,,9977208316,Unknown
C225,Ravi,Male,43.0,Bangalore,2025-03-03,2023-12-12,2460.355,3.0,,,UK
226,Amit,Male,43.0,Unknown,,2021-02-16,1994.89,3.0,,,Australia
,Kiran,Female,43.0,Pune,2020-08-09,,2460.355,3.0,,,Canada
C228,Pooja,Male,45.0,Kolkata,2024-10-07,2024-06-14,2460.355,3.0,,9886044184,UK
C229,Simran,Female,43.0,Delhi,2023-01-27,,2460.355,3.0,,,Unknown
,Amit,Female,43.0,Mumbai,,2021-05-15,2460.355,3.0,user229@mail.com,,UK
231,Unknown,Male,50.0,Delhi,,,2460.355,3.0,user230@mail.com,,USA
232,Unknown,Female,43.0,Bangalore,2020-12-28,,2460.355,4.0,,,Australia
233,Neha,Male,31.0,Mumbai,2023-03-28,2023-12-26,2460.355,1.0,,,USA
234,Unknown,Female,43.0,Bangalore,2025-12-28,,2460.355,4.0,user233@mail.com,,Canada
235,Ravi,Male,43.0,Bangalore,,2022-03-05,2460.355,3.0,user234@mail.com,9292915130,Australia
236,Ravi,Female,43.0,Bangalore,,,1413.4,2.0,,,USA
237,Ankit,Male,43.0,Mumbai,2025-06-25,,2460.355,4.0,,,USA
,Unknown,Male,43.0,Unknown,,,1385.67,3.0,,9707836199,Canada
,Unknown,Unknown,43.0,Pune,,,2460.355,3.0,,,India
240,Sneha,Male,64.0,Mumbai,,2024-03-27,2460.355,3.0,,,USA
241,Unknown,Male,43.0,Ahmedabad,,,2460.355,3.0,,,UK
242,Pooja,Male,43.0,Unknown,,2024-02-29,2460.355,5.0,,,UK
243,Neha,Female,43.0,Bangalore,2021-02-02,2025-07-27,4995.66,1.0,,,Unknown
244,Kiran,Male,43.0,Ahmedabad,2022-08-06,,2460.355,3.0,,,Australia
245,Amit,Unknown,43.0,Bangalore,2021-12-13,,2460.355,3.0,,,Canada
C246,Ankit,Female,43.0,Unknown,2023-09-12,2022-12-26,2460.355,3.0,,,Canada
C247,Ankit,Female,43.0,Pune,2022-12-15,,2460.355,3.0,,9167697380,India
C248,Unknown,Male,43.0,Delhi,,2024-03-04,2460.355,3.0,,,India
,Kiran,Female,43.0,Kolkata,,,2460.355,3.0,,,Unknown
250,Rahul,Female,43.0,Mumbai,2021-08-14,,4031.03,3.0,,9822824862,Australia
251,Ravi,Female,58.0,Mumbai,,2024-05-06,2460.355,3.0,,,India
C252,Kiran,Unknown,43.0,Delhi,2024-01-16,,2460.355,3.0,,,USA
,Kiran,Female,43.0,Ahmedabad,2023-05-22,,4376.34,3.0,,9358695410,India
254,Simran,Female,43.0,Unknown,,,3820.96,3.0,,9285061651,USA
255,Ravi,Female,43.0,Mumbai,2023-06-08,2022-02-10,2460.355,3.0,,,Australia
,Pooja,Male,43.0,Unknown,2024-03-15,2021-05-02,712.93,3.0,,,Unknown
,Unknown,Female,43.0,Delhi,,,2460.355,3.0,,9868484957,Unknown
258,Sneha,Female,47.0,Bangalore,,,2460.355,3.0,,,UK
259,Ravi,Female,43.0,Hyderabad,,,2460.355,3.0,,,USA
260,Neha,Male,43.0,Pune,,,2460.355,3.0,user259@mail.com,,UK
261,Sneha,Male,43.0,Unknown,2023-04-10,2022-08-17,2823.08,3.0,,,USA
C262,Neha,Unknown,43.0,Unknown,2021-04-11,,1181.7,3.0,,,Australia
,Priya,Male,43.0,Delhi,,2021-09-23,2531.66,3.0,,,India
,Neha,Female,69.0,Pune,,,2460.355,3.0,,,Canada
265,Ankit,Female,43.0,Ahmedabad,2021-03-05,,2460.355,1.0,user264@mail.com,,UK
266,Neha,Male,43.0,Pune,2022-11-14,,2460.355,3.0,,,USA
267,Ravi,Unknown,43.0,Pune,,,2460.355,3.0,,,Australia
268,Kiran,Male,43.0,Chennai,2025-11-18,,2460.355,3.0,,,India
C269,Unknown,Female,43.0,Delhi,2023-04-04,,2460.355,3.0,,,Canada
270,Unknown,Male,43.0,Pune,,,2460.355,3.0,,,USA
,Sneha,Unknown,43.0,Bangalore,2023-02-27,2022-06-30,2460.355,3.0,,,Unknown
272,Unknown,Male,43.0,Kolkata,2021-10-04,2023-07-16,2460.355,5.0,,,UK
273,Simran,Unknown,20.0,Hyderabad,,2023-11-18,2238.05,3.0,,,India
274,Unknown,Female,43.0,Mumbai,2025-05-27,2021-03-09,2601.0,2.0,user273@mail.com,,Australia
,Neha,Female,43.0,Ahmedabad,2025-02-16,,993.15,2.0,,,India
276,Pooja,Unknown,43.0,Pune,2024-12-21,2025-03-07,2368.71,3.0,,,USA
C277,Rahul,Unknown,37.0,Delhi,2022-01-25,,2460.355,3.0,user276@mail.com,9324807983,UK
C278,Pooja,Male,43.0,Unknown,,,902.19,3.0,,9887534385,India
279,Pooja,Male,43.0,Kolkata,,,2460.355,3.0,,,USA
280,Neha,Male,43.0,Ahmedabad,,,2128.85,5.0,,,Canada
C281,Rahul,Female,43.0,Chennai,2024-11-05,,2460.355,4.0,user280@mail.com,,Canada
C282,Kiran,Female,43.0,Bangalore,,2020-12-25,4500.88,3.0,user281@mail.com,9945824020,UK
283,Unknown,Male,51.0,Pune,2021-11-01,,2460.355,3.0,,,Unknown
C284,Priya,Unknown,43.0,Ahmedabad,,,2460.355,4.0,,,Canada
285,Amit,Unknown,43.0,Delhi,2023-10-13,,2667.21,3.0,,,UK
286,Priya,Female,43.0,Delhi,2025-02-24,,2460.355,3.0,,9741682924,Australia
,Ravi,Male,43.0,Pune,,,2460.355,3.0,,,Australia
,Simran,Unknown,43.0,Pune,,2021-01-14,4204.21,3.0,user287@mail.com,,Australia
C289,Amit,Female,43.0,Pune,2024-07-27,,2460.355,1.0,,9451561433,Unknown
,Simran,Unknown,40.0,Hyderabad,2025-02-23,,2460.355,3.0,user289@mail.com,,Australia
291,Unknown,Male,43.0,Hyderabad,,,4281.27,3.0,,,USA
292,Simran,Female,43.0,Unknown,,,3142.21,3.0,,9569213258,Unknown
,Ankit,Female,43.0,Pune,,2023-04-16,2460.355,2.0,,,India
294,Rahul,Male,43.0,Chennai,2022-12-20,,2460.355,3.0,,,UK
295,Unknown,Male,43.0,Ahmedabad,,,2460.355,3.0,user294@mail.com,,Unknown
,Simran,Unknown,43.0,Delhi,2022-07-11,2025-03-01,2901.09,3.0,,9945374121,UK
297,Sneha,Unknown,26.0,Ahmedabad,,2025-03-06,2460.355,5.0,,,USA
C298,Simran,Male,61.0,Delhi,2024-02-27,2024-05-29,2460.355,3.0,,,USA
C299,Priya,Female,43.0,Pune,2025-07-26,,280.11,4.0,,,USA
,Pooja,Unknown,43.0,Kolkata,2025-12-02,,2460.355,3.0,user299@mail.com,,USA
301,Amit,Male,43.0,Chennai,,,1591.55,5.0,,,Australia
302,Amit,Unknown,41.0,Hyderabad,,,1593.53,3.0,,9533287625,USA
303,Amit,Female,52.0,Kolkata,2024-07-07,,2460.355,3.0,,,USA
304,Ankit,Female,64.0,Chennai,2024-09-13,,2460.355,3.0,,,India
305,Kiran,Male,43.0,Chennai,2025-08-04,,2460.355,3.0,,,Unknown
,Kiran,Female,70.0,Bangalore,2023-11-08,,2460.355,2.0,,,Unknown
307,Ankit,Male,43.0,Chennai,2022-12-26,,2460.355,3.0,user306@mail.com,,UK
308,Amit,Male,43.0,Ahmedabad,,,2460.355,1.0,,,USA
C309,Unknown,Male,43.0,Delhi,,,2403.96,3.0,,,USA
310,Unknown,Male,43.0,Ahmedabad,2023-02-26,,2460.355,3.0,user309@mail.com,,India
C311,Ravi,Male,43.0,Mumbai,,,2460.355,2.0,,,India
,Priya,Male,28.0,Chennai,2021-10-16,2022-04-09,2460.355,3.0,,,Canada
,Neha,Unknown,43.0,Kolkata,,,2460.355,3.0,,9612916888,India
314,Simran,Male,43.0,Mumbai,,,2460.355,3.0,user313@mail.com,,USA
,Priya,Male,43.0,Unknown,,,174.48,3.0,,9234182935,Canada
C316,Sneha,Male,43.0,Chennai,,,2460.355,5.0,,,Canada
317,Kiran,Female,43.0,Chennai,,,1677.55,3.0,,,USA
C318,Ravi,Male,26.0,Mumbai,,2022-04-04,2460.355,3.0,,,Australia
319,Priya,Unknown,43.0,Unknown,,,3555.67,3.0,,9138046997,Unknown
320,Amit,Unknown,43.0,Unknown,2023-04-30,,2460.355,3.0,user319@mail.com,,India
321,Unknown,Male,43.0,Unknown,2023-04-26,,2460.355,2.0,,,India
322,Unknown,Unknown,43.0,Ahmedabad,2022-12-16,2023-11-13,2460.355,3.0,user321@mail.com,,Unknown
,Priya,Unknown,43.0,Chennai,,,2460.355,3.0,user322@mail.com,9723807759,Canada
C324,Neha,Unknown,43.0,Unknown,2022-11-15,2024-12-31,2460.355,3.0,,9270474264,India
,Unknown,Male,43.0,Pune,2020-10-06,2022-10-18,2294.07,3.0,,,Australia
326,Kiran,Female,43.0,Pune,2022-10-11,,2460.355,3.0,,,USA
327,Neha,Male,43.0,Mumbai,,,2460.355,5.0,user326@mail.com,9943649906,USA
328,Unknown,Female,43.0,Bangalore,2022-03-27,,2460.355,3.0,,,India
329,Amit,Male,43.0,Pune,,,2460.355,3.0,,,USA
330,Rahul,Unknown,67.0,Mumbai,,,2460.355,3.0,,,USA
331,Pooja,Female,43.0,Kolkata,,,2460.355,3.0,,,Canada
C332,Ravi,Male,43.0,Bangalore,,,2460.355,1.0,,,UK
,Pooja,Female,43.0,Hyderabad,2025-02-20,,2460.355,3.0,,,India
C334,Ankit,Female,43.0,Bangalore,,,3467.58,2.0,user333@mail.com,9709671208,Unknown
335,Pooja,Female,36.0,Kolkata,,,2460.355,3.0,,,Australia
336,Kiran,Male,43.0,Hyderabad,2021-06-09,,2013.93,2.0,,,Unknown
C337,Ankit,Female,68.0,Chennai,,2020-09-10,2460.355,3.0,user336@mail.com,,Australia
338,Kiran,Unknown,43.0,Mumbai,2023-04-10,,2460.355,3.0,,,Australia
339,Rahul,Female,43.0,Kolkata,,,2460.355,2.0,,,USA
C340,Unknown,Female,43.0,Kolkata,,,2460.355,3.0,user339@mail.com,,USA
341,Pooja,Unknown,43.0,Hyderabad,,,2460.355,3.0,,,Canada
342,Rahul,Female,43.0,Chennai,2021-11-25,,2460.355,3.0,,9799951183,UK
,Ankit,Female,43.0,Hyderabad,,,2460.355,3.0,,,India
344,Sneha,Female,43.0,Hyderabad,,2025-07-11,2460.355,2.0,,,Canada
345,Pooja,Male,43.0,Ahmedabad,,,2460.355,3.0,,,UK
C346,Pooja,Female,43.0,Bangalore,,2025-05-03,2460.355,3.0,user345@mail.com,9368527784,Canada
C347,Unknown,Male,67.0,Bangalore,2023-07-11,2025-05-16,2460.355,3.0,user346@mail.com,,Unknown
348,Amit,Male,43.0,Kolkata,2021-07-13,,2460.355,4.0,,9852108326,Australia
349,Ravi,Unknown,43.0,Chennai,2021-03-15,2024-04-03,2460.355,4.0,,,USA
C350,Ravi,Male,43.0,Bangalore,,,4408.13,3.0,,9483049485,UK
,Sneha,Female,43.0,Delhi,2025-03-02,,2460.355,3.0,,9396252097,Unknown
352,Neha,Male,43.0,Hyderabad,,,2460.355,3.0,,9640972891,UK
C353,Ankit,Unknown,43.0,Bangalore,2026-01-18,,2460.355,3.0,,9983356733,Australia
C354,Ravi,Unknown,43.0,Chennai,,,2460.355,3.0,,,Canada
C355,Unknown,Female,43.0,Pune,,,2209.73,3.0,user354@mail.com,,Canada
C356,Unknown,Male,54.0,Chennai,2023-07-22,,2460.355,3.0,,,India
357,Ankit,Male,43.0,Chennai,2025-10-26,,2460.355,3.0,,9544009651,USA
C358,Pooja,Female,43.0,Bangalore,,2022-09-06,2460.355,3.0,,9531164560,Australia
359,Unknown,Male,43.0,Kolkata,,,2460.355,3.0,,9819682065,USA
,Priya,Unknown,53.0,Unknown,,2023-12-04,2460.355,3.0,,,USA
361,Amit,Female,61.0,Kolkata,,2023-12-08,2460.355,3.0,,,Canada
C362,Unknown,Female,43.0,Hyderabad,2021-07-21,,3515.46,1.0,,9604426628,USA
363,Simran,Male,43.0,Unknown,2022-12-08,,4159.19,3.0,,,Unknown
C364,Neha,Unknown,43.0,Ahmedabad,2021-10-09,,2460.355,3.0,user363@mail.com,9722372323,USA
365,Ravi,Male,43.0,Unknown,2023-12-21,2025-09-02,2460.355,3.0,,,Unknown
C366,Rahul,Male,43.0,Bangalore,2021-11-01,,2390.33,3.0,,,Australia
C367,Rahul,Male,43.0,Bangalore,2023-12-20,,2460.355,3.0,,,USA
C368,Ravi,Unknown,43.0,Chennai,2020-12-10,,2460.355,3.0,,,Canada
369,Unknown,Female,43.0,Hyderabad,,,2460.355,3.0,,9679599583,Unknown
370,Rahul,Female,43.0,Hyderabad,2021-05-30,2023-11-27,2460.355,3.0,,,USA
C371,Ankit,Male,38.0,Kolkata,2025-03-24,,3489.73,3.0,,,India
372,Neha,Male,43.0,Ahmedabad,,2025-10-04,2460.355,3.0,,,India
373,Neha,Unknown,43.0,Hyderabad,2025-05-07,,2460.355,3.0,user372@mail.com,,Canada
,Amit,Male,43.0,Ahmedabad,2021-01-14,2020-10-26,2460.355,3.0,,,Unknown
,Pooja,Female,59.0,Unknown,,2024-10-21,2460.355,2.0,,,Australia
,Simran,Female,43.0,Ahmedabad,,,3757.79,3.0,,,India
C377,Ravi,Male,43.0,Unknown,2024-06-27,,2460.355,3.0,,,Unknown
C378,Kiran,Male,53.0,Bangalore,2023-03-04,2023-09-23,4732.23,1.0,,,Australia
379,Rahul,Female,21.0,Bangalore,2026-01-21,2024-02-01,4552.18,3.0,,,Australia
380,Unknown,Unknown,43.0,Hyderabad,2023-06-22,,2460.355,3.0,user379@mail.com,,Australia
C381,Priya,Female,66.0,Mumbai,2021-10-06,,2460.355,1.0,,,Unknown
,Ankit,Unknown,43.0,Bangalore,,,879.23,1.0,user381@mail.com,,USA
383,Sneha,Male,43.0,Mumbai,,,2460.355,3.0,,,India
384,Priya,Female,50.0,Ahmedabad,2021-07-30,,2460.355,3.0,user383@mail.com,9352299173,UK
385,Kiran,Male,43.0,Ahmedabad,,2024-12-12,2460.355,3.0,,,Australia
C386,Ravi,Female,43.0,Mumbai,2023-04-10,,2460.355,3.0,user385@mail.com,,India
C387,Simran,Unknown,43.0,Delhi,2020-09-26,,2460.355,3.0,,,UK
C388,Unknown,Unknown,43.0,Delhi,2023-06-18,2024-05-08,2460.355,3.0,,,Canada
,Ankit,Unknown,43.0,Hyderabad,,2021-05-01,2450.4,3.0,,9576041210,India
,Ravi,Unknown,43.0,Mumbai,,,2460.355,5.0,,,UK
,Pooja,Male,43.0,Kolkata,,2022-06-07,2137.05,3.0,,,Australia
C392,Unknown,Male,43.0,Delhi,,,2460.355,3.0,,9938137358,Canada
393,Amit,Female,47.0,Chennai,,,2460.355,3.0,user392@mail.com,9932172323,Australia
394,Amit,Male,41.0,Delhi,,,2460.355,3.0,,,UK
395,Amit,Female,43.0,Delhi,,,2460.355,3.0,,,India
396,Neha,Unknown,43.0,Unknown,,,2460.355,3.0,,,USA
C397,Kiran,Unknown,43.0,Pune,,2024-03-27,2460.355,3.0,,,UK
398,Neha,Unknown,43.0,Pune,2021-12-16,2020-08-06,2460.355,3.0,,,Australia
399,Kiran,Unknown,43.0,Bangalore,,2024-05-06,2460.355,3.0,,,Unknown
C400,Sneha,Unknown,43.0,Mumbai,2024-04-28,2022-12-08,2460.355,3.0,,9885972052,Unknown
,Unknown,Male,43.0,Delhi,,,1363.09,3.0,,,Canada
,Unknown,Male,43.0,Kolkata,2025-09-01,2025-04-04,2460.355,3.0,,,Canada
403,Unknown,Female,43.0,Mumbai,2025-11-15,,2460.355,3.0,,,Australia
404,Kiran,Male,43.0,Bangalore,,,4857.36,3.0,,,UK
,Unknown,Female,43.0,Ahmedabad,,,1349.61,3.0,user404@mail.com,9636996305,Australia
C406,Kiran,Female,43.0,Mumbai,,,2460.355,1.0,,9992472126,India
407,Kiran,Male,48.0,Hyderabad,2021-01-14,2024-04-21,2460.355,3.0,,9776477944,Unknown
408,Pooja,Female,43.0,Hyderabad,,2025-12-19,2460.355,3.0,,,UK
,Priya,Unknown,43.0,Kolkata,,,2460.355,3.0,,,Canada
,Simran,Male,69.0,Delhi,2020-12-27,2022-04-06,2460.355,3.0,user409@mail.com,9216644287,Canada
C411,Neha,Male,43.0,Mumbai,,,2460.355,3.0,,,Australia
,Unknown,Male,48.0,Mumbai,2025-10-25,,2862.72,3.0,user411@mail.com,,Canada
413,Pooja,Male,43.0,Delhi,2023-08-04,,4728.52,3.0,user412@mail.com,9471325933,UK
414,Ankit,Female,43.0,Chennai,2025-10-15,,2460.355,3.0,user413@mail.com,9383018930,Canada
415,Priya,Male,36.0,Mumbai,2020-10-27,,227.85,3.0,,,Australia
416,Sneha,Male,43.0,Ahmedabad,2023-12-09,,2460.355,3.0,,9673173207,Unknown
C417,Unknown,Male,59.0,Kolkata,,,546.0,3.0,,,Canada
,Priya,Female,43.0,Pune,2024-10-26,2025-02-19,2460.355,3.0,user417@mail.com,,Unknown
C419,Kiran,Female,43.0,Pune,2021-01-01,,2460.355,3.0,,,Unknown
,Ankit,Male,43.0,Bangalore,2025-04-15,,3002.44,3.0,,,India
,Rahul,Female,43.0,Ahmedabad,,,2460.355,3.0,,,USA
C422,Ravi,Male,43.0,Chennai,,,2460.355,3.0,,,Unknown
C423,Pooja,Unknown,43.0,Kolkata,,,2460.355,3.0,,,UK
424,Kiran,Female,43.0,Unknown,,,1215.44,3.0,,,Unknown
C425,Kiran,Male,43.0,Pune,,2023-08-03,181.6,3.0,,,Canada
426,Simran,Male,43.0,Chennai,2022-10-15,2021-06-08,2460.355,2.0,user425@mail.com,9186474131,India
427,Rahul,Male,43.0,Mumbai,,2022-03-01,2460.355,3.0,,,USA
428,Sneha,Female,43.0,Pune,2025-09-13,2021-12-25,2460.355,3.0,,9343721344,USA
429,Rahul,Unknown,43.0,Chennai,2022-08-14,2026-01-01,2019.54,3.0,user428@mail.com,9479080007,India
430,Ravi,Female,43.0,Delhi,,2025-06-21,2460.355,3.0,user429@mail.com,,Australia
C431,Ankit,Unknown,43.0,Ahmedabad,2023-12-27,,2460.355,3.0,user430@mail.com,,USA
432,Amit,Female,43.0,Chennai,,,2460.355,1.0,,,Canada
C433,Pooja,Female,43.0,Unknown,2025-07-20,2023-03-25,1280.89,3.0,,,India
,Amit,Unknown,43.0,Bangalore,,,2460.355,3.0,,,USA
C435,Neha,Female,43.0,Hyderabad,,,2460.355,4.0,,,Australia
436,Pooja,Male,43.0,Mumbai,2025-06-22,,2460.355,3.0,,9619045353,Australia
437,Pooja,Female,62.0,Mumbai,2022-01-22,,2460.355,3.0,user436@mail.com,,Australia
438,Unknown,Female,43.0,Hyderabad,2023-06-20,,2460.355,3.0,user437@mail.com,,UK
,Ravi,Male,39.0,Mumbai,2022-08-22,,2460.355,3.0,,9712444715,Unknown
440,Sneha,Unknown,43.0,Mumbai,,2020-10-13,2128.29,3.0,,,UK
441,Sneha,Unknown,43.0,Pune,2024-11-06,,2460.355,3.0,,,India
442,Kiran,Female,43.0,Ahmedabad,,,2460.355,3.0,user441@mail.com,,USA
443,Pooja,Male,43.0,Bangalore,,,3446.62,3.0,,,Canada
C444,Rahul,Unknown,35.0,Bangalore,2025-01-13,,2460.355,3.0,,9118384133,India
445,Sneha,Female,43.0,Hyderabad,2025-10-29,,2701.25,3.0,,9505134338,UK
446,Neha,Female,43.0,Kolkata,2021-04-09,,2460.355,3.0,,,USA
447,Unknown,Unknown,43.0,Chennai,,2020-11-27,1791.03,3.0,,,Canada
C448,Unknown,Male,43.0,Pune,,2025-12-08,2460.355,3.0,,,USA
449,Amit,Female,43.0,Ahmedabad,2024-06-23,,2214.97,3.0,,,Australia
,Rahul,Female,43.0,Unknown,2020-11-28,2023-08-06,2460.355,3.0,,,Unknown
C451,Priya,Female,43.0,Ahmedabad,,2021-03-20,2460.355,3.0,user450@mail.com,,Canada
452,Amit,Female,43.0,Hyderabad,2024-09-22,,2460.355,1.0,,,Australia
453,Neha,Unknown,43.0,Kolkata,2020-09-21,,2460.355,3.0,,,Unknown
454,Unknown,Male,50.0,Ahmedabad,2022-11-16,,2460.355,3.0,,,Australia
455,Priya,Male,43.0,Ahmedabad,2022-10-08,,2460.355,3.0,,,UK
,Ravi,Unknown,68.0,Unknown,,,2460.355,3.0,user455@mail.com,9304863787,Canada
457,Pooja,Unknown,43.0,Chennai,,2021-11-08,2460.355,3.0,,9982243436,Canada
C458,Amit,Male,37.0,Kolkata,,,2460.355,3.0,,,Unknown
C459,Unknown,Female,43.0,Mumbai,,,389.02,3.0,,,Unknown
,Ankit,Male,43.0,Ahmedabad,2023-07-17,,2460.355,3.0,user459@mail.com,,Canada
461,Amit,Unknown,43.0,Mumbai,2021-10-14,,2460.355,3.0,,,USA
,Priya,Male,43.0,Ahmedabad,2022-01-03,,2658.11,3.0,,,Unknown
,Amit,Female,19.0,Bangalore,2022-09-28,2023-12-15,2460.355,3.0,,,USA
,Unknown,Unknown,43.0,Chennai,,,2460.355,3.0,user463@mail.com,,Australia
C465,Kiran,Male,43.0,Chennai,2021-03-01,,4279.31,3.0,,,UK
466,Neha,Male,43.0,Chennai,2024-09-17,,2460.355,3.0,user465@mail.com,9275967195,Australia
,Ravi,Female,36.0,Bangalore,2024-03-18,,2460.355,2.0,,9165967242,USA
C468,Rahul,Male,43.0,Ahmedabad,,,2460.355,3.0,user467@mail.com,,UK
,Simran,Male,43.0,Ahmedabad,2021-07-20,2023-03-17,2957.5,3.0,,,Canada
C470,Neha,Male,43.0,Mumbai,,,2460.355,5.0,,,India
471,Unknown,Male,43.0,Bangalore,,2021-09-19,3175.84,3.0,,9730130968,India
472,Ravi,Male,43.0,Bangalore,,,2460.355,3.0,user471@mail.com,,UK
473,Unknown,Female,43.0,Unknown,,,2460.355,3.0,user472@mail.com,,Australia
C474,Rahul,Male,43.0,Unknown,,,2460.355,3.0,,9423224426,USA
475,Pooja,Female,43.0,Delhi,2022-01-03,,2460.355,5.0,,,Australia
C476,Kiran,Unknown,43.0,Mumbai,2023-05-18,,2460.355,3.0,,9383561333,India
,Sneha,Female,43.0,Unknown,,,2460.355,3.0,,,USA
,Unknown,Unknown,67.0,Ahmedabad,,,4296.84,3.0,,9330212564,Canada
479,Unknown,Female,48.0,Bangalore,,,2460.355,3.0,,9546108254,UK
480,Priya,Unknown,43.0,Delhi,,2024-01-20,2460.355,2.0,,9467334474,Canada
C481,Ravi,Unknown,43.0,Mumbai,2024-11-04,,2460.355,3.0,,,Unknown
482,Priya,Male,43.0,Ahmedabad,2023-07-06,,4515.57,3.0,,,USA
C483,Priya,Male,43.0,Ahmedabad,2021-05-13,,2460.355,3.0,user482@mail.com,,USA
484,Unknown,Male,43.0,Unknown,2023-02-12,,4836.39,3.0,,9372142190,Australia
,Kiran,Unknown,43.0,Pune,2024-09-17,,2460.355,3.0,,,Unknown
C486,Neha,Female,43.0,Pune,,,2460.355,3.0,user485@mail.com,,India
487,Kiran,Male,39.0,Ahmedabad,,,1368.19,3.0,,,India
488,Unknown,Female,59.0,Bangalore,,,2460.355,2.0,,,Australia
489,Unknown,Female,18.0,Bangalore,,,3922.33,1.0,,,India
490,Priya,Female,43.0,Unknown,2023-11-25,2021-10-25,1342.37,4.0,user489@mail.com,9350200392,USA
,Ravi,Unknown,30.0,Kolkata,,,2460.355,3.0,,,UK
492,Priya,Unknown,43.0,Delhi,,2023-10-21,2104.5,3.0,user491@mail.com,,Australia
C493,Simran,Female,43.0,Unknown,,,4335.51,3.0,,,India
494,Rahul,Male,69.0,Mumbai,2022-02-06,2024-12-22,3462.2,2.0,,,Unknown
,Pooja,Unknown,43.0,Unknown,2022-07-31,,2460.355,3.0,,,UK
496,Neha,Female,43.0,Unknown,2023-04-05,2023-12-20,4364.12,3.0,,,Canada
,Ravi,Male,25.0,Bangalore,2022-02-01,,4359.7,3.0,user496@mail.com,,UK
498,Rahul,Male,43.0,Kolkata,,,4592.8,3.0,user497@mail.com,9266611575,Canada
,Amit,Male,70.0,Chennai,2022-12-14,2025-02-25,2460.355,3.0,user498@mail.com,,India
500,Sneha,Male,43.0,Chennai,2024-12-27,2021-08-01,2460.355,3.0,,,UK
,Simran,Unknown,43.0,Ahmedabad,2024-02-04,,2460.355,3.0,,9115612901,Australia
C502,Kiran,Male,43.0,Kolkata,2021-09-28,,2460.355,3.0,,,India
503,Simran,Female,43.0,Mumbai,2024-12-02,2025-12-23,2460.355,3.0,,,USA
C504,Unknown,Male,43.0,Unknown,,2021-01-30,2350.28,3.0,,,India
505,Pooja,Male,43.0,Kolkata,2023-10-05,,2460.355,3.0,user504@mail.com,,Canada
506,Kiran,Male,50.0,Ahmedabad,2025-06-16,,2460.355,3.0,,,Unknown
507,Sneha,Female,43.0,Pune,2022-03-16,2022-08-25,2460.355,3.0,,,UK
,Neha,Female,43.0,Mumbai,2025-01-14,,2460.355,3.0,user507@mail.com,,USA
509,Ravi,Female,43.0,Unknown,,,2460.355,3.0,,,India
C510,Ravi,Unknown,43.0,Unknown,2020-09-06,,2460.355,3.0,,,Unknown
511,Kiran,Female,43.0,Hyderabad,2020-08-14,,2830.18,3.0,,,USA
C512,Ankit,Female,43.0,Pune,,,2460.355,3.0,,,Canada
513,Ravi,Female,43.0,Delhi,,2024-07-22,2460.355,3.0,,9653719310,Unknown
514,Amit,Unknown,19.0,Ahmedabad,2024-01-20,2024-09-04,3961.91,4.0,,9187979680,Canada
515,Sneha,Unknown,43.0,Pune,2022-05-23,,2460.355,5.0,user514@mail.com,9525854272,Unknown
C516,Simran,Female,43.0,Pune,,2025-09-01,2460.355,3.0,,,Canada
C517,Pooja,Male,53.0,Hyderabad,,,2460.355,3.0,,,Unknown
518,Simran,Male,43.0,Chennai,2025-09-18,2020-11-29,1132.29,3.0,,,UK
519,Rahul,Unknown,41.0,Pune,,2025-10-23,2460.355,3.0,,,USA
C520,Kiran,Male,43.0,Hyderabad,,,1231.52,3.0,,,Canada
C521,Priya,Female,43.0,Ahmedabad,,,2460.355,3.0,,,Canada
522,Sneha,Unknown,43.0,Chennai,,2021-11-15,2460.355,3.0,,9231352830,India
523,Ankit,Male,43.0,Chennai,,,2460.355,3.0,,,Canada
C524,Unknown,Male,43.0,Pune,2023-01-17,,2460.355,2.0,,,UK
C525,Neha,Unknown,43.0,Unknown,,,2460.355,3.0,,,UK
C526,Neha,Unknown,49.0,Bangalore,,2021-06-22,2460.355,5.0,user525@mail.com,,Unknown
527,Kiran,Female,43.0,Chennai,2021-10-06,,401.06,3.0,user526@mail.com,9523534976,USA
,Neha,Male,63.0,Hyderabad,,2020-12-14,2460.355,5.0,,,Canada
529,Amit,Unknown,43.0,Chennai,,,2460.355,3.0,,,Unknown
530,Ravi,Unknown,43.0,Pune,,,2150.99,4.0,,9751971877,USA
C531,Pooja,Unknown,43.0,Pune,,,2460.355,3.0,,9549743856,Australia
532,Neha,Male,43.0,Mumbai,2025-11-03,2021-06-18,2460.355,3.0,,,UK
C533,Priya,Female,43.0,Unknown,,,4362.63,3.0,,,USA
534,Ankit,Male,43.0,Unknown,2022-05-18,2023-03-07,2460.355,3.0,,,USA
,Kiran,Male,43.0,Pune,2021-09-02,,2460.355,3.0,,,India
C536,Unknown,Unknown,43.0,Mumbai,,,2460.355,3.0,user535@mail.com,,Canada
C537,Ravi,Unknown,18.0,Hyderabad,,,204.48,3.0,user536@mail.com,,Unknown
,Neha,Male,44.0,Chennai,2024-05-28,,1415.09,3.0,,9336007577,Australia
C539,Neha,Unknown,67.0,Ahmedabad,,,2460.355,3.0,,9142310025,Canada
540,Rahul,Female,56.0,Mumbai,,,2460.355,3.0,,,UK
541,Unknown,Female,40.0,Kolkata,,2023-11-16,842.95,3.0,,,Canada
542,Kiran,Male,43.0,Bangalore,,,2460.355,1.0,user541@mail.com,,Australia
,Ravi,Unknown,43.0,Hyderabad,,,2460.355,3.0,,9393469192,USA
544,Simran,Female,43.0,Kolkata,2024-11-25,2022-02-15,2460.355,3.0,,,India
545,Rahul,Male,22.0,Delhi,2023-07-15,,2460.355,3.0,,9970531318,USA
546,Ankit,Female,41.0,Chennai,2024-03-17,,3200.43,3.0,,,Canada
547,Neha,Unknown,43.0,Bangalore,,,2460.355,3.0,user546@mail.com,,Canada
C548,Neha,Male,58.0,Hyderabad,,,2460.355,3.0,,,UK
,Kiran,Female,43.0,Delhi,2021-02-14,2024-03-24,2460.355,3.0,,9238601450,USA
,Simran,Unknown,43.0,Mumbai,2023-10-15,,1752.13,3.0,,,USA
C551,Kiran,Unknown,43.0,Pune,2020-11-14,,2449.97,3.0,,,Australia
552,Neha,Male,43.0,Kolkata,2022-09-13,2025-11-08,2460.355,3.0,,,Australia
553,Unknown,Female,43.0,Bangalore,,,2460.355,3.0,,,USA
554,Unknown,Male,44.0,Delhi,,2022-12-03,2460.355,5.0,,,UK
555,Amit,Unknown,43.0,Pune,,,2460.355,3.0,,9464381810,USA
556,Simran,Unknown,43.0,Unknown,2022-01-07,,2460.355,3.0,user555@mail.com,,USA
557,Priya,Male,43.0,Bangalore,,,2460.355,3.0,,,UK
558,Simran,Male,43.0,Hyderabad,2022-06-07,,631.05,4.0,,,India
559,Unknown,Unknown,43.0,Delhi,2022-03-29,2020-08-10,2460.355,1.0,,,Australia
,Ankit,Unknown,43.0,Unknown,,,2460.355,3.0,,,Australia
561,Ankit,Male,43.0,Hyderabad,2022-01-22,,2460.355,3.0,,,Canada
562,Amit,Male,59.0,Ahmedabad,,,1400.49,3.0,,9228515441,India
563,Sneha,Female,43.0,Delhi,,,2460.355,3.0,,,India
564,Pooja,Male,56.0,Mumbai,2023-10-22,,2460.355,3.0,,,India
C565,Unknown,Female,60.0,Bangalore,,,4274.2,3.0,,,Australia
,Amit,Female,34.0,Bangalore,,2024-04-06,2460.355,3.0,user565@mail.com,9893648062,Unknown
567,Unknown,Unknown,24.0,Hyderabad,2022-04-09,,1344.15,3.0,,,UK
,Unknown,Male,43.0,Bangalore,,,2460.355,3.0,,,USA
,Amit,Male,43.0,Kolkata,,,2460.355,5.0,,,Australia
570,Priya,Male,43.0,Pune,2020-10-04,,2460.355,3.0,,,Australia
,Kiran,Female,35.0,Kolkata,,,2460.355,3.0,,,India
572,Ankit,Unknown,43.0,Ahmedabad,2022-12-13,,2427.04,3.0,,9172362484,Canada
573,Priya,Female,43.0,Kolkata,2021-01-22,,2460.355,3.0,,,Canada
574,Sneha,Female,43.0,Kolkata,,,2460.355,3.0,user573@mail.com,,Australia
575,Kiran,Female,62.0,Delhi,2022-08-28,,146.24,3.0,,,India
576,Ravi,Female,43.0,Kolkata,,,2460.355,1.0,user575@mail.com,,Canada
577,Ankit,Male,52.0,Kolkata,,,2460.355,4.0,,,Unknown
578,Priya,Female,45.0,Unknown,,,2460.355,3.0,,,USA
,Amit,Male,58.0,Pune,2024-11-20,,2460.355,5.0,,,UK
,Ankit,Male,43.0,Hyderabad,2025-11-15,,2460.355,3.0,user579@mail.com,,Unknown
,Ankit,Male,43.0,Kolkata,2021-03-11,2022-12-31,2460.355,3.0,user580@mail.com,9376435221,Canada
582,Ravi,Female,70.0,Mumbai,,,2460.355,3.0,,,USA
583,Ankit,Unknown,43.0,Unknown,2023-05-02,,2460.355,4.0,,,Unknown
584,Kiran,Male,43.0,Kolkata,,,372.69,3.0,user583@mail.com,,Canada
C585,Neha,Unknown,43.0,Mumbai,,,2983.0,3.0,,,Canada
,Amit,Unknown,43.0,Delhi,,,2460.355,3.0,,,Canada
C587,Amit,Female,43.0,Mumbai,2021-06-15,2025-04-08,2460.355,2.0,user586@mail.com,9676443924,Canada
588,Sneha,Male,43.0,Chennai,,,2460.355,3.0,,9501194800,India
,Simran,Male,43.0,Chennai,,,2460.355,3.0,,,Canada
C590,Rahul,Male,43.0,Unknown,2023-07-07,2025-11-04,2460.355,3.0,,,Unknown
,Neha,Male,43.0,Bangalore,,,2460.355,3.0,,,Australia
,Amit,Female,43.0,Bangalore,,,2460.355,3.0,,,Unknown
593,Sneha,Female,45.0,Pune,,,1406.23,3.0,,9358505055,India
594,Sneha,Unknown,43.0,Unknown,2024-03-29,,2460.355,3.0,,,USA
C595,Unknown,Unknown,43.0,Mumbai,2021-07-08,2023-11-17,2460.355,3.0,,,USA
596,Simran,Female,20.0,Unknown,2024-09-09,,2556.72,3.0,user595@mail.com,9364887378,USA
597,Sneha,Male,25.0,Pune,2021-03-26,,2460.355,4.0,user596@mail.com,,Unknown
C598,Sneha,Unknown,43.0,Unknown,2025-12-18,2025-12-19,2460.355,3.0,,,Unknown
,Ankit,Female,43.0,Unknown,,2023-03-05,2460.355,3.0,,,USA
600,Ravi,Female,56.0,Chennai,,,2460.355,3.0,,,India
C601,Simran,Unknown,55.0,Delhi,2024-10-02,,2460.355,3.0,,,Unknown
602,Ravi,Unknown,68.0,Hyderabad,2022-11-30,,2460.355,3.0,,,Unknown
,Priya,Unknown,43.0,Pune,2021-01-25,,2460.355,3.0,,,India
,Ankit,Unknown,43.0,Unknown,2023-06-17,,2460.355,3.0,user603@mail.com,,India
605,Unknown,Female,43.0,Kolkata,2021-12-27,,2460.355,3.0,,9667965828,Canada
,Sneha,Male,43.0,Pune,,2024-04-24,2460.355,3.0,,,USA
C607,Amit,Male,43.0,Mumbai,2023-02-26,2021-05-18,2460.355,3.0,,,India
,Kiran,Male,43.0,Chennai,,,2460.355,3.0,,,UK
,Priya,Male,43.0,Mumbai,,,2460.355,3.0,user608@mail.com,,Australia
610,Unknown,Female,43.0,Bangalore,,,3188.92,1.0,,9808149465,USA
611,Amit,Female,43.0,Hyderabad,,2023-07-09,2460.355,3.0,,,UK
C612,Priya,Female,22.0,Hyderabad,2023-03-19,,2460.355,3.0,user611@mail.com,,India
613,Unknown,Unknown,24.0,Delhi,,2021-09-01,369.13,1.0,,,USA
614,Unknown,Female,43.0,Unknown,2022-12-04,,2460.355,3.0,,9670728906,Canada
615,Ravi,Unknown,43.0,Hyderabad,2022-07-11,2024-01-02,2460.355,3.0,,,Canada
616,Sneha,Female,43.0,Bangalore,2021-04-19,2025-08-02,2460.355,3.0,,,UK
617,Unknown,Male,43.0,Bangalore,2021-06-12,,2783.92,3.0,user616@mail.com,,India
618,Unknown,Female,42.0,Kolkata,,2026-01-21,2184.99,2.0,,,Australia
,Amit,Unknown,43.0,Ahmedabad,,,2460.355,3.0,,,UK
,Rahul,Unknown,43.0,Bangalore,2022-02-02,2021-07-19,4345.4,2.0,,9152699413,UK
621,Sneha,Male,43.0,Kolkata,2025-12-01,,2460.355,3.0,,,UK
622,Unknown,Male,63.0,Mumbai,2025-11-05,,2460.355,3.0,,,Canada
,Neha,Female,43.0,Chennai,,2023-09-30,2460.355,5.0,,9532732502,Canada
624,Unknown,Male,43.0,Ahmedabad,2020-08-31,2023-09-01,2460.355,3.0,user623@mail.com,9944457701,UK
,Pooja,Male,43.0,Mumbai,,,2663.0,3.0,,,USA
626,Ravi,Unknown,60.0,Mumbai,2021-05-19,2022-04-16,2460.355,3.0,,,USA
C627,Unknown,Male,51.0,Pune,2025-05-24,,510.14,3.0,user626@mail.com,,Canada
,Ankit,Female,43.0,Ahmedabad,,,2460.355,3.0,,,Australia
C629,Neha,Unknown,43.0,Chennai,,,2460.355,3.0,,,Canada
C630,Simran,Unknown,43.0,Unknown,,,1910.45,3.0,,,Canada
C631,Unknown,Male,43.0,Delhi,,,2460.355,3.0,,9403556129,UK
632,Sneha,Unknown,43.0,Delhi,,,1933.13,3.0,user631@mail.com,,Canada
,Sneha,Male,43.0,Hyderabad,2025-08-19,,2460.355,3.0,,9868077386,Canada
634,Priya,Female,43.0,Hyderabad,,,2460.355,3.0,user633@mail.com,,India
C635,Pooja,Unknown,35.0,Kolkata,2020-09-26,,2460.355,3.0,,,Unknown
,Ravi,Unknown,43.0,Unknown,2023-09-09,,2460.355,3.0,,,UK
637,Rahul,Female,43.0,Ahmedabad,2025-11-26,,4299.83,3.0,,,India
638,Kiran,Female,43.0,Pune,,,2460.355,3.0,,,UK
639,Amit,Female,43.0,Bangalore,,2024-03-12,2460.355,3.0,user638@mail.com,,UK
,Simran,Male,70.0,Delhi,2021-12-01,2025-05-21,2460.355,3.0,,9318563054,UK
C641,Amit,Male,70.0,Pune,2025-05-24,,2460.355,5.0,,,Australia
642,Ankit,Male,43.0,Hyderabad,2025-09-03,,2460.355,3.0,,,India
C643,Priya,Female,43.0,Unknown,2026-01-04,,2460.355,5.0,,,USA
644,Pooja,Unknown,43.0,Delhi,2026-01-01,,2460.355,2.0,,,Canada
645,Priya,Male,43.0,Kolkata,,2023-02-04,1432.35,3.0,,,UK
646,Unknown,Unknown,58.0,Chennai,2025-05-16,,1027.06,1.0,,,India
647,Ravi,Female,30.0,Bangalore,,,2460.355,4.0,,,USA
648,Ankit,Male,43.0,Ahmedabad,,,2460.355,3.0,,9647784936,Australia
C649,Rahul,Female,43.0,Hyderabad,2021-10-09,,1599.37,4.0,,,Unknown
C650,Unknown,Male,43.0,Delhi,,,4126.35,4.0,,,Unknown
651,Sneha,Female,43.0,Ahmedabad,2020-09-08,2025-09-24,2753.38,4.0,user650@mail.com,9343931925,USA
,Kiran,Female,43.0,Ahmedabad,2021-05-21,2022-08-27,2460.355,3.0,,,Unknown
653,Amit,Unknown,31.0,Unknown,2022-11-03,2024-03-11,2460.355,3.0,,,Australia
654,Amit,Unknown,38.0,Mumbai,2023-04-13,,1036.56,2.0,,,USA
C655,Ankit,Male,43.0,Ahmedabad,2025-01-30,,3255.43,3.0,,9835776320,Canada
656,Neha,Male,43.0,Delhi,,2025-01-15,2460.355,3.0,,,Unknown
657,Ravi,Female,43.0,Chennai,2024-06-25,2020-10-27,3197.03,3.0,,,Australia
658,Ravi,Female,43.0,Ahmedabad,,,2460.355,2.0,user657@mail.com,,India
659,Sneha,Female,43.0,Mumbai,,,2460.355,3.0,,,India
660,Rahul,Female,43.0,Bangalore,,,913.62,3.0,,,UK
661,Ankit,Female,43.0,Hyderabad,,,1700.05,3.0,,,India
662,Sneha,Unknown,50.0,Bangalore,,,2460.355,3.0,,9543501253,USA
C663,Priya,Female,43.0,Unknown,,,2460.355,3.0,,,India
664,Simran,Female,43.0,Delhi,,,2460.355,3.0,,,India
665,Rahul,Unknown,43.0,Chennai,2022-08-22,2025-12-23,490.65,3.0,,,Canada
666,Sneha,Male,43.0,Chennai,2022-06-06,2025-08-01,2460.355,3.0,user665@mail.com,,UK
667,Unknown,Unknown,50.0,Unknown,2021-06-26,,2460.355,3.0,,,Canada
668,Priya,Female,43.0,Delhi,2022-06-18,2024-08-11,2460.355,1.0,user667@mail.com,9747357213,Canada
C669,Sneha,Female,43.0,Ahmedabad,,,2460.355,3.0,,,Australia
670,Neha,Female,43.0,Delhi,2023-12-10,2022-03-01,2460.355,3.0,,,Australia
C671,Unknown,Female,35.0,Mumbai,2020-09-27,,2460.355,5.0,,,Australia
672,Unknown,Unknown,43.0,Bangalore,2025-04-25,,3794.24,3.0,,,UK
C673,Simran,Female,43.0,Hyderabad,2022-06-14,,2460.355,3.0,user672@mail.com,,UK
,Rahul,Female,43.0,Delhi,2022-07-07,,2460.355,2.0,user673@mail.com,,USA
675,Unknown,Male,59.0,Hyderabad,2022-07-01,2020-11-15,2460.355,3.0,,,India
C676,Unknown,Unknown,43.0,Pune,2024-05-20,2025-04-22,4182.28,4.0,,9397668007,Unknown
C677,Rahul,Female,43.0,Hyderabad,2020-09-06,,2460.355,2.0,,,Australia
C678,Priya,Unknown,43.0,Pune,,,2460.355,3.0,,,USA
C679,Ankit,Female,43.0,Bangalore,2022-06-24,,4102.89,3.0,,,Australia
C680,Kiran,Unknown,43.0,Mumbai,,,2460.355,3.0,user679@mail.com,,UK
681,Amit,Male,43.0,Ahmedabad,2024-01-07,,2460.355,3.0,user680@mail.com,9356632751,UK
682,Kiran,Unknown,32.0,Delhi,,2023-11-13,774.75,3.0,,,Australia
683,Unknown,Male,43.0,Kolkata,,2021-05-07,2233.66,3.0,user682@mail.com,,India
,Neha,Female,43.0,Ahmedabad,2021-09-19,,2460.355,3.0,,,Unknown
685,Kiran,Male,43.0,Chennai,,,1996.66,5.0,,,USA
686,Ravi,Unknown,43.0,Chennai,2021-12-31,2023-01-16,2460.355,1.0,,,UK
C687,Unknown,Male,43.0,Kolkata,,,2460.355,3.0,,,India
688,Simran,Male,43.0,Unknown,,2022-10-24,4858.52,3.0,,,Unknown
,Priya,Female,43.0,Mumbai,2020-12-24,2021-06-13,2460.355,3.0,,,Australia
690,Pooja,Female,56.0,Unknown,2025-02-25,,2037.82,2.0,user689@mail.com,9891981069,UK
C691,Sneha,Male,43.0,Kolkata,,,350.55,3.0,,,UK
,Unknown,Male,23.0,Chennai,,2021-07-17,2460.355,3.0,,,Canada
C693,Unknown,Male,43.0,Unknown,,,2460.355,3.0,,,UK
,Rahul,Male,20.0,Delhi,,2025-06-10,2460.355,3.0,user693@mail.com,,Australia
695,Neha,Male,29.0,Chennai,,2026-01-22,2460.355,3.0,,,UK
C696,Kiran,Male,43.0,Delhi,,,2460.355,3.0,user695@mail.com,,Unknown
697,Priya,Unknown,43.0,Mumbai,,,3505.21,1.0,,9897124973,Canada
698,Priya,Female,43.0,Pune,2024-12-20,2022-02-09,2460.355,3.0,,9428124573,Australia
699,Amit,Male,43.0,Ahmedabad,,2025-05-31,4668.18,3.0,,,Unknown
700,Kiran,Unknown,43.0,Hyderabad,2023-09-15,,2460.355,3.0,,9824995880,Canada
701,Pooja,Female,43.0,Bangalore,,,2460.355,3.0,user700@mail.com,,USA
C702,Neha,Female,43.0,Mumbai,,,2460.355,4.0,,,USA
703,Priya,Unknown,43.0,Ahmedabad,2023-02-18,2020-11-18,2460.355,3.0,,,UK
,Ankit,Male,43.0,Pune,,2022-07-23,2460.355,3.0,user703@mail.com,,Australia
705,Unknown,Female,43.0,Pune,2024-11-03,2023-08-19,2460.355,3.0,,,Canada
,Ravi,Female,61.0,Ahmedabad,2025-01-18,,2460.355,3.0,,9883992100,Australia
C707,Rahul,Male,43.0,Delhi,2025-05-13,,2852.25,3.0,,,USA
708,Neha,Male,43.0,Ahmedabad,,2023-01-25,2460.355,3.0,,9558062300,Unknown
709,Simran,Male,43.0,Hyderabad,2021-07-17,2023-05-08,3852.8,3.0,,,USA
C710,Simran,Male,36.0,Ahmedabad,,2025-12-31,4102.93,3.0,,,India
C711,Priya,Female,27.0,Chennai,2022-01-04,2021-08-01,2460.355,3.0,user710@mail.com,,UK
C712,Amit,Unknown,43.0,Unknown,2022-06-28,,2460.355,5.0,user711@mail.com,,Australia
C713,Priya,Female,43.0,Delhi,2022-07-10,2026-01-25,2460.355,3.0,,,Canada
,Amit,Female,43.0,Chennai,,,2177.88,3.0,user713@mail.com,,UK
715,Unknown,Female,44.0,Bangalore,2021-08-14,2025-06-04,2460.355,1.0,,9411811442,Canada
716,Unknown,Male,70.0,Pune,2020-08-07,,2460.355,3.0,,,Unknown
,Rahul,Unknown,43.0,Unknown,2023-10-22,,2460.355,3.0,,,Australia
C718,Kiran,Female,43.0,Delhi,2023-09-02,,2460.355,3.0,,,UK
719,Unknown,Female,43.0,Ahmedabad,,2021-06-02,2460.355,3.0,,,India
720,Neha,Unknown,43.0,Kolkata,,,570.74,3.0,,,Unknown
721,Rahul,Female,43.0,Mumbai,2025-09-05,,2460.355,3.0,,,USA
,Neha,Female,43.0,Bangalore,2021-09-09,2024-02-10,2460.355,3.0,user721@mail.com,,Unknown
C723,Amit,Male,43.0,Mumbai,,,2460.355,3.0,,,Australia
C724,Priya,Male,20.0,Delhi,,2025-02-28,2460.355,1.0,,9761636752,Canada
,Sneha,Female,43.0,Mumbai,,2021-01-27,2010.35,3.0,,,UK
C726,Ravi,Female,43.0,Pune,,,2460.355,3.0,user725@mail.com,,USA
727,Kiran,Male,43.0,Chennai,,2021-05-20,2460.355,3.0,user726@mail.com,9158982777,Australia
C728,Sneha,Female,43.0,Delhi,,,2460.355,4.0,,,Australia
729,Unknown,Unknown,43.0,Hyderabad,2022-03-27,,2460.355,3.0,,,USA
730,Pooja,Unknown,21.0,Chennai,2024-06-30,2025-06-18,2460.355,3.0,,9270698542,UK
,Ravi,Unknown,43.0,Hyderabad,2025-05-03,,2072.13,3.0,,,Canada
732,Priya,Female,48.0,Mumbai,2022-02-12,2022-07-27,2460.355,3.0,,9243289248,Australia
,Kiran,Male,48.0,Kolkata,,,2460.355,3.0,,,Canada
C734,Sneha,Male,58.0,Unknown,2020-10-26,2021-11-24,2460.355,3.0,,,Australia
735,Pooja,Unknown,43.0,Pune,,,2460.355,3.0,user734@mail.com,,Unknown
736,Amit,Unknown,39.0,Unknown,2025-08-23,,2460.355,1.0,,,India
C737,Sneha,Female,43.0,Bangalore,,,2460.355,3.0,user736@mail.com,,UK
C738,Sneha,Female,43.0,Unknown,2021-03-28,,2460.355,3.0,user737@mail.com,,Australia
739,Unknown,Unknown,43.0,Hyderabad,,,2460.355,3.0,,,UK
740,Simran,Female,43.0,Hyderabad,2021-04-17,2023-02-18,2460.355,3.0,,,UK
741,Rahul,Female,43.0,Chennai,2023-03-07,,2460.355,3.0,,,Unknown
742,Unknown,Female,43.0,Chennai,,,2460.355,3.0,,,India
C743,Ankit,Unknown,43.0,Chennai,,,2460.355,3.0,,,Australia
C744,Neha,Unknown,43.0,Chennai,,,2460.355,5.0,user743@mail.com,9873737596,India
,Unknown,Female,43.0,Delhi,,,118.72,3.0,,,UK
746,Pooja,Female,60.0,Unknown,2021-06-21,2025-06-14,2460.355,3.0,,,UK
747,Unknown,Unknown,43.0,Chennai,2021-11-18,,2460.355,3.0,user746@mail.com,,Unknown
748,Unknown,Male,43.0,Pune,2023-01-07,2025-04-04,2460.355,3.0,,9874085194,India
749,Amit,Female,43.0,Kolkata,,,2460.355,3.0,,9309126387,UK
750,Ankit,Unknown,33.0,Bangalore,,2024-08-02,2460.355,3.0,,,India
,Unknown,Male,43.0,Ahmedabad,,,2460.355,3.0,,,Canada
752,Ankit,Female,43.0,Kolkata,,,2460.355,3.0,,,India
,Rahul,Female,60.0,Delhi,2025-07-18,2025-12-28,2460.355,3.0,,,UK
,Unknown,Male,43.0,Kolkata,2020-09-12,,2460.355,3.0,,,Canada
755,Pooja,Female,43.0,Kolkata,,2020-11-03,2460.355,3.0,,,Australia
756,Neha,Male,43.0,Ahmedabad,,,984.83,5.0,user755@mail.com,9569019587,Canada
,Unknown,Female,43.0,Pune,,2024-04-05,2460.355,3.0,user756@mail.com,,UK
758,Unknown,Male,43.0,Bangalore,2020-12-17,,2460.355,5.0,,,UK
759,Priya,Male,20.0,Delhi,,2025-06-28,2422.41,3.0,,,UK
760,Kiran,Unknown,43.0,Hyderabad,,,2460.355,3.0,,,India
,Unknown,Female,33.0,Hyderabad,2025-04-04,,2460.355,3.0,,,India
762,Ravi,Male,43.0,Chennai,2023-03-26,,2460.355,3.0,user761@mail.com,,Unknown
C763,Ravi,Male,43.0,Hyderabad,,2022-12-21,2460.355,3.0,,,Canada
764,Sneha,Female,24.0,Kolkata,,,2460.355,3.0,user763@mail.com,,Canada
765,Rahul,Female,43.0,Mumbai,2023-08-06,,2460.355,1.0,user764@mail.com,,UK
766,Sneha,Unknown,37.0,Mumbai,2022-06-15,,2460.355,4.0,,,Canada
767,Rahul,Male,43.0,Delhi,,,2460.355,3.0,user766@mail.com,,UK
C768,Ravi,Unknown,43.0,Mumbai,,,2266.8,3.0,,9347504417,Unknown
769,Priya,Female,22.0,Unknown,2024-03-14,,3572.81,3.0,user768@mail.com,,USA
770,Ankit,Male,43.0,Chennai,2024-08-09,,2460.355,3.0,,,Unknown
C771,Neha,Female,68.0,Ahmedabad,,,2460.355,3.0,,9643401887,Canada
772,Unknown,Female,43.0,Mumbai,,2021-05-16,2460.355,3.0,user771@mail.com,,USA
C773,Amit,Unknown,43.0,Unknown,,,1827.55,3.0,,9154361979,UK
774,Pooja,Unknown,43.0,Delhi,2024-09-06,2024-02-11,2460.355,3.0,,9158585930,Unknown
,Sneha,Male,43.0,Bangalore,2020-11-10,2021-03-31,2460.355,1.0,,,Canada
,Kiran,Female,43.0,Mumbai,2024-02-17,2020-11-09,2460.355,3.0,,9921075441,Unknown
,Priya,Male,43.0,Kolkata,,,2460.355,3.0,user776@mail.com,,UK
C778,Priya,Unknown,43.0,Pune,,,2460.355,3.0,,,Unknown
C779,Pooja,Male,43.0,Chennai,,2023-12-17,638.03,4.0,,,Canada
780,Unknown,Unknown,55.0,Kolkata,,2020-10-08,2460.355,3.0,,9241354610,Unknown
C781,Ankit,Male,44.0,Delhi,2025-03-30,,559.8,3.0,,9329956216,Australia
C782,Ankit,Unknown,43.0,Bangalore,2022-10-06,2025-05-25,2460.355,3.0,user781@mail.com,,Canada
783,Ankit,Female,43.0,Pune,2023-11-06,2023-10-24,2460.355,5.0,,,Australia
784,Kiran,Male,64.0,Pune,,,2460.355,3.0,user783@mail.com,,Unknown
785,Neha,Male,43.0,Bangalore,2025-07-17,2021-03-11,2460.355,3.0,,9505472096,USA
C786,Ankit,Unknown,26.0,Unknown,,2022-06-05,2460.355,3.0,user785@mail.com,,Canada
787,Unknown,Male,43.0,Pune,2024-01-24,,2460.355,3.0,,,Unknown
C788,Ravi,Female,43.0,Kolkata,,,4068.72,3.0,,,USA
C789,Neha,Unknown,43.0,Ahmedabad,,,2460.355,3.0,,,Canada
790,Unknown,Female,43.0,Chennai,2021-07-07,,2460.355,5.0,,,UK
791,Kiran,Male,43.0,Hyderabad,,,2460.355,3.0,,,USA
C792,Unknown,Male,43.0,Hyderabad,2025-07-25,,4687.7,3.0,,9713534603,Australia
,Rahul,Female,43.0,Ahmedabad,2022-05-22,,2383.13,4.0,,,UK
794,Pooja,Female,43.0,Bangalore,,,277.86,3.0,,,Unknown
795,Ravi,Female,43.0,Delhi,,2023-09-27,771.62,3.0,user794@mail.com,,Unknown
796,Neha,Unknown,43.0,Hyderabad,2023-05-19,,2460.355,3.0,,9134806874,Unknown
797,Sneha,Female,43.0,Chennai,2023-03-23,,135.99,3.0,user796@mail.com,,UK
,Simran,Female,27.0,Pune,,,2460.355,3.0,,9613586167,India
,Sneha,Male,25.0,Pune,2021-11-03,2025-10-27,2460.355,1.0,,,Canada
800,Ravi,Unknown,43.0,Delhi,2024-05-28,2023-06-16,2460.355,3.0,,,Canada
,Sneha,Female,43.0,Ahmedabad,2023-05-30,,2460.355,3.0,,,Australia
802,Sneha,Male,43.0,Delhi,2025-08-03,,2460.355,3.0,,,Unknown
803,Unknown,Female,43.0,Chennai,2021-04-26,2025-08-08,2460.355,2.0,user802@mail.com,,Canada
,Ravi,Female,43.0,Pune,2021-07-03,,2460.355,3.0,,9175000390,UK
805,Ravi,Male,43.0,Chennai,2022-07-10,2022-04-09,2460.355,3.0,user804@mail.com,,USA
806,Kiran,Male,43.0,Ahmedabad,2024-09-07,,535.06,3.0,user805@mail.com,,USA
807,Priya,Female,43.0,Pune,2025-09-10,,2460.355,5.0,,,Canada
808,Amit,Male,27.0,Delhi,,,2460.355,3.0,user807@mail.com,9871262656,Australia
,Ankit,Unknown,59.0,Kolkata,2021-06-25,,2460.355,4.0,,,India
C810,Rahul,Male,43.0,Chennai,2025-12-22,,2460.355,3.0,,,Australia
811,Unknown,Male,43.0,Mumbai,,2023-01-08,2460.355,3.0,,,USA
,Unknown,Male,45.0,Pune,,2022-12-26,2460.355,3.0,,9151094888,Australia
C813,Simran,Female,43.0,Pune,,,2460.355,1.0,,,USA
C814,Priya,Male,43.0,Ahmedabad,2024-07-16,,1730.17,3.0,,9515145899,India
815,Unknown,Unknown,51.0,Unknown,2024-10-04,,2460.355,3.0,,,Canada
816,Ankit,Female,52.0,Delhi,2023-08-21,,2460.355,3.0,,,Australia
817,Pooja,Male,43.0,Ahmedabad,,,2460.355,3.0,,,Australia
818,Simran,Female,43.0,Pune,2023-07-10,,2460.355,3.0,,,Canada
C819,Simran,Female,43.0,Hyderabad,,,2460.355,3.0,,,India
820,Priya,Female,43.0,Delhi,,2023-03-25,1968.17,3.0,,,UK
821,Pooja,Unknown,43.0,Mumbai,,2021-12-06,2460.355,2.0,,,India
822,Simran,Female,43.0,Ahmedabad,,2024-09-19,2460.355,3.0,,,India
,Sneha,Male,43.0,Kolkata,2025-08-08,,2460.355,2.0,,,USA
824,Ravi,Female,38.0,Unknown,,,2460.355,3.0,,,Unknown
,Priya,Male,43.0,Chennai,,,2460.355,1.0,,,Unknown
,Sneha,Unknown,55.0,Chennai,2024-07-13,,2460.355,3.0,,9828642876,Australia
,Kiran,Female,19.0,Kolkata,,2024-02-12,2460.355,3.0,,,India
828,Unknown,Male,43.0,Unknown,,,2460.355,3.0,user827@mail.com,,Unknown
C829,Ravi,Female,23.0,Bangalore,,,1601.11,3.0,user828@mail.com,9334499884,India
,Kiran,Unknown,43.0,Kolkata,,,1677.16,3.0,,,Australia
831,Ravi,Female,43.0,Pune,,2024-05-17,2460.355,3.0,user830@mail.com,,USA
832,Simran,Female,43.0,Bangalore,2024-10-05,,4742.85,3.0,,9435514077,Canada
833,Unknown,Male,43.0,Pune,,,2960.23,1.0,,,India
C834,Rahul,Male,43.0,Hyderabad,2021-10-16,,2460.355,3.0,,,Unknown
C835,Kiran,Unknown,43.0,Delhi,2023-12-20,2024-07-09,2460.355,3.0,,,Unknown
836,Simran,Unknown,37.0,Mumbai,2023-08-06,2025-07-28,2460.355,3.0,user835@mail.com,9256262423,Australia
837,Amit,Male,43.0,Chennai,,,3274.53,3.0,,,UK
838,Priya,Male,36.0,Hyderabad,,2024-05-31,2460.355,3.0,,,Unknown
839,Simran,Unknown,43.0,Hyderabad,,2025-07-11,2460.355,3.0,,9595356076,USA
C840,Priya,Male,43.0,Hyderabad,,2024-12-28,4888.36,3.0,,,India
C841,Unknown,Unknown,43.0,Delhi,,2022-05-02,255.17,3.0,user840@mail.com,,Unknown
C842,Priya,Unknown,43.0,Mumbai,,,3709.75,3.0,,9272146871,Australia
,Priya,Male,46.0,Kolkata,,,2460.355,3.0,,,India
,Rahul,Male,43.0,Kolkata,2020-09-12,,2460.355,3.0,user843@mail.com,,Unknown
,Sneha,Female,43.0,Bangalore,2020-10-18,2021-10-14,2970.59,3.0,,,USA
,Sneha,Male,43.0,Mumbai,2024-07-12,2025-02-16,2460.355,3.0,user845@mail.com,,UK
847,Neha,Male,43.0,Bangalore,,,2460.355,3.0,,9627976887,Australia
,Pooja,Female,43.0,Pune,2025-01-31,,599.1,1.0,,,UK
C849,Ankit,Male,43.0,Unknown,,,2460.355,3.0,,,Unknown
850,Simran,Female,43.0,Ahmedabad,2025-05-27,,1497.27,3.0,,,Canada
C851,Neha,Male,43.0,Pune,2020-08-26,,2460.355,3.0,,,USA
,Ankit,Female,63.0,Pune,,,2460.355,4.0,,,USA
,Ankit,Female,43.0,Kolkata,,,2460.355,3.0,,,USA
C854,Simran,Female,43.0,Mumbai,2023-11-08,,1140.53,3.0,user853@mail.com,,UK
C855,Pooja,Female,32.0,Unknown,,,2460.355,3.0,,9269887757,Canada
C856,Priya,Male,53.0,Unknown,,2022-12-25,2460.355,5.0,,9505894580,Unknown
,Unknown,Male,43.0,Ahmedabad,,2024-11-15,2460.355,1.0,,,India
858,Ravi,Unknown,43.0,Unknown,2021-03-09,,2460.355,3.0,user857@mail.com,9230550956,Unknown
C859,Unknown,Female,43.0,Chennai,2024-12-11,,2460.355,3.0,,,India
860,Neha,Male,43.0,Kolkata,,2022-11-22,1954.9,3.0,,,Australia
C861,Priya,Female,43.0,Unknown,2025-01-05,2023-10-05,2460.355,3.0,user860@mail.com,,India
862,Ravi,Male,43.0,Hyderabad,,,2460.355,3.0,user861@mail.com,,Australia
863,Kiran,Female,43.0,Chennai,2022-01-17,2021-01-03,2460.355,3.0,,9113130309,USA
864,Rahul,Male,33.0,Ahmedabad,,,2460.355,3.0,user863@mail.com,9163254830,Unknown
865,Amit,Male,43.0,Kolkata,2021-09-16,,2460.355,3.0,,,USA
C866,Unknown,Female,43.0,Chennai,2020-09-05,,2460.355,3.0,,,Australia
867,Ankit,Female,50.0,Delhi,2023-04-12,,4316.75,5.0,,9393349119,India
C868,Priya,Female,43.0,Hyderabad,,2024-09-21,68.93,3.0,,9280685228,USA
869,Ankit,Female,25.0,Bangalore,2025-01-02,,540.22,3.0,,,UK
870,Neha,Unknown,59.0,Kolkata,,,2460.355,3.0,,,Unknown
,Ravi,Female,43.0,Hyderabad,,2023-08-12,2460.355,3.0,,,Unknown
,Simran,Unknown,43.0,Hyderabad,2021-06-07,2025-01-01,70.61,3.0,,,UK
873,Unknown,Unknown,43.0,Pune,,,2460.355,3.0,user872@mail.com,,India
C874,Unknown,Female,43.0,Unknown,2022-04-08,2022-07-30,4205.03,3.0,,,Unknown
C875,Unknown,Male,43.0,Chennai,,,2460.355,3.0,,,India
876,Amit,Unknown,43.0,Hyderabad,2025-12-07,2022-12-05,2460.355,3.0,,9600776193,USA
877,Unknown,Male,43.0,Kolkata,2021-03-25,2020-08-20,2740.9,3.0,,9312480323,UK
878,Pooja,Male,35.0,Pune,2022-04-17,2022-01-31,2252.21,3.0,,,UK
879,Unknown,Female,43.0,Delhi,,,2460.355,3.0,,,Australia
880,Kiran,Unknown,43.0,Bangalore,,,2460.355,3.0,user879@mail.com,,UK
881,Pooja,Female,25.0,Ahmedabad,,,2460.355,3.0,,,USA
882,Unknown,Male,43.0,Chennai,,2021-05-18,2016.77,3.0,,9427716393,Australia
883,Ankit,Male,69.0,Unknown,2025-03-24,2022-11-05,2460.355,3.0,,,UK
,Unknown,Male,39.0,Hyderabad,,,2460.355,3.0,,,Unknown
885,Unknown,Male,43.0,Hyderabad,2024-10-10,2023-10-08,4527.26,3.0,,,Australia
,Sneha,Unknown,43.0,Ahmedabad,,,4276.22,3.0,user885@mail.com,,Unknown
,Ravi,Male,43.0,Pune,,,2460.355,3.0,,,Canada
C888,Kiran,Unknown,43.0,Hyderabad,,,2460.355,3.0,user887@mail.com,,USA
C889,Neha,Male,43.0,Mumbai,,2024-09-09,2460.355,3.0,user888@mail.com,9994659694,Canada
,Ankit,Unknown,40.0,Chennai,,,2460.355,3.0,,,UK
891,Ravi,Female,43.0,Pune,,,1100.17,3.0,,,UK
892,Sneha,Male,43.0,Bangalore,,,2460.355,3.0,user891@mail.com,,India
C893,Pooja,Unknown,21.0,Kolkata,,,2460.355,3.0,,9893575567,Australia
C894,Rahul,Female,43.0,Delhi,2025-02-03,,2460.355,3.0,,,UK
C895,Simran,Male,43.0,Hyderabad,2022-12-03,,1899.78,3.0,,,Canada
,Pooja,Unknown,43.0,Hyderabad,2024-04-17,2022-08-27,2460.355,3.0,,,UK
,Sneha,Female,31.0,Ahmedabad,2022-03-19,2022-01-07,2460.355,3.0,,9792488459,Unknown
C898,Unknown,Male,43.0,Unknown,,2023-01-29,2816.94,3.0,user897@mail.com,,Canada
,Unknown,Male,43.0,Bangalore,,,2460.355,3.0,,9562720574,Canada
900,Sneha,Male,43.0,Delhi,2023-09-15,,2460.355,4.0,,,UK
901,Unknown,Male,70.0,Unknown,2022-02-15,2021-02-17,2460.355,3.0,user900@mail.com,,Unknown
C902,Kiran,Unknown,43.0,Kolkata,,,3767.6,3.0,user901@mail.com,,UK
903,Simran,Male,35.0,Unknown,,,2460.355,2.0,,,Australia
C904,Sneha,Unknown,66.0,Mumbai,,2021-09-21,2460.355,3.0,,9218282533,Canada
C905,Priya,Female,43.0,Delhi,,,3835.8,3.0,user904@mail.com,,India
,Unknown,Female,53.0,Chennai,,,4714.61,3.0,,,UK
C907,Amit,Male,43.0,Pune,,,2460.355,3.0,,,India
C908,Simran,Male,48.0,Kolkata,,,2460.355,3.0,,9798496304,USA
,Ankit,Female,31.0,Chennai,2022-10-31,,2460.355,3.0,,9871142858,UK
910,Sneha,Female,43.0,Pune,2025-01-24,2023-01-27,2460.355,3.0,,,Unknown
911,Neha,Male,43.0,Mumbai,,,2460.355,3.0,,9951070456,Australia
912,Kiran,Female,43.0,Ahmedabad,,,735.3,4.0,,,Unknown
C913,Kiran,Male,43.0,Chennai,2021-08-10,,2460.355,3.0,user912@mail.com,,USA
,Simran,Female,43.0,Kolkata,2020-12-04,2024-02-05,2460.355,3.0,,9471689379,UK
915,Simran,Male,26.0,Mumbai,,,3546.76,1.0,user914@mail.com,9675660793,Australia
C916,Priya,Female,43.0,Kolkata,2022-07-26,,2460.355,3.0,,,Australia
917,Sneha,Unknown,43.0,Delhi,2023-03-02,,2460.355,3.0,user916@mail.com,,Canada
C918,Unknown,Female,43.0,Hyderabad,,,2460.355,3.0,user917@mail.com,9419046886,Australia
919,Pooja,Female,43.0,Mumbai,2020-08-13,2021-06-09,2460.355,3.0,user918@mail.com,,USA
920,Unknown,Male,43.0,Ahmedabad,2024-02-04,2025-05-30,2460.355,3.0,user919@mail.com,,Australia
921,Rahul,Unknown,34.0,Hyderabad,2021-01-26,2023-09-16,2460.355,3.0,,,India
,Priya,Female,43.0,Kolkata,2024-06-29,2024-11-30,2460.355,3.0,,,India
923,Unknown,Male,43.0,Pune,,,2758.83,3.0,,,Australia
,Priya,Male,43.0,Mumbai,,2025-09-20,4212.13,1.0,,9392033889,India
925,Ankit,Female,43.0,Unknown,,,4278.73,3.0,,,USA
926,Simran,Female,43.0,Mumbai,,,307.25,2.0,,,India
927,Rahul,Unknown,58.0,Ahmedabad,2023-01-19,,2460.355,3.0,,9392331577,Canada
928,Kiran,Female,43.0,Ahmedabad,2023-05-24,,1897.45,3.0,,9553742352,UK
929,Ankit,Male,43.0,Hyderabad,2024-05-02,2021-12-20,4985.61,3.0,,,Australia
930,Neha,Female,43.0,Hyderabad,2024-10-15,2021-02-02,2460.355,2.0,,9347028209,UK
,Rahul,Unknown,35.0,Bangalore,,,2460.355,3.0,,,Australia
932,Rahul,Female,57.0,Bangalore,,,2460.355,3.0,,,USA
C933,Neha,Female,43.0,Kolkata,2021-04-23,,2460.355,3.0,,,Canada
,Ravi,Male,58.0,Pune,,,2460.355,3.0,user933@mail.com,9616083311,UK
935,Neha,Female,43.0,Pune,2022-04-02,2024-11-11,2460.355,2.0,user934@mail.com,,Unknown
936,Neha,Male,43.0,Mumbai,2024-05-21,,2460.355,3.0,,9503765918,UK
937,Kiran,Male,43.0,Chennai,,,2460.355,3.0,,9537674825,Canada
938,Unknown,Unknown,43.0,Pune,,,2460.355,3.0,,,Australia
939,Unknown,Male,43.0,Mumbai,,,2460.355,3.0,,9350947093,UK
C940,Unknown,Female,63.0,Pune,,,2460.355,3.0,user939@mail.com,,Australia
C941,Sneha,Unknown,43.0,Ahmedabad,,,1491.16,3.0,,,Canada
C942,Sneha,Female,62.0,Chennai,2024-03-04,2021-07-11,1700.88,5.0,,,India
943,Kiran,Male,43.0,Ahmedabad,,,227.1,3.0,,9465069075,USA
,Kiran,Unknown,39.0,Pune,2020-12-30,2020-10-24,2460.355,3.0,user943@mail.com,9599855617,USA
,Neha,Male,43.0,Bangalore,,,305.11,3.0,,,India
946,Kiran,Unknown,48.0,Hyderabad,2025-05-07,,2460.355,3.0,,,Australia
C947,Unknown,Unknown,43.0,Chennai,2021-01-06,,2460.355,3.0,user946@mail.com,9276823030,Unknown
948,Ankit,Male,43.0,Mumbai,,,2460.355,3.0,,,India
,Unknown,Male,43.0,Bangalore,,,2460.355,1.0,,,India
C950,Pooja,Female,43.0,Pune,2024-09-26,,2460.355,3.0,,,Unknown
951,Priya,Female,43.0,Unknown,,,2460.355,3.0,,,USA
C952,Sneha,Female,43.0,Hyderabad,,,2460.355,5.0,,,Canada
C953,Ravi,Male,43.0,Kolkata,2025-05-27,2022-08-13,2460.355,3.0,,,Unknown
C954,Ankit,Male,43.0,Unknown,,,2460.355,1.0,,,UK
,Priya,Unknown,43.0,Pune,2021-05-21,2025-09-23,2460.355,1.0,,,Australia
956,Rahul,Unknown,43.0,Ahmedabad,,,2460.355,3.0,,,Unknown
957,Pooja,Female,43.0,Delhi,2021-11-07,2022-03-20,2460.355,3.0,user956@mail.com,,USA
,Neha,Male,43.0,Ahmedabad,2023-12-28,,2460.355,3.0,,,Australia
C959,Rahul,Male,43.0,Pune,2025-04-05,,2460.355,3.0,,,UK
,Kiran,Unknown,43.0,Delhi,,2022-10-01,2460.355,3.0,user959@mail.com,,Unknown
961,Ankit,Male,52.0,Hyderabad,,2021-10-27,902.14,3.0,,,Unknown
,Sneha,Female,43.0,Kolkata,,,2460.355,3.0,,,USA
963,Priya,Female,43.0,Bangalore,2025-12-08,,2460.355,3.0,,,Canada
,Priya,Female,43.0,Chennai,,2024-09-18,2460.355,3.0,user963@mail.com,,Unknown
965,Unknown,Female,29.0,Bangalore,2021-01-02,,2065.11,3.0,,9943079221,Canada
966,Rahul,Male,43.0,Unknown,,,237.86,3.0,,9686272695,Unknown
,Unknown,Male,43.0,Chennai,,,4037.35,5.0,,,Unknown
,Unknown,Male,29.0,Kolkata,,,2460.355,3.0,,,India
,Neha,Male,27.0,Hyderabad,,,2460.355,4.0,,9156912567,India
970,Sneha,Female,36.0,Chennai,,2020-09-05,2460.355,3.0,,,India
971,Rahul,Female,23.0,Hyderabad,2022-04-11,2021-08-21,2460.355,4.0,,9752460989,India
972,Rahul,Male,37.0,Bangalore,,,2088.38,3.0,,,UK
973,Sneha,Male,43.0,Bangalore,,2021-06-04,2460.355,3.0,,,Unknown
,Unknown,Female,43.0,Hyderabad,,,2460.355,3.0,,,India
975,Pooja,Female,43.0,Chennai,2024-04-14,,2460.355,5.0,,,UK
,Unknown,Female,43.0,Chennai,,,2460.355,3.0,,,Australia
,Sneha,Unknown,43.0,Mumbai,,,2460.355,3.0,user976@mail.com,9263079573,India
978,Neha,Female,21.0,Unknown,,,2460.355,3.0,,,UK
C979,Ravi,Unknown,43.0,Bangalore,2025-04-15,2020-09-11,2460.355,3.0,user978@mail.com,,Canada
,Amit,Male,43.0,Pune,2023-12-04,,2460.355,3.0,,,UK
981,Rahul,Female,43.0,Unknown,,,2460.355,3.0,,,Canada
,Amit,Unknown,43.0,Ahmedabad,,,1921.91,3.0,,,UK
983,Unknown,Male,43.0,Unknown,,,2460.355,4.0,,,UK
C984,Pooja,Male,43.0,Pune,,2025-09-25,2460.355,3.0,user983@mail.com,,India
,Amit,Male,24.0,Kolkata,2020-08-20,2021-10-10,2460.355,3.0,,,Australia
986,Simran,Male,43.0,Hyderabad,2026-01-18,2020-12-28,2460.355,3.0,user985@mail.com,,India
C987,Neha,Male,43.0,Bangalore,2023-04-24,,2460.355,3.0,user986@mail.com,,Canada
,Neha,Male,43.0,Chennai,2024-10-09,,2460.355,4.0,,9412524893,USA
989,Kiran,Male,37.0,Bangalore,,,2460.355,3.0,,,Unknown
,Ankit,Female,66.0,Bangalore,,,2460.355,3.0,,,India
991,Kiran,Unknown,43.0,Kolkata,2020-12-29,,2460.355,3.0,user990@mail.com,9770289214,India
C992,Priya,Female,39.0,Pune,2025-08-22,2022-03-13,2460.355,3.0,,,Canada
993,Rahul,Male,43.0,Delhi,,,2460.355,3.0,user992@mail.com,,Australia
994,Kiran,Female,43.0,Bangalore,2021-07-30,,2460.355,3.0,,,USA
995,Priya,Female,43.0,Pune,,,4053.51,3.0,,,India
C996,Amit,Female,43.0,Delhi,,,2460.355,3.0,,,Australia
997,Ravi,Female,43.0,Unknown,2024-11-19,,2460.355,5.0,,,Canada
998,Neha,Female,43.0,Unknown,2022-07-22,,2460.355,3.0,,,Canada
,Ravi,Male,43.0,Delhi,,2020-09-03,2460.355,3.0,user998@mail.com,,Canada
,Amit,Female,43.0,Ahmedabad,2024-09-02,,2460.355,3.0,,,India
C1001,Pooja,Male,43.0,Hyderabad,2025-06-11,,4794.55,3.0,,,Australia
,Kiran,Unknown,43.0,Hyderabad,2023-11-02,2025-08-17,2460.355,3.0,,9596888762,Australia
,Rahul,Male,43.0,Mumbai,,,4481.28,3.0,,,India
1004,Simran,Female,43.0,Ahmedabad,2023-03-05,,2460.355,3.0,user1003@mail.com,9630805714,Unknown
,Sneha,Unknown,70.0,Unknown,2024-01-18,2024-02-25,2460.355,3.0,,,UK
1006,Simran,Female,43.0,Pune,2024-08-16,,2460.355,3.0,,,UK
C1007,Sneha,Female,64.0,Mumbai,2024-04-27,2021-05-20,3881.78,3.0,,,Australia
1008,Kiran,Female,43.0,Unknown,2020-11-05,,3778.07,4.0,,9384583575,Australia
C1009,Pooja,Male,43.0,Unknown,,,2460.355,3.0,,,USA
,Ravi,Female,43.0,Ahmedabad,2023-11-30,2021-07-07,2460.355,3.0,user1009@mail.com,,UK
1011,Sneha,Unknown,43.0,Hyderabad,2020-12-24,,2460.355,5.0,user1010@mail.com,9186793591,Canada
,Neha,Male,54.0,Hyderabad,,,2460.355,3.0,user1011@mail.com,,USA
1013,Priya,Unknown,43.0,Delhi,,2022-12-06,2460.355,3.0,,9557915944,Unknown
1014,Rahul,Female,18.0,Hyderabad,,2023-12-12,2460.355,3.0,,,UK
,Ravi,Male,28.0,Kolkata,,,2460.355,3.0,user1014@mail.com,9934241061,Australia
C1016,Pooja,Male,43.0,Chennai,2021-12-29,,1899.43,3.0,,9529116851,USA
1017,Kiran,Female,51.0,Ahmedabad,2024-04-02,2022-07-18,2460.355,3.0,,9391252060,Australia
,Kiran,Male,43.0,Chennai,,,2460.355,3.0,,,India
1019,Sneha,Unknown,43.0,Ahmedabad,2020-12-13,,2460.355,3.0,,,Unknown
1020,Amit,Female,43.0,Unknown,,,2460.355,3.0,,,Canada
,Neha,Unknown,43.0,Kolkata,2024-11-14,2023-05-16,2460.355,3.0,,,Australia
C1022,Ravi,Female,43.0,Hyderabad,2025-06-20,,2460.355,3.0,,9611159962,India
,Unknown,Unknown,40.0,Bangalore,2024-01-20,,2460.355,3.0,,,Australia
C1024,Unknown,Unknown,43.0,Bangalore,2023-07-11,,2460.355,1.0,,,Unknown
1025,Unknown,Female,57.0,Hyderabad,2024-05-28,,1691.97,3.0,,9499679296,Canada
C1026,Rahul,Unknown,43.0,Hyderabad,,,2460.355,3.0,,,UK
C1027,Unknown,Female,43.0,Pune,,2024-07-13,2460.355,3.0,,9996489514,Canada
1028,Unknown,Unknown,43.0,Mumbai,,,2460.355,3.0,,9378109943,Canada
1029,Amit,Female,43.0,Unknown,2020-11-16,,2460.355,1.0,,,Unknown
,Sneha,Male,43.0,Chennai,,,2460.355,1.0,user1029@mail.com,,Canada
C1031,Ravi,Unknown,43.0,Delhi,,2022-09-11,780.47,3.0,,,Canada
C1032,Simran,Male,43.0,Ahmedabad,2022-01-23,,1005.0,3.0,,,UK
1033,Unknown,Male,26.0,Unknown,,,114.55,3.0,user1032@mail.com,,USA
1034,Ravi,Unknown,43.0,Bangalore,,2021-04-11,2460.355,1.0,,,USA
C1035,Ravi,Male,43.0,Bangalore,2025-09-30,,2460.355,3.0,,9453878657,UK
,Priya,Unknown,69.0,Pune,2023-08-13,,2460.355,3.0,user1035@mail.com,,Australia
C1037,Kiran,Female,43.0,Delhi,2023-08-15,2025-12-27,4331.01,3.0,user1036@mail.com,9816762731,USA
1038,Ankit,Female,43.0,Delhi,,,2460.355,3.0,,,Australia
,Priya,Female,43.0,Hyderabad,,,2460.355,3.0,user1038@mail.com,,Australia
C1040,Pooja,Female,38.0,Mumbai,2024-09-16,,2460.355,3.0,,9105496985,USA
,Kiran,Male,43.0,Chennai,,,1178.51,4.0,user1040@mail.com,,Australia
,Ravi,Unknown,43.0,Pune,,,2460.355,3.0,,,Australia
1043,Neha,Unknown,43.0,Hyderabad,2024-10-07,,2460.355,1.0,user1042@mail.com,9688721168,Unknown
C1044,Kiran,Female,43.0,Bangalore,2023-11-10,,2735.28,3.0,,,Australia
1045,Pooja,Female,43.0,Kolkata,,,2460.355,3.0,user1044@mail.com,9983270939,India
,Ravi,Male,43.0,Delhi,2023-09-10,,2460.355,3.0,user1045@mail.com,,USA
1047,Unknown,Male,43.0,Ahmedabad,2025-06-17,2024-04-19,2190.82,3.0,,,Canada
,Neha,Unknown,40.0,Delhi,2025-04-19,2024-08-30,2460.355,3.0,,,USA
1049,Unknown,Male,43.0,Ahmedabad,2025-07-08,2022-01-31,2460.355,1.0,,,USA
1050,Unknown,Female,47.0,Kolkata,2021-12-29,,2460.355,3.0,,,Australia
,Priya,Female,54.0,Unknown,2022-07-15,2024-04-25,2460.355,3.0,,9614209564,Australia
,Ravi,Unknown,43.0,Hyderabad,,,2460.355,3.0,,9581359578,India
C1054,Pooja,Male,43.0,Kolkata,,2023-04-28,2460.355,3.0,,,USA
1055,Pooja,Male,62.0,Ahmedabad,,,3595.13,3.0,,,Unknown
C1056,Ankit,Male,33.0,Pune,2021-12-13,2025-07-13,2460.355,1.0,,,USA
1057,Kiran,Female,43.0,Bangalore,2024-11-11,,2460.355,3.0,,,Unknown
1058,Kiran,Female,43.0,Ahmedabad,,2024-09-19,2460.355,3.0,,,Unknown
1059,Sneha,Male,43.0,Mumbai,,2025-03-05,2460.355,5.0,user1058@mail.com,9621495839,USA
1060,Unknown,Unknown,43.0,Delhi,2021-10-04,,2460.355,3.0,,,India
,Rahul,Female,43.0,Unknown,,,1375.97,3.0,,,India
1062,Priya,Unknown,43.0,Mumbai,,,662.32,5.0,,,Australia
1063,Unknown,Female,43.0,Mumbai,,,2460.355,3.0,,,UK
1064,Pooja,Female,43.0,Chennai,2025-01-03,2024-08-24,2460.355,2.0,user1063@mail.com,,Unknown
,Pooja,Unknown,43.0,Hyderabad,,2025-01-18,2460.355,3.0,,,India
1066,Priya,Male,43.0,Bangalore,,,3598.98,3.0,,,Unknown
1067,Ankit,Unknown,43.0,Pune,2023-08-31,,2460.355,3.0,,,Unknown
,Ankit,Male,31.0,Chennai,,,55.81,3.0,user1067@mail.com,,Unknown
1069,Kiran,Unknown,49.0,Ahmedabad,2024-12-18,2023-06-13,2460.355,3.0,user1068@mail.com,,USA
1070,Priya,Unknown,43.0,Mumbai,,2023-08-19,2460.355,3.0,,,India
1071,Simran,Female,43.0,Chennai,2020-09-03,,2460.355,3.0,,,UK
,Ravi,Male,42.0,Bangalore,,,4511.85,3.0,,9569239215,Australia
,Simran,Female,46.0,Mumbai,2021-07-16,,2460.355,3.0,,,Unknown
1074,Pooja,Female,43.0,Hyderabad,,,4653.27,5.0,,,UK
,Rahul,Male,43.0,Mumbai,2021-06-04,,2460.355,3.0,,,USA
1076,Priya,Female,43.0,Mumbai,2024-02-18,2025-03-19,2460.355,3.0,,9802958500,USA
C1077,Priya,Male,43.0,Ahmedabad,,,417.11,3.0,user1076@mail.com,9394604180,Canada
1078,Kiran,Female,43.0,Ahmedabad,,,2460.355,3.0,user1077@mail.com,,Unknown
1079,Amit,Unknown,43.0,Unknown,,,2460.355,3.0,,,UK
,Ravi,Male,43.0,Ahmedabad,2024-09-11,2024-06-04,2460.355,3.0,,9634252997,Canada
,Ravi,Female,43.0,Hyderabad,,,2460.355,3.0,,,India
,Neha,Unknown,43.0,Chennai,2025-07-07,,2460.355,3.0,user1081@mail.com,,USA
1083,Neha,Female,23.0,Ahmedabad,,2024-01-02,2460.355,3.0,,,India
1084,Neha,Male,43.0,Kolkata,2025-11-27,2024-12-21,2460.355,3.0,,,Unknown
C1085,Simran,Male,43.0,Chennai,,2024-04-17,2460.355,3.0,user1084@mail.com,,Australia
1086,Sneha,Male,43.0,Unknown,2024-05-04,,2460.355,3.0,,9162032055,UK
C1087,Ankit,Female,36.0,Hyderabad,2025-09-24,,2460.355,3.0,user1086@mail.com,9442615475,Australia
,Priya,Unknown,43.0,Kolkata,,,2460.355,4.0,,9726372212,India
C1089,Ravi,Female,43.0,Mumbai,2024-03-07,,2460.355,3.0,,,Australia
C1090,Rahul,Female,43.0,Hyderabad,,2025-04-25,2460.355,3.0,,,Australia
1091,Simran,Male,43.0,Mumbai,,,2460.355,5.0,,9427208633,Canada
1092,Unknown,Female,43.0,Delhi,,2022-05-30,2460.355,3.0,,,Canada
C1093,Neha,Female,43.0,Unknown,2021-09-24,,2460.355,3.0,,9353459551,UK
1094,Kiran,Male,43.0,Mumbai,2023-01-04,,2460.355,3.0,,,UK
,Pooja,Female,43.0,Chennai,,,2460.355,3.0,,,Australia
,Neha,Male,64.0,Bangalore,2023-03-12,,2460.355,2.0,,,Canada
1097,Rahul,Female,43.0,Hyderabad,2022-09-01,,2460.355,3.0,,,UK
C1098,Neha,Male,43.0,Hyderabad,2023-12-07,,2460.355,3.0,,,USA
,Unknown,Male,39.0,Delhi,2022-11-05,,2460.355,4.0,,9261560393,Canada
1100,Unknown,Male,43.0,Chennai,2020-11-02,,2460.355,5.0,,9631346026,India
1101,Unknown,Male,43.0,Pune,,,2460.355,3.0,,,Canada
,Amit,Female,43.0,Chennai,2025-08-01,,2460.355,5.0,,,UK
1103,Unknown,Unknown,43.0,Pune,,,2460.355,3.0,,9129149822,UK
C1104,Unknown,Male,43.0,Chennai,,,2460.355,3.0,,9922922280,Canada
1105,Simran,Male,43.0,Chennai,,,2460.355,3.0,,,UK
1106,Neha,Female,69.0,Ahmedabad,,,2460.355,3.0,,,UK
C1107,Pooja,Unknown,43.0,Pune,2021-09-29,2021-06-21,2460.355,3.0,,,Unknown
,Amit,Unknown,23.0,Unknown,,,4207.31,3.0,,9768874106,Canada
C1109,Amit,Unknown,51.0,Ahmedabad,,2025-08-13,2460.355,3.0,,,Unknown
,Kiran,Unknown,43.0,Ahmedabad,,2022-04-19,2460.355,3.0,,,USA
1111,Ankit,Female,43.0,Hyderabad,2024-05-18,2022-10-29,2460.355,3.0,user1110@mail.com,9514211035,Australia
C1112,Pooja,Male,43.0,Kolkata,2022-10-07,,2460.355,3.0,user1111@mail.com,,Canada
1113,Ankit,Male,43.0,Delhi,,2022-02-28,1052.31,3.0,,,Australia
1114,Neha,Female,50.0,Mumbai,2025-08-29,,1424.37,3.0,,,Unknown
1115,Pooja,Male,43.0,Bangalore,2025-03-20,,2460.355,3.0,,,Canada
,Sneha,Male,43.0,Ahmedabad,2021-01-09,,2460.355,3.0,,,Canada
1117,Ankit,Female,43.0,Mumbai,2020-09-18,,2460.355,3.0,,,Canada
1118,Priya,Female,44.0,Kolkata,2025-08-12,,2460.355,3.0,user1117@mail.com,,USA
C1119,Rahul,Unknown,43.0,Delhi,2024-01-30,2025-08-13,2460.355,3.0,,9669058681,UK
1120,Kiran,Female,68.0,Hyderabad,2023-03-17,2022-05-16,2460.355,3.0,,,India
1121,Rahul,Male,43.0,Ahmedabad,2020-10-31,,2460.355,1.0,,,Unknown
C1122,Sneha,Female,43.0,Kolkata,2022-10-04,2025-05-25,2460.355,2.0,,,Canada
,Unknown,Female,24.0,Kolkata,2021-07-07,2022-01-18,2460.355,3.0,user1122@mail.com,,USA
1124,Ravi,Unknown,43.0,Hyderabad,,,2460.355,3.0,,,UK
C1125,Ravi,Male,47.0,Hyderabad,,2022-05-16,2460.355,3.0,user1124@mail.com,,India
,Sneha,Female,50.0,Mumbai,,,2460.355,3.0,,,India
C1127,Unknown,Male,43.0,Mumbai,,,2460.355,3.0,user1126@mail.com,,UK
1128,Sneha,Male,43.0,Mumbai,,,2460.355,3.0,user1127@mail.com,9670599015,UK
1129,Amit,Female,43.0,Chennai,2023-05-30,,2460.355,3.0,user1128@mail.com,,Australia
1130,Neha,Female,43.0,Bangalore,2023-03-07,,2460.355,3.0,,,Unknown
,Ankit,Male,31.0,Hyderabad,,,2460.355,3.0,,9719239024,Australia
,Unknown,Male,43.0,Chennai,,,2460.355,3.0,user1131@mail.com,,Australia
1133,Kiran,Unknown,28.0,Unknown,,2025-09-13,2460.355,3.0,,,Unknown
1134,Unknown,Unknown,43.0,Bangalore,2021-10-15,,2460.355,3.0,,9204266874,India
C1135,Unknown,Female,43.0,Unknown,2022-09-23,,184.79,3.0,,9128764355,Unknown
,Neha,Male,43.0,Kolkata,,,2437.37,3.0,,,Australia
1137,Ravi,Male,43.0,Chennai,,,2460.355,3.0,user1136@mail.com,,Australia
1138,Priya,Unknown,43.0,Pune,,,2460.355,3.0,user1137@mail.com,,USA
1139,Amit,Female,43.0,Delhi,,,4667.46,3.0,user1138@mail.com,,UK
1140,Amit,Female,43.0,Bangalore,,,2460.355,3.0,,,UK
,Pooja,Unknown,43.0,Mumbai,,,1589.57,3.0,,9754462561,Canada
1142,Kiran,Female,43.0,Ahmedabad,2021-08-01,2021-03-04,2460.355,3.0,user1141@mail.com,,Australia
,Unknown,Male,43.0,Hyderabad,,,4388.6,3.0,user1142@mail.com,,India
1144,Amit,Female,43.0,Pune,,,2460.355,3.0,,,Canada
1145,Kiran,Male,43.0,Delhi,2020-12-25,,2460.355,3.0,user1144@mail.com,9280514603,UK
1146,Sneha,Male,29.0,Pune,,,2460.355,3.0,,9670919502,UK
1147,Amit,Female,43.0,Chennai,2024-04-22,2020-09-07,3035.4,3.0,,,Unknown
1148,Priya,Male,43.0,Pune,,2024-06-17,2460.355,3.0,,,Australia
,Ravi,Female,43.0,Ahmedabad,2021-07-11,,2460.355,3.0,,,India
1150,Ankit,Male,48.0,Ahmedabad,,,2460.355,3.0,,9911015064,UK
,Unknown,Unknown,43.0,Delhi,2025-12-07,2024-03-28,2460.355,3.0,,,Unknown
C1152,Unknown,Female,43.0,Mumbai,2024-02-13,,2460.355,3.0,user1151@mail.com,,India
1153,Kiran,Female,43.0,Hyderabad,,,2460.355,3.0,,,UK
1154,Unknown,Female,43.0,Kolkata,,2021-12-27,535.96,3.0,,,USA
1155,Unknown,Female,43.0,Mumbai,2023-06-04,2022-01-15,2460.355,3.0,,,Unknown
1156,Ankit,Unknown,43.0,Mumbai,,2023-02-02,2460.355,3.0,,,India
1157,Rahul,Male,18.0,Bangalore,2023-12-06,,2460.355,3.0,,9637390356,India
C1158,Pooja,Female,43.0,Unknown,,,2460.355,3.0,,,Unknown
1159,Unknown,Male,35.0,Pune,,,2460.355,2.0,,,Canada
C1160,Neha,Male,29.0,Ahmedabad,,2021-02-01,2460.355,3.0,,9851429839,Unknown
1161,Ankit,Female,41.0,Kolkata,,2023-04-30,130.55,3.0,user1160@mail.com,,Australia
,Priya,Unknown,54.0,Hyderabad,,2023-05-06,2460.355,3.0,,,Canada
1163,Ankit,Unknown,43.0,Hyderabad,,2022-04-18,2460.355,4.0,,,Canada
1164,Simran,Female,43.0,Kolkata,2024-02-23,2023-07-25,1503.15,3.0,,,UK
,Ankit,Female,43.0,Mumbai,,2023-06-27,636.9,3.0,,,Australia
1166,Amit,Unknown,43.0,Unknown,2025-11-30,,2460.355,4.0,,,USA
,Pooja,Unknown,43.0,Hyderabad,2021-05-27,,2460.355,5.0,user1166@mail.com,,India
1168,Unknown,Male,25.0,Mumbai,2023-07-15,,2460.355,1.0,,,Canada
C1169,Simran,Unknown,26.0,Mumbai,2023-12-22,,1543.13,4.0,,9636710171,USA
1170,Rahul,Male,43.0,Chennai,,2024-12-23,4704.03,3.0,,,Unknown
C1171,Unknown,Unknown,43.0,Mumbai,2021-03-12,,2460.355,3.0,,,UK
1172,Amit,Male,43.0,Delhi,,,2460.355,3.0,,9865764458,Unknown
1173,Pooja,Female,43.0,Delhi,,,2460.355,3.0,,,UK
,Rahul,Male,43.0,Delhi,,,2460.355,3.0,,,Unknown
1175,Kiran,Male,43.0,Unknown,,,2460.355,5.0,user1174@mail.com,,Unknown
1176,Unknown,Male,37.0,Kolkata,2020-09-25,,2460.355,3.0,,,USA
1177,Ravi,Female,43.0,Ahmedabad,2024-09-26,,2460.355,3.0,user1176@mail.com,,Australia
1178,Unknown,Unknown,43.0,Chennai,2025-05-18,,2460.355,3.0,,,India
1179,Amit,Unknown,70.0,Bangalore,2021-02-22,,2460.355,3.0,,9539793243,Canada
,Rahul,Male,43.0,Kolkata,,,404.07,4.0,,,India
1181,Sneha,Male,43.0,Ahmedabad,2021-02-17,,2460.355,3.0,,,Canada
1182,Rahul,Female,64.0,Pune,,,2460.355,3.0,user1181@mail.com,9959008798,UK
,Unknown,Female,43.0,Pune,2020-12-26,,2460.355,1.0,,9513585825,India
1184,Rahul,Male,43.0,Ahmedabad,,2021-12-03,4357.12,2.0,user1183@mail.com,,Canada
,Sneha,Female,55.0,Bangalore,2023-11-22,,3960.02,3.0,,,UK
1186,Amit,Female,43.0,Bangalore,2024-05-05,,2460.355,3.0,,,USA
1187,Ankit,Unknown,43.0,Kolkata,,,183.8,3.0,,,Canada
C1188,Simran,Female,43.0,Bangalore,2024-11-07,,2460.355,3.0,,,Unknown
1189,Rahul,Unknown,43.0,Unknown,,,395.44,3.0,,,India
1190,Pooja,Female,43.0,Pune,,,2460.355,3.0,user1189@mail.com,9494735409,Canada
1191,Simran,Female,43.0,Bangalore,,2023-08-30,2460.355,4.0,user1190@mail.com,,Canada
,Ankit,Female,43.0,Ahmedabad,,,2460.355,3.0,,,UK
1193,Simran,Unknown,43.0,Unknown,,,1135.54,3.0,user1192@mail.com,,India
C1194,Ravi,Female,43.0,Bangalore,2021-10-20,,2430.68,3.0,,9500555163,India
C1195,Sneha,Unknown,43.0,Kolkata,,,2460.355,3.0,user1194@mail.com,9137264830,USA
C1196,Priya,Male,43.0,Unknown,,2025-05-20,2460.355,3.0,,,Australia
1197,Pooja,Male,43.0,Bangalore,,2025-01-22,2460.355,2.0,user1196@mail.com,9446650334,Australia
C1198,Pooja,Unknown,43.0,Chennai,2024-07-16,,2460.355,4.0,,,Canada
1199,Ravi,Male,43.0,Mumbai,2024-05-09,,2460.355,3.0,,,Australia
1201,Kiran,Male,43.0,Chennai,,,2460.355,3.0,,9777051045,Canada
1202,Rahul,Female,47.0,Bangalore,2021-05-31,,1150.79,3.0,,9516489429,India
1203,Unknown,Unknown,43.0,Ahmedabad,,2022-04-25,2460.355,3.0,,,India
C1204,Ankit,Female,43.0,Pune,2023-03-29,,2460.355,3.0,,,Unknown
1205,Simran,Female,43.0,Hyderabad,,,2460.355,3.0,,,India
1206,Amit,Male,43.0,Delhi,2024-12-06,,2460.355,3.0,,,Unknown
1207,Unknown,Male,43.0,Ahmedabad,,,2460.355,5.0,,,UK
,Unknown,Female,43.0,Mumbai,2026-01-26,2023-07-07,2460.355,2.0,,,Unknown
1209,Neha,Unknown,43.0,Mumbai,,,699.76,2.0,,9816558820,Canada
,Ankit,Female,43.0,Unknown,2024-06-06,,2460.355,3.0,,,UK
,Ravi,Male,43.0,Unknown,2022-02-08,,2460.355,3.0,,9520232543,UK
,Unknown,Male,43.0,Bangalore,,2022-10-15,2460.355,3.0,,9576939677,USA
1213,Rahul,Male,43.0,Chennai,,,4507.22,3.0,,9361637184,USA
,Unknown,Male,56.0,Ahmedabad,,,3983.15,3.0,user1213@mail.com,,India
1215,Unknown,Female,43.0,Kolkata,2024-03-30,,2460.355,3.0,,,India
C1216,Unknown,Female,43.0,Kolkata,,,2460.355,3.0,user1215@mail.com,,USA
,Pooja,Female,43.0,Chennai,2021-07-09,,2460.355,3.0,,,Canada
1218,Unknown,Female,43.0,Mumbai,2025-10-31,,2460.355,3.0,user1217@mail.com,9313523435,UK
,Ankit,Female,54.0,Bangalore,,,2460.355,3.0,user1218@mail.com,9277045555,Australia
C1220,Pooja,Female,43.0,Hyderabad,2021-04-13,,2460.355,3.0,,,Unknown
C1221,Sneha,Male,43.0,Ahmedabad,2020-11-07,,2460.355,3.0,,,India
1222,Unknown,Male,43.0,Chennai,2024-09-17,2020-11-05,2460.355,5.0,,,Unknown
1223,Rahul,Female,43.0,Pune,2023-12-13,2023-01-17,2460.355,3.0,,,Canada
,Neha,Unknown,20.0,Hyderabad,,,2460.355,3.0,,9521287933,Australia
1225,Neha,Unknown,43.0,Bangalore,,,2932.27,3.0,,,Canada
,Rahul,Unknown,22.0,Delhi,2023-09-07,,2460.355,3.0,,,Unknown
1227,Neha,Female,43.0,Chennai,2020-12-01,2022-03-17,2460.355,1.0,user1226@mail.com,,Canada
1228,Neha,Male,43.0,Mumbai,2025-05-17,,1923.85,3.0,,,Unknown
1229,Ravi,Unknown,64.0,Bangalore,,,2460.355,3.0,user1228@mail.com,,USA
1230,Ankit,Female,41.0,Delhi,,,2460.355,3.0,,,UK
C1231,Ravi,Female,48.0,Delhi,2024-07-31,2023-04-01,2460.355,3.0,,,UK
,Pooja,Female,43.0,Kolkata,,,850.59,3.0,,,India
1233,Unknown,Unknown,48.0,Unknown,,,2460.355,3.0,,,Unknown
1234,Kiran,Female,43.0,Delhi,2023-05-19,,2460.355,3.0,,,UK
1235,Sneha,Female,18.0,Pune,,,2460.355,3.0,,,Australia
1236,Kiran,Female,43.0,Ahmedabad,,,2460.355,4.0,user1235@mail.com,9339788427,UK
C1237,Unknown,Male,33.0,Kolkata,,2024-07-14,2460.355,5.0,,,Unknown
C1238,Sneha,Female,43.0,Unknown,,,2460.355,3.0,user1237@mail.com,,USA
1239,Ankit,Male,43.0,Unknown,2026-01-25,2021-03-07,2460.355,3.0,,9115601850,Canada
C1240,Pooja,Female,53.0,Chennai,,,2460.355,3.0,,,USA
1241,Simran,Female,21.0,Unknown,2023-04-09,2021-10-03,2460.355,3.0,,9625653979,UK
,Ankit,Unknown,43.0,Pune,2021-09-25,,2460.355,3.0,,,USA
,Neha,Male,43.0,Mumbai,2024-08-29,2021-07-28,2460.355,3.0,,,USA
C1244,Kiran,Female,50.0,Pune,2021-12-13,,2460.355,3.0,,,UK
1245,Simran,Unknown,43.0,Kolkata,,,2460.355,1.0,,9338540982,Unknown
1246,Rahul,Unknown,43.0,Pune,,2022-12-09,69.93,3.0,,,Canada
1247,Unknown,Male,43.0,Mumbai,2023-11-16,,3182.41,3.0,user1246@mail.com,,UK
,Unknown,Female,60.0,Bangalore,2021-06-20,2022-04-23,3991.69,3.0,,,UK
,Rahul,Female,43.0,Pune,,,2460.355,3.0,user1248@mail.com,,UK
1250,Kiran,Male,43.0,Mumbai,2021-03-03,2020-10-21,2460.355,3.0,,9529794299,India
C1251,Sneha,Male,43.0,Bangalore,2025-09-30,,2460.355,3.0,,9807815019,USA
1252,Unknown,Unknown,43.0,Bangalore,2020-11-10,,2460.355,3.0,,9188291498,UK
1253,Neha,Female,50.0,Chennai,,2023-07-27,2460.355,3.0,user1252@mail.com,,Unknown
C1254,Rahul,Unknown,43.0,Chennai,2024-11-07,,2460.355,3.0,,,Canada
C1255,Rahul,Unknown,43.0,Pune,,2024-03-25,2460.355,3.0,user1254@mail.com,,UK
1256,Ankit,Female,43.0,Bangalore,,,2460.355,3.0,user1255@mail.com,9125590782,UK
1257,Neha,Female,43.0,Bangalore,,,2460.355,3.0,,,UK
,Rahul,Unknown,43.0,Unknown,,,2460.355,3.0,user1257@mail.com,,Canada
,Sneha,Female,27.0,Chennai,,2025-03-05,2460.355,3.0,,,India
1260,Pooja,Female,43.0,Ahmedabad,2024-08-19,2023-09-02,4487.52,3.0,,9496690044,UK
,Ankit,Unknown,43.0,Kolkata,2024-08-09,2022-12-04,2460.355,3.0,,,UK
1262,Ankit,Female,61.0,Pune,,2022-03-24,2460.355,3.0,,9944079049,Canada
1263,Ankit,Female,43.0,Bangalore,,2021-09-06,2460.355,3.0,user1262@mail.com,9857257204,India
C1264,Neha,Unknown,62.0,Bangalore,,,2460.355,3.0,,,India
,Pooja,Male,43.0,Delhi,2021-05-24,,103.69,3.0,,9544231087,India
1266,Pooja,Unknown,43.0,Ahmedabad,2023-06-15,2020-10-14,2460.355,3.0,,,Unknown
C1267,Priya,Female,43.0,Kolkata,2024-09-29,,2951.9,3.0,,,USA
1268,Pooja,Male,55.0,Ahmedabad,2023-02-15,,2460.355,3.0,,9778214251,USA
,Neha,Female,43.0,Chennai,,2020-10-07,2460.355,3.0,user1268@mail.com,,Australia
1270,Rahul,Male,68.0,Bangalore,,,1500.23,3.0,,,USA
1271,Ankit,Male,43.0,Hyderabad,,,2460.355,3.0,,,UK
,Priya,Male,43.0,Chennai,2024-12-04,,2460.355,3.0,,,USA
,Pooja,Male,44.0,Unknown,,,2472.13,3.0,,,USA
1274,Sneha,Male,43.0,Unknown,2024-05-19,2021-06-01,2460.355,3.0,,,Canada
,Kiran,Unknown,43.0,Delhi,2024-12-01,,2231.91,3.0,,,Canada
,Pooja,Unknown,43.0,Unknown,2021-06-26,2021-01-26,2508.0,3.0,,9896217096,USA
1277,Kiran,Male,43.0,Delhi,,,2618.82,5.0,user1276@mail.com,,Australia
,Neha,Male,43.0,Ahmedabad,2021-10-15,2022-06-17,2460.355,3.0,,,Unknown
C1279,Unknown,Male,43.0,Unknown,2020-09-02,,2460.355,4.0,,,Canada
1280,Amit,Female,43.0,Hyderabad,,2022-11-21,2460.355,3.0,,,UK
,Pooja,Female,43.0,Kolkata,,,2460.355,4.0,,,India
1282,Ravi,Female,43.0,Delhi,2025-11-30,,2460.355,3.0,,,UK
1283,Unknown,Female,63.0,Delhi,,2022-01-17,2460.355,3.0,,,USA
,Unknown,Unknown,43.0,Hyderabad,2021-03-31,,2460.355,3.0,user1283@mail.com,9832234223,Unknown
1285,Ankit,Female,48.0,Chennai,,,2460.355,3.0,,,India
1286,Pooja,Unknown,43.0,Mumbai,,2025-04-25,2229.62,4.0,,9295856598,India
1287,Ankit,Unknown,43.0,Unknown,2024-07-17,,3139.15,3.0,,,Canada
C1288,Priya,Unknown,43.0,Unknown,2021-03-24,,2460.355,3.0,user1287@mail.com,,India
1289,Pooja,Unknown,43.0,Mumbai,2020-10-10,2021-01-14,2460.355,3.0,,,UK
C1290,Pooja,Female,43.0,Ahmedabad,2025-03-23,,1403.38,3.0,,9600784676,India
1291,Priya,Male,43.0,Bangalore,2023-07-25,2024-07-12,2460.355,3.0,user1290@mail.com,,USA
1292,Simran,Unknown,43.0,Pune,2022-10-14,,2460.355,1.0,,,UK
1293,Amit,Male,68.0,Unknown,2022-11-01,2023-01-07,2460.355,3.0,,9413729936,Unknown
1294,Ankit,Female,43.0,Unknown,,,2460.355,3.0,,9736677238,USA
,Pooja,Male,43.0,Delhi,,,2460.355,3.0,user1294@mail.com,,Unknown
,Simran,Male,43.0,Hyderabad,,,3049.28,5.0,,,Canada
1297,Priya,Male,60.0,Chennai,,2021-01-01,2460.355,3.0,,9108998212,UK
,Priya,Male,43.0,Mumbai,2025-08-21,2023-09-29,2460.355,2.0,user1297@mail.com,,Unknown
1299,Rahul,Unknown,64.0,Delhi,2024-03-31,2021-11-14,2460.355,3.0,user1298@mail.com,,Unknown
1300,Unknown,Unknown,43.0,Bangalore,2024-03-31,,2460.355,3.0,,,Canada
C1301,Rahul,Female,64.0,Pune,2025-07-16,,2460.355,3.0,,,USA
C1302,Amit,Unknown,43.0,Ahmedabad,2023-01-26,,2460.355,3.0,,,UK
1303,Unknown,Female,39.0,Mumbai,,2021-01-10,2460.355,3.0,user1302@mail.com,,Unknown
C1304,Unknown,Male,43.0,Mumbai,,2020-10-15,2460.355,3.0,,,Unknown
1305,Unknown,Male,43.0,Pune,,2021-05-21,2460.355,3.0,,,Australia
C1306,Kiran,Female,21.0,Chennai,,,2217.56,3.0,,9299622728,Australia
C1307,Amit,Unknown,43.0,Hyderabad,2023-02-12,,2460.355,3.0,,,India
C1308,Ankit,Male,43.0,Mumbai,2025-01-30,2025-10-26,2460.355,3.0,user1307@mail.com,,Unknown
,Rahul,Female,43.0,Unknown,,,2460.355,3.0,,9354113438,Australia
C1310,Rahul,Unknown,57.0,Delhi,,,3353.85,3.0,,,Unknown
C1311,Priya,Male,43.0,Delhi,,2022-09-28,2949.11,3.0,user1310@mail.com,,Unknown
C1312,Ankit,Unknown,43.0,Hyderabad,2023-09-18,2024-10-01,2460.355,3.0,,,Australia
,Kiran,Male,43.0,Kolkata,,,2460.355,5.0,,,Canada
C1314,Unknown,Unknown,37.0,Hyderabad,,,2460.355,3.0,user1313@mail.com,,Australia
1315,Rahul,Unknown,43.0,Unknown,2022-08-28,,2460.355,3.0,,,Unknown
1316,Pooja,Unknown,43.0,Kolkata,2021-06-14,,3906.89,3.0,,9667668097,USA
1317,Amit,Female,56.0,Chennai,,2022-02-05,2471.08,3.0,,9722529203,USA
1318,Kiran,Male,43.0,Unknown,,2024-12-04,2460.355,3.0,,,USA
1319,Pooja,Unknown,43.0,Unknown,,,2460.355,3.0,,9626760998,USA
1320,Amit,Female,43.0,Unknown,,,2460.355,3.0,user1319@mail.com,,Unknown
1321,Sneha,Unknown,43.0,Delhi,2024-05-25,,2460.355,3.0,,,Unknown
1322,Simran,Male,43.0,Hyderabad,,,2460.355,5.0,,,UK
,Unknown,Female,43.0,Pune,2023-06-19,,1298.41,3.0,user1322@mail.com,,India
C1324,Pooja,Male,43.0,Bangalore,2024-09-02,,2460.355,3.0,,,Unknown
,Ravi,Unknown,43.0,Bangalore,,2023-04-13,2460.355,5.0,,,Australia
C1326,Unknown,Male,43.0,Chennai,,2021-03-02,2460.355,3.0,,,Canada
1327,Rahul,Female,43.0,Bangalore,,,4498.86,3.0,,,Canada
,Kiran,Female,43.0,Unknown,,,2924.59,5.0,,,India
1329,Pooja,Female,43.0,Bangalore,,,2460.355,3.0,,,Unknown
1330,Sneha,Female,43.0,Bangalore,2022-07-31,2023-05-02,2460.355,3.0,user1329@mail.com,9157630685,India
1331,Neha,Female,34.0,Delhi,,2021-06-14,2460.355,1.0,user1330@mail.com,,Australia
,Ravi,Female,43.0,Pune,2022-06-04,,2559.25,5.0,,,USA
1333,Unknown,Female,43.0,Bangalore,,,1932.12,3.0,,,India
1334,Kiran,Unknown,43.0,Kolkata,2025-12-19,,2460.355,3.0,,,India
1335,Pooja,Female,43.0,Unknown,2023-03-05,,2460.355,4.0,,,Australia
1336,Ravi,Unknown,43.0,Unknown,2024-12-30,,973.83,2.0,,9672791656,Canada
1337,Simran,Female,43.0,Unknown,,,2460.355,3.0,,,Canada
C1338,Amit,Female,43.0,Pune,,,2460.355,3.0,,,UK
C1339,Ravi,Unknown,43.0,Hyderabad,2021-09-12,,2460.355,3.0,,,India
1340,Unknown,Male,43.0,Mumbai,2025-11-16,,2460.355,3.0,,,Canada
C1341,Neha,Female,43.0,Kolkata,2021-06-22,,2460.355,3.0,,,India
C1342,Ravi,Male,43.0,Pune,2023-04-27,,2460.355,3.0,,,UK
,Neha,Unknown,50.0,Pune,2024-06-30,,2460.355,3.0,,9295678981,Canada
1344,Pooja,Unknown,43.0,Chennai,2024-08-30,,2460.355,3.0,,,UK
1345,Priya,Male,43.0,Pune,2022-02-04,,2460.355,2.0,,,USA
C1346,Neha,Male,43.0,Bangalore,,,2460.355,3.0,user1345@mail.com,,Unknown
C1347,Rahul,Male,43.0,Ahmedabad,,,2460.355,2.0,,,Canada
C1348,Priya,Male,43.0,Pune,,,1359.16,3.0,,,USA
1349,Ankit,Unknown,43.0,Hyderabad,2025-05-10,,187.78,3.0,,,USA
1350,Unknown,Male,43.0,Delhi,2023-07-17,,2460.355,3.0,,,Australia
C1351,Priya,Male,30.0,Mumbai,,2025-07-08,2460.355,3.0,,9307618167,USA
,Pooja,Female,29.0,Chennai,2022-06-03,2023-09-25,2460.355,3.0,,,Australia
1353,Simran,Unknown,43.0,Delhi,2026-01-18,,2460.355,3.0,,9144216746,UK
1354,Pooja,Male,64.0,Bangalore,2022-03-22,,2460.355,3.0,,,Australia
C1355,Rahul,Male,43.0,Ahmedabad,2026-01-19,,1176.53,3.0,,,India
1356,Kiran,Unknown,43.0,Hyderabad,2024-02-21,,2460.355,3.0,user1355@mail.com,,India
1357,Unknown,Female,43.0,Kolkata,,2023-03-23,2460.355,2.0,,,USA
1358,Ravi,Unknown,43.0,Mumbai,2023-12-24,,4087.76,3.0,,,Australia
C1359,Sneha,Female,43.0,Bangalore,,,2460.355,1.0,,,UK
C1360,Rahul,Female,34.0,Bangalore,2022-03-21,,2460.355,3.0,,,Australia
1361,Priya,Female,49.0,Unknown,,,2460.355,3.0,,,Unknown
1362,Pooja,Male,18.0,Mumbai,2025-09-26,2023-10-23,2460.355,5.0,,9407527430,Australia
1363,Amit,Male,43.0,Hyderabad,,2023-07-07,353.77,3.0,,9586801684,India
1364,Priya,Female,43.0,Mumbai,2020-09-20,,2460.355,3.0,,,India
1365,Kiran,Male,43.0,Pune,,,2460.355,3.0,,,UK
,Priya,Unknown,43.0,Chennai,,2021-10-09,2460.355,3.0,user1365@mail.com,,Australia
,Neha,Unknown,43.0,Pune,2023-03-25,2021-02-20,2460.355,3.0,,,Australia
1368,Rahul,Male,69.0,Pune,,,2460.355,3.0,user1367@mail.com,,UK
1369,Kiran,Female,43.0,Ahmedabad,,,2460.355,3.0,,,Unknown
1370,Kiran,Male,40.0,Kolkata,2021-03-02,,2460.355,3.0,,,Unknown
1371,Rahul,Female,43.0,Bangalore,2024-08-15,,2460.355,1.0,,,Unknown
,Rahul,Unknown,43.0,Bangalore,2024-01-31,,2460.355,3.0,user1371@mail.com,,USA
1373,Ankit,Male,43.0,Chennai,2025-12-13,,388.61,3.0,,,Unknown
1374,Rahul,Female,43.0,Ahmedabad,2024-07-01,,2460.355,3.0,,,India
C1375,Simran,Unknown,43.0,Mumbai,2024-06-10,,2460.355,3.0,,,Australia
,Unknown,Unknown,43.0,Delhi,,2025-02-01,2460.355,5.0,,,USA
C1377,Unknown,Female,24.0,Ahmedabad,,2021-03-02,2460.355,3.0,,9662465022,India
,Unknown,Female,43.0,Mumbai,,2025-05-11,2460.355,3.0,user1377@mail.com,,UK
1379,Ankit,Unknown,43.0,Mumbai,,2025-06-06,2460.355,4.0,,9375879824,Unknown
C1380,Neha,Male,43.0,Ahmedabad,,2023-11-11,2460.355,5.0,user1379@mail.com,,India
,Simran,Unknown,43.0,Hyderabad,,2022-07-06,2460.355,2.0,user1380@mail.com,,UK
1382,Amit,Male,43.0,Chennai,2022-10-02,2021-10-27,2460.355,3.0,,,UK
1383,Sneha,Unknown,70.0,Delhi,,,2460.355,3.0,,9344566850,USA
C1384,Amit,Unknown,43.0,Bangalore,2022-05-04,2022-02-17,2460.355,3.0,,9941758532,India
,Unknown,Male,43.0,Hyderabad,2022-04-17,2025-07-04,2460.355,3.0,user1384@mail.com,9715533066,Australia
1386,Sneha,Female,43.0,Pune,,2021-01-26,2460.355,3.0,,,UK
1387,Ankit,Male,43.0,Delhi,,,2460.355,3.0,,,UK
C1388,Simran,Unknown,43.0,Chennai,2022-05-04,2024-03-18,2460.355,5.0,,9956710908,Unknown
1389,Pooja,Unknown,65.0,Mumbai,2020-10-10,,2460.355,3.0,,,Canada
,Neha,Female,43.0,Mumbai,,2024-08-26,2460.355,3.0,,,UK
1391,Ankit,Male,43.0,Kolkata,2022-01-18,2021-01-18,2460.355,3.0,,,Unknown
C1392,Pooja,Unknown,43.0,Kolkata,,,2111.61,3.0,,9762397844,USA
C1393,Neha,Female,43.0,Pune,,2025-10-02,2460.355,3.0,,,USA
1394,Amit,Male,43.0,Mumbai,2024-08-21,2020-08-23,2460.355,3.0,,,India
1395,Unknown,Male,43.0,Pune,,,2460.355,4.0,,,India
1396,Simran,Female,39.0,Pune,2025-02-18,2025-01-21,2460.355,3.0,user1395@mail.com,,USA
C1397,Pooja,Unknown,43.0,Ahmedabad,2024-07-05,2022-11-19,1928.13,3.0,,,UK
C1398,Ravi,Male,59.0,Ahmedabad,2023-08-11,,2460.355,3.0,,9260061049,Unknown
,Kiran,Male,54.0,Delhi,2021-10-10,,2460.355,4.0,,9660028680,Unknown
,Unknown,Female,43.0,Unknown,2024-11-25,,2460.355,3.0,,,Canada
1401,Ankit,Unknown,43.0,Hyderabad,2022-05-19,2023-09-20,2475.37,3.0,user1400@mail.com,,India
C1402,Rahul,Male,27.0,Bangalore,,,2460.355,3.0,,9467762506,USA
C1403,Unknown,Unknown,43.0,Ahmedabad,,,2460.355,1.0,user1402@mail.com,,India
C1404,Pooja,Female,67.0,Delhi,,2022-12-14,2460.355,3.0,,,Unknown
,Neha,Male,43.0,Chennai,2023-03-02,2022-07-11,2460.355,3.0,user1404@mail.com,,Australia
1406,Ankit,Female,43.0,Kolkata,2023-01-22,2021-11-19,4982.59,3.0,user1405@mail.com,9643012176,Canada
,Sneha,Unknown,43.0,Delhi,,,2460.355,3.0,,,UK
,Unknown,Female,43.0,Unknown,2022-08-13,,2460.355,2.0,,,UK
1409,Neha,Female,38.0,Bangalore,,2021-08-09,2460.355,5.0,,,USA
1410,Unknown,Male,43.0,Chennai,2021-03-05,,2460.355,3.0,,,Australia
1411,Kiran,Unknown,49.0,Delhi,,,3041.54,3.0,,,Australia
C1412,Simran,Unknown,43.0,Bangalore,,2022-02-20,2460.355,3.0,,9365279058,Unknown
1413,Ravi,Unknown,43.0,Bangalore,2025-03-09,2022-09-24,2460.355,2.0,user1412@mail.com,,India
1414,Unknown,Female,43.0,Hyderabad,2023-10-01,,2460.355,1.0,,9555229067,India
C1415,Ravi,Male,43.0,Ahmedabad,2023-09-06,,2460.355,3.0,,9232264949,Canada
1416,Neha,Unknown,49.0,Pune,,,3144.47,3.0,,,India
,Priya,Unknown,43.0,Chennai,2021-03-03,,2460.355,3.0,,,Unknown
1418,Rahul,Unknown,43.0,Ahmedabad,2025-08-05,,995.36,1.0,,,Canada
1419,Pooja,Male,43.0,Ahmedabad,2023-12-11,,3804.91,3.0,,9553592361,UK
,Simran,Female,43.0,Chennai,,,1579.25,3.0,,9566044545,USA
1421,Ankit,Male,43.0,Pune,2025-04-08,,1661.44,3.0,,9853029369,India
C1422,Simran,Unknown,43.0,Mumbai,,,2460.355,3.0,,,UK
,Ankit,Male,43.0,Pune,2022-06-29,,2460.355,3.0,,9891602735,Canada
,Simran,Female,43.0,Ahmedabad,2024-02-17,,2460.355,3.0,,,Australia
C1425,Ravi,Female,31.0,Bangalore,2022-04-19,,2848.1,3.0,,,Australia
1426,Kiran,Unknown,28.0,Pune,2021-10-20,,2460.355,3.0,,,Canada
,Priya,Male,43.0,Unknown,,2022-07-09,2460.355,3.0,user1426@mail.com,,UK
C1428,Unknown,Unknown,43.0,Chennai,2022-01-26,,2460.355,5.0,,,Unknown
1429,Amit,Unknown,43.0,Delhi,,2023-05-12,2460.355,3.0,user1428@mail.com,9947089144,Canada
,Ravi,Unknown,43.0,Mumbai,2025-05-09,,2460.355,3.0,,,India
1431,Amit,Male,26.0,Hyderabad,,,2460.355,4.0,user1430@mail.com,,Unknown
1432,Priya,Unknown,43.0,Bangalore,,,2557.83,3.0,,,USA
C1433,Unknown,Female,43.0,Delhi,,2021-12-10,2460.355,3.0,,,Australia
1434,Amit,Female,43.0,Unknown,2023-08-15,,2460.355,3.0,user1433@mail.com,,UK
C1435,Ankit,Male,43.0,Pune,,,2460.355,2.0,,,Canada
,Unknown,Unknown,43.0,Unknown,,2022-02-03,2460.355,3.0,,9392739763,USA
C1437,Ravi,Female,43.0,Ahmedabad,,,2460.355,3.0,,,Canada
,Neha,Unknown,43.0,Bangalore,,2023-09-05,1292.01,3.0,user1437@mail.com,,Unknown
C1439,Sneha,Male,43.0,Delhi,,2025-04-18,2460.355,3.0,,,Unknown
C1440,Priya,Unknown,66.0,Mumbai,2021-01-23,,2460.355,3.0,,,Australia
C1441,Sneha,Male,43.0,Ahmedabad,,,2460.355,3.0,user1440@mail.com,9648084542,Canada
1442,Pooja,Unknown,67.0,Chennai,,2024-05-15,1009.04,5.0,,,Canada
,Priya,Male,28.0,Bangalore,,,2590.05,3.0,user1442@mail.com,,UK
1444,Unknown,Female,43.0,Bangalore,2025-06-28,2021-11-12,2400.93,3.0,user1443@mail.com,,Canada
C1445,Ankit,Unknown,43.0,Unknown,,2023-07-21,2581.18,3.0,,,USA
1446,Ravi,Female,43.0,Unknown,2025-05-13,,2460.355,3.0,user1445@mail.com,9112223075,India
,Ravi,Male,43.0,Kolkata,,2025-06-07,2460.355,3.0,,,Australia
1448,Pooja,Unknown,43.0,Hyderabad,,,4617.65,3.0,,9172852311,Unknown
1449,Rahul,Male,43.0,Ahmedabad,2024-03-15,,2460.355,3.0,,9576097125,Canada
,Unknown,Male,58.0,Mumbai,,2022-01-02,2460.355,3.0,,,Australia
1451,Sneha,Unknown,43.0,Pune,,,2460.355,3.0,user1450@mail.com,,UK
1452,Ankit,Unknown,43.0,Chennai,2024-09-29,2021-03-26,2460.355,3.0,user1451@mail.com,9385403642,Australia
C1453,Neha,Female,43.0,Chennai,2025-10-28,,2460.355,2.0,user1452@mail.com,,Canada
C1454,Priya,Unknown,43.0,Chennai,2022-05-08,,2460.355,3.0,,,India
C1455,Priya,Female,38.0,Ahmedabad,,,2460.355,3.0,,,Unknown
1456,Rahul,Female,43.0,Kolkata,,2025-09-13,2460.355,5.0,,,Unknown
C1457,Amit,Male,18.0,Mumbai,,,2460.355,3.0,,9975250698,Australia
1458,Amit,Unknown,26.0,Delhi,,,2460.355,3.0,,,Unknown
,Amit,Female,43.0,Kolkata,,,2460.355,3.0,user1458@mail.com,,Unknown
1460,Amit,Female,43.0,Bangalore,2023-10-09,,3547.91,3.0,user1459@mail.com,9117108242,Australia
1461,Sneha,Unknown,36.0,Pune,,2025-07-31,2460.355,3.0,,9508312246,Unknown
,Unknown,Unknown,43.0,Bangalore,,2025-02-27,3755.21,3.0,,,Unknown
1463,Sneha,Female,43.0,Unknown,,2021-03-19,2460.355,3.0,,,India
,Neha,Female,46.0,Mumbai,2023-01-31,,3345.41,3.0,,9602808855,USA
1465,Sneha,Female,43.0,Pune,2022-12-06,,2460.355,3.0,user1464@mail.com,,India
,Ankit,Female,43.0,Delhi,,,2460.355,3.0,,,Australia
1467,Sneha,Female,44.0,Delhi,2025-01-03,2020-12-08,2460.355,3.0,,9311125569,Australia
C1468,Unknown,Female,43.0,Hyderabad,2024-04-22,2023-06-14,3364.93,3.0,user1467@mail.com,,Australia
1469,Ankit,Female,43.0,Bangalore,,,361.18,3.0,user1468@mail.com,,India
1470,Ankit,Male,43.0,Unknown,2024-04-14,,2460.355,3.0,,,Canada
,Ravi,Female,43.0,Unknown,2023-08-24,,2460.355,3.0,,9422409549,Canada
1472,Neha,Male,43.0,Unknown,2024-04-05,,2460.355,4.0,,,USA
1473,Ravi,Male,43.0,Pune,2025-11-23,,2460.355,3.0,,9420588250,Canada
C1474,Priya,Male,21.0,Delhi,,,2460.355,3.0,,,India
,Amit,Female,43.0,Ahmedabad,,,2460.355,3.0,,,Canada
,Ankit,Unknown,43.0,Mumbai,,,1656.03,1.0,,,Canada
C1477,Rahul,Unknown,43.0,Delhi,2022-11-22,,2460.355,3.0,user1476@mail.com,,Unknown
1478,Rahul,Male,43.0,Pune,,2021-02-22,2460.355,3.0,,,Unknown
C1479,Unknown,Unknown,27.0,Delhi,,,2460.355,3.0,user1478@mail.com,9656693317,Canada
,Kiran,Female,43.0,Kolkata,,,2460.355,5.0,,,India
1481,Sneha,Female,47.0,Pune,2025-12-02,2025-07-15,2460.355,3.0,user1480@mail.com,,India
1482,Simran,Male,43.0,Hyderabad,2025-01-08,,2227.2,2.0,,,India
,Rahul,Female,43.0,Delhi,,,2460.355,3.0,,,Canada
1484,Amit,Female,43.0,Ahmedabad,2024-08-24,,1674.71,3.0,,,USA
1485,Pooja,Male,43.0,Delhi,2023-02-26,2025-07-23,2361.99,3.0,user1484@mail.com,,USA
1486,Amit,Female,43.0,Ahmedabad,,,2460.355,3.0,,,India
C1487,Kiran,Male,43.0,Mumbai,2025-04-04,2023-12-06,2460.355,3.0,user1486@mail.com,,Australia
,Simran,Female,43.0,Chennai,2021-04-28,2023-09-28,2460.355,3.0,user1487@mail.com,,India
C1489,Kiran,Male,43.0,Mumbai,2022-07-02,,2460.355,2.0,,,India
,Pooja,Male,43.0,Chennai,,,2460.355,3.0,,,Canada
1491,Unknown,Female,67.0,Unknown,,,2460.355,3.0,user1490@mail.com,,Canada
,Amit,Unknown,60.0,Chennai,,,2460.355,3.0,,9820773565,Australia
C1493,Priya,Male,51.0,Delhi,2022-09-20,,2460.355,3.0,,,UK
1494,Neha,Male,43.0,Kolkata,,2025-09-04,2460.355,5.0,,,Unknown
1495,Simran,Female,43.0,Kolkata,2021-02-10,,2460.355,3.0,user1494@mail.com,,Canada
C1496,Unknown,Male,43.0,Pune,2022-10-21,2021-07-01,2460.355,3.0,user1495@mail.com,9466673553,Canada
C1497,Kiran,Female,28.0,Ahmedabad,2024-03-05,,2758.91,3.0,user1496@mail.com,9208776085,Australia
1498,Sneha,Female,43.0,Hyderabad,,,2460.355,3.0,user1497@mail.com,9403172264,Unknown
1499,Simran,Female,43.0,Pune,,,3355.58,3.0,,9653159940,USA
,Unknown,Female,43.0,Mumbai,2022-06-20,,2460.355,3.0,,,UK
C1501,Kiran,Unknown,43.0,Delhi,,2023-09-27,2460.355,3.0,,,Unknown
,Kiran,Unknown,43.0,Bangalore,,,4588.95,3.0,,,Canada
1503,Sneha,Unknown,43.0,Kolkata,2025-03-13,,2460.355,3.0,,9569555319,Australia
1504,Ravi,Unknown,43.0,Pune,,2021-12-12,2460.355,3.0,,9918334131,Canada
C1505,Sneha,Female,43.0,Delhi,,,3103.59,3.0,,,Canada
1506,Amit,Female,43.0,Unknown,,,819.25,3.0,,9717409213,Australia
1507,Amit,Male,43.0,Bangalore,,2020-08-20,2460.355,3.0,user1506@mail.com,,Canada
1508,Unknown,Male,43.0,Pune,,2023-07-17,3050.88,1.0,user1507@mail.com,,India
,Unknown,Male,43.0,Unknown,2021-03-02,,3520.55,3.0,,,UK
,Ravi,Female,32.0,Unknown,,2023-09-18,3815.42,3.0,,,UK
,Priya,Unknown,59.0,Hyderabad,,,2460.355,3.0,,9947777907,USA
,Kiran,Unknown,43.0,Hyderabad,2021-08-17,,2460.355,3.0,,9303724867,USA
,Sneha,Male,43.0,Delhi,2023-05-10,,2460.355,2.0,,,USA
1514,Pooja,Female,43.0,Bangalore,2025-01-28,,2460.355,3.0,,,India
1515,Ravi,Female,46.0,Ahmedabad,,,2460.355,3.0,,,Unknown
1516,Simran,Female,43.0,Delhi,,,2460.355,3.0,user1515@mail.com,9833324951,USA
,Neha,Female,69.0,Mumbai,,,1522.04,3.0,,,Canada
1518,Ravi,Female,43.0,Kolkata,2025-12-04,,4228.47,3.0,,,Australia
1519,Unknown,Male,43.0,Chennai,,2025-07-05,2460.355,3.0,,,UK
C1520,Sneha,Male,43.0,Mumbai,2024-09-09,2025-02-25,2718.48,2.0,user1519@mail.com,,Australia
1521,Simran,Female,43.0,Unknown,,,822.32,3.0,,,USA
C1522,Pooja,Unknown,49.0,Unknown,,,2460.355,3.0,,9556088440,Unknown
,Amit,Unknown,43.0,Pune,,2023-12-24,2460.355,4.0,,9874572371,USA
,Neha,Unknown,43.0,Mumbai,,2022-05-05,2460.355,3.0,,,USA
C1525,Neha,Male,43.0,Kolkata,,2025-05-07,4498.97,3.0,user1524@mail.com,,USA
C1526,Kiran,Female,33.0,Hyderabad,,,2460.355,3.0,,,Unknown
C1527,Amit,Female,43.0,Hyderabad,2020-08-25,,2460.355,3.0,,,India
1528,Kiran,Male,43.0,Kolkata,2025-11-11,,2460.355,3.0,user1527@mail.com,,USA
1529,Amit,Female,43.0,Pune,2023-04-22,,489.07,3.0,,9282809498,Unknown
1530,Sneha,Male,43.0,Hyderabad,2020-12-20,2025-10-14,2460.355,3.0,,,Canada
1531,Priya,Male,18.0,Ahmedabad,2021-05-02,,2460.355,3.0,,,Australia
,Unknown,Male,27.0,Chennai,,,2460.355,3.0,,9597652170,USA
1533,Rahul,Male,46.0,Ahmedabad,,2025-01-13,2460.355,3.0,,,Canada
C1534,Sneha,Unknown,43.0,Unknown,,,2544.56,2.0,user1533@mail.com,,Australia
1535,Priya,Female,43.0,Kolkata,2023-01-12,,2460.355,3.0,user1534@mail.com,,Australia
C1536,Priya,Male,43.0,Bangalore,,,4284.68,3.0,,,Unknown
C1537,Simran,Male,43.0,Unknown,2025-12-02,2024-06-18,2460.355,3.0,,,Unknown
1538,Sneha,Female,43.0,Unknown,2025-11-15,,2460.355,4.0,,,India
1539,Unknown,Male,43.0,Pune,,,2460.355,3.0,,9101057797,Canada
,Simran,Male,43.0,Chennai,2024-05-04,,2460.355,3.0,,,USA
,Amit,Unknown,43.0,Mumbai,,2025-05-09,2860.21,3.0,user1540@mail.com,,Canada
1542,Simran,Male,66.0,Unknown,2024-12-01,2024-07-01,3922.5,2.0,user1541@mail.com,,Australia
C1543,Amit,Female,43.0,Kolkata,,,2460.355,3.0,,9591799415,Unknown
C1544,Unknown,Unknown,43.0,Chennai,2023-04-01,,2460.355,3.0,,,India
1545,Sneha,Female,43.0,Unknown,,,2460.355,3.0,,9400633627,Unknown
C1546,Pooja,Unknown,43.0,Ahmedabad,,,2460.355,3.0,,,Unknown
C1547,Pooja,Male,43.0,Hyderabad,,2020-08-19,2460.355,3.0,,9995093239,Canada
1548,Amit,Male,43.0,Delhi,2021-02-15,,2460.355,4.0,user1547@mail.com,,India
1549,Simran,Unknown,43.0,Kolkata,2023-02-07,,2460.355,3.0,user1548@mail.com,,Australia
,Kiran,Female,43.0,Chennai,2023-10-03,,2460.355,2.0,,9552536877,India
,Rahul,Unknown,43.0,Ahmedabad,2021-11-05,2025-02-02,2460.355,3.0,,,Australia
1552,Ankit,Male,43.0,Bangalore,,,2460.355,4.0,user1551@mail.com,,India
,Unknown,Female,63.0,Mumbai,2020-08-24,,2460.355,3.0,,,Canada
,Unknown,Female,43.0,Mumbai,,2021-05-19,2460.355,3.0,,9567127922,Australia
1555,Neha,Unknown,43.0,Pune,,,2460.355,1.0,,9875166127,UK
1556,Ravi,Female,43.0,Pune,2025-09-19,,2460.355,3.0,,,UK
1557,Ravi,Male,37.0,Ahmedabad,,,1971.61,3.0,,9841704304,Australia
1558,Priya,Female,43.0,Delhi,2022-05-02,,1308.52,3.0,,,USA
1559,Rahul,Male,43.0,Kolkata,2023-05-03,,2460.355,3.0,,,Australia
,Ravi,Male,43.0,Bangalore,,,4843.62,3.0,,,USA
,Simran,Female,29.0,Ahmedabad,,,2460.355,3.0,,,Canada
,Unknown,Female,43.0,Ahmedabad,2021-09-25,2024-07-15,2460.355,3.0,user1561@mail.com,9476144258,Unknown
1563,Kiran,Male,25.0,Kolkata,2023-06-29,,2460.355,3.0,,,Canada
1564,Priya,Female,59.0,Pune,2022-03-05,2022-10-22,2460.355,3.0,,9173461961,India
1565,Pooja,Male,43.0,Kolkata,,,3177.39,3.0,user1564@mail.com,,Canada
,Neha,Female,49.0,Chennai,2020-11-07,,2460.355,5.0,user1565@mail.com,,Canada
1567,Rahul,Female,43.0,Ahmedabad,2024-07-31,,2572.0,3.0,,9738228976,India
,Sneha,Female,43.0,Unknown,2025-04-23,,2460.355,3.0,,,USA
1569,Amit,Unknown,43.0,Hyderabad,2022-12-10,,2460.355,3.0,,9947553108,Unknown
C1570,Unknown,Unknown,43.0,Mumbai,,2021-12-11,2460.355,3.0,,,Unknown
1571,Priya,Female,43.0,Delhi,,,4280.2,3.0,,,Australia
1572,Rahul,Female,43.0,Bangalore,2026-01-24,2024-06-18,3537.21,5.0,,,UK
1573,Simran,Unknown,43.0,Bangalore,,,2460.355,3.0,user1572@mail.com,,USA
,Amit,Female,43.0,Bangalore,,,2460.355,3.0,,,India
1575,Rahul,Male,43.0,Kolkata,,2025-02-05,2460.355,3.0,,,UK
,Sneha,Unknown,43.0,Hyderabad,2022-10-18,,2460.355,3.0,user1575@mail.com,,Canada
,Amit,Male,43.0,Kolkata,2022-07-20,,2460.355,3.0,,9395879432,Australia
1578,Ravi,Unknown,43.0,Pune,2025-02-07,,2460.355,3.0,,9967110333,India
1579,Pooja,Male,43.0,Mumbai,2023-06-13,,2460.355,3.0,,,UK
,Rahul,Female,43.0,Delhi,2023-02-06,,2023.5,1.0,user1579@mail.com,,Canada
1581,Amit,Female,43.0,Bangalore,2025-04-10,,2460.355,3.0,,,USA
C1582,Ravi,Male,43.0,Bangalore,,,2460.355,3.0,,,India
1583,Kiran,Male,43.0,Delhi,2021-05-06,2023-07-09,2460.355,1.0,user1582@mail.com,,Australia
C1584,Kiran,Female,43.0,Kolkata,,,384.31,3.0,user1583@mail.com,,Unknown
1585,Kiran,Male,43.0,Ahmedabad,2023-04-24,,2460.355,3.0,user1584@mail.com,,India
,Ankit,Female,43.0,Hyderabad,,,3102.19,1.0,,,India
,Rahul,Male,43.0,Chennai,2025-05-19,,2460.355,3.0,,9876883757,Unknown
1588,Priya,Male,43.0,Pune,2023-03-24,,2460.355,3.0,,,Australia
,Priya,Female,43.0,Ahmedabad,2021-12-29,,2460.355,1.0,user1588@mail.com,,India
1590,Amit,Male,43.0,Unknown,,,2460.355,3.0,,,Canada
1591,Ankit,Male,43.0,Ahmedabad,2023-09-21,,2460.355,3.0,,9304416506,Unknown
C1592,Ankit,Male,43.0,Unknown,2021-08-29,2024-03-30,3551.22,3.0,,9798722055,Australia
1593,Ravi,Unknown,43.0,Kolkata,2023-09-23,,2460.355,3.0,user1592@mail.com,,UK
1594,Amit,Female,43.0,Hyderabad,,2020-09-14,3813.25,3.0,,,UK
,Amit,Male,52.0,Bangalore,2022-06-05,,2460.355,3.0,,9496166789,Canada
1596,Simran,Male,45.0,Chennai,,,2460.355,3.0,,,Australia
1597,Priya,Unknown,43.0,Bangalore,2021-09-14,,2337.08,3.0,,9387596534,Unknown
1599,Sneha,Unknown,64.0,Delhi,,,668.65,3.0,user1598@mail.com,,USA
1600,Pooja,Male,39.0,Ahmedabad,,,2460.355,1.0,user1599@mail.com,,UK
,Pooja,Male,43.0,Bangalore,,,2460.355,3.0,,,Canada
,Unknown,Unknown,39.0,Pune,,,2460.355,3.0,,,Australia
1603,Pooja,Male,43.0,Pune,2025-07-20,,2460.355,4.0,user1602@mail.com,,Unknown
,Simran,Male,43.0,Mumbai,,,2460.355,3.0,,,Australia
1605,Unknown,Male,43.0,Delhi,2024-11-09,,2460.355,4.0,,,Australia
C1606,Ravi,Female,43.0,Pune,,2022-09-06,166.8,3.0,,,Unknown
C1607,Priya,Unknown,43.0,Hyderabad,2022-12-05,,2460.355,3.0,user1606@mail.com,,UK
1608,Ravi,Unknown,43.0,Hyderabad,,,2460.355,3.0,,9295912340,USA
1609,Amit,Unknown,43.0,Hyderabad,,,565.21,1.0,,,Unknown
1610,Sneha,Male,43.0,Mumbai,,,2460.355,3.0,,,UK
C1611,Kiran,Female,38.0,Ahmedabad,2021-01-22,,2460.355,3.0,,9263814726,USA
1612,Sneha,Unknown,43.0,Mumbai,2022-11-08,,2181.5,3.0,,,Unknown
C1613,Neha,Male,43.0,Delhi,,2021-11-30,2460.355,3.0,,9462985709,USA
1614,Ankit,Female,43.0,Bangalore,,,2460.355,3.0,user1613@mail.com,,Australia
1615,Unknown,Female,50.0,Hyderabad,,,4779.47,3.0,,,USA
1616,Neha,Unknown,43.0,Chennai,2022-06-04,,2460.355,3.0,,,Australia
C1617,Rahul,Female,43.0,Delhi,2022-06-03,2022-01-17,2460.355,3.0,user1616@mail.com,,Australia
1618,Rahul,Female,43.0,Delhi,,2020-12-18,2460.355,3.0,,9778837749,India
C1619,Simran,Male,43.0,Unknown,,2023-09-07,2460.355,3.0,,,USA
1620,Rahul,Male,49.0,Delhi,2025-05-07,,2460.355,3.0,user1619@mail.com,,Australia
1621,Ravi,Male,43.0,Hyderabad,,,2460.355,5.0,,,Unknown
1622,Sneha,Unknown,43.0,Delhi,2022-04-15,2021-04-16,2460.355,3.0,,,USA
,Kiran,Female,25.0,Chennai,2023-07-15,,2460.355,3.0,,9626664124,USA
C1624,Ankit,Male,43.0,Chennai,,2025-05-11,2460.355,3.0,,,India
1625,Amit,Male,43.0,Kolkata,,,2460.355,3.0,user1624@mail.com,9894285390,USA
C1626,Ravi,Male,43.0,Hyderabad,,2024-08-25,2460.355,3.0,user1625@mail.com,,Unknown
,Unknown,Male,30.0,Pune,2024-06-17,,919.67,3.0,user1626@mail.com,9800006844,Unknown
1628,Neha,Male,43.0,Kolkata,,,1863.48,3.0,,,Unknown
C1629,Ravi,Unknown,60.0,Mumbai,2023-04-10,,2460.355,5.0,,,Australia
C1630,Pooja,Female,43.0,Bangalore,,,3184.0,3.0,,,Australia
1631,Pooja,Male,37.0,Ahmedabad,,,2460.355,3.0,,,Unknown
,Ankit,Unknown,43.0,Mumbai,2023-01-17,2021-07-07,2460.355,4.0,,,UK
C1633,Rahul,Male,43.0,Mumbai,,,1035.16,3.0,,,USA
C1634,Ankit,Male,43.0,Unknown,,,2460.355,3.0,,,USA
C1635,Amit,Male,43.0,Chennai,2022-04-16,,2460.355,3.0,,,Unknown
C1636,Pooja,Unknown,43.0,Bangalore,,,1770.09,3.0,,,Canada
1637,Rahul,Male,43.0,Ahmedabad,2022-02-08,,1948.68,3.0,,,USA
1638,Ravi,Male,43.0,Bangalore,2023-04-28,,2460.355,3.0,,9470429869,Unknown
1639,Pooja,Unknown,43.0,Pune,,,2460.355,4.0,,,Unknown
1640,Amit,Unknown,64.0,Chennai,2020-12-08,,2460.355,3.0,,,India
1641,Ravi,Female,43.0,Chennai,2021-01-30,2025-01-24,2460.355,5.0,,,UK
C1642,Ankit,Unknown,43.0,Ahmedabad,,2024-11-30,2460.355,3.0,user1641@mail.com,,Canada
,Ankit,Male,43.0,Delhi,,,2460.355,3.0,,9969610005,USA
C1644,Ravi,Male,43.0,Bangalore,,2022-03-27,2460.355,3.0,,,India
1645,Kiran,Female,43.0,Bangalore,2021-11-22,,2460.355,3.0,,,Australia
C1646,Simran,Male,43.0,Bangalore,2020-11-22,,2460.355,3.0,,,Unknown
1647,Sneha,Unknown,43.0,Unknown,,,2460.355,3.0,,,India
1648,Priya,Male,43.0,Pune,,2025-01-04,2460.355,3.0,,,India
1649,Priya,Unknown,43.0,Ahmedabad,2023-01-11,2022-10-24,2460.355,3.0,user1648@mail.com,9209670441,Unknown
1650,Pooja,Male,43.0,Hyderabad,,2024-06-26,2460.355,3.0,,,Unknown
C1651,Amit,Female,43.0,Hyderabad,,,2460.355,3.0,user1650@mail.com,,Unknown
1652,Priya,Female,43.0,Pune,2020-12-20,,2460.355,3.0,,,India
1653,Pooja,Female,43.0,Mumbai,2023-09-13,,2460.355,3.0,,9852235948,UK
1654,Ankit,Male,43.0,Kolkata,,2025-04-20,2460.355,3.0,,,Unknown
C1655,Kiran,Female,43.0,Pune,2022-04-24,,2460.355,3.0,user1654@mail.com,,Australia
1656,Priya,Female,43.0,Unknown,2022-11-26,2021-11-17,655.97,1.0,,,India
1657,Priya,Female,43.0,Bangalore,2023-12-26,,2460.355,3.0,user1656@mail.com,,Canada
C1658,Sneha,Unknown,64.0,Kolkata,2020-09-21,,2460.355,3.0,,9892469638,Unknown
,Unknown,Male,43.0,Delhi,,,2460.355,3.0,,,Canada
C1660,Pooja,Unknown,43.0,Ahmedabad,,,2571.35,3.0,,,UK
C1661,Simran,Male,43.0,Kolkata,,,4677.88,3.0,user1660@mail.com,9370206018,USA
1662,Ankit,Male,43.0,Chennai,,2020-09-12,2460.355,3.0,,,Australia
,Ankit,Male,43.0,Delhi,,,2460.355,3.0,,,Canada
C1664,Pooja,Female,43.0,Mumbai,2025-07-02,2023-11-23,2460.355,1.0,,,Canada
1665,Unknown,Female,43.0,Hyderabad,2021-04-01,2023-01-05,2460.355,3.0,user1664@mail.com,,USA
1666,Amit,Female,43.0,Bangalore,2021-03-05,2022-01-29,2460.355,3.0,user1665@mail.com,,Australia
,Priya,Female,43.0,Pune,,,2460.355,3.0,,,USA
1668,Rahul,Male,39.0,Ahmedabad,,,2460.355,2.0,,,Unknown
1669,Amit,Male,43.0,Chennai,,2022-06-08,2460.355,3.0,,,USA
1670,Neha,Unknown,30.0,Chennai,,,2460.355,3.0,user1669@mail.com,9414191292,Australia
,Simran,Male,54.0,Chennai,2025-07-23,,2460.355,3.0,,,Canada
1672,Kiran,Unknown,43.0,Mumbai,,2024-11-08,2460.355,3.0,user1671@mail.com,9768824723,UK
1673,Unknown,Male,28.0,Unknown,2025-08-17,,2460.355,3.0,user1672@mail.com,9395037224,Australia
1674,Kiran,Male,43.0,Pune,,,2460.355,3.0,,,Unknown
1675,Priya,Unknown,51.0,Unknown,2022-08-24,,2460.355,3.0,user1674@mail.com,,Canada
C1676,Ravi,Female,43.0,Mumbai,2023-06-17,,2460.355,3.0,user1675@mail.com,9355059953,UK
1677,Ravi,Male,43.0,Unknown,,,2460.355,3.0,,,Unknown
C1678,Sneha,Male,43.0,Pune,,2022-11-22,2460.355,1.0,,,Unknown
1679,Rahul,Male,43.0,Unknown,,2024-02-11,2460.355,3.0,,9600014379,Unknown
1680,Ankit,Female,43.0,Kolkata,2022-11-15,,2460.355,3.0,,,India
1681,Kiran,Female,43.0,Mumbai,,2022-06-03,2460.355,3.0,,,UK
1682,Ravi,Female,43.0,Chennai,2024-11-04,2023-12-03,3668.74,3.0,,,Unknown
1683,Simran,Female,47.0,Bangalore,2025-03-30,2026-01-24,2460.355,3.0,,,Unknown
C1684,Pooja,Unknown,43.0,Kolkata,,,2460.355,3.0,,,Australia
1685,Rahul,Female,43.0,Kolkata,,,2460.355,1.0,,,USA
C1686,Unknown,Female,43.0,Pune,2024-08-25,,2460.355,5.0,user1685@mail.com,,USA
C1687,Unknown,Female,43.0,Delhi,,,2460.355,1.0,,,India
1688,Unknown,Female,43.0,Mumbai,,2022-11-30,2460.355,3.0,,9935988751,Canada
1689,Pooja,Male,43.0,Pune,2025-03-28,,4981.4,3.0,user1688@mail.com,,Australia
1690,Unknown,Female,43.0,Hyderabad,2024-01-20,,2460.355,3.0,user1689@mail.com,,Unknown
C1691,Unknown,Male,43.0,Chennai,,,2460.355,3.0,,9345246180,Unknown
C1692,Unknown,Male,43.0,Unknown,,,2460.355,3.0,,,Australia
1693,Kiran,Unknown,38.0,Pune,2020-09-28,,2460.355,4.0,user1692@mail.com,,India
1694,Simran,Female,43.0,Ahmedabad,,,2460.355,3.0,,9315647117,USA
,Ankit,Female,43.0,Mumbai,,,2460.355,3.0,,,Unknown
1696,Unknown,Male,43.0,Mumbai,2025-02-22,,2460.355,3.0,user1695@mail.com,,India
1697,Amit,Male,63.0,Mumbai,2023-01-04,,105.85,3.0,,,Canada
C1698,Ankit,Male,43.0,Hyderabad,,,2460.355,3.0,,,India
C1699,Unknown,Unknown,43.0,Mumbai,2025-09-27,,2460.355,3.0,,,UK
C1700,Rahul,Female,43.0,Kolkata,2024-07-26,,2460.355,3.0,user1699@mail.com,,Canada
1701,Neha,Male,43.0,Delhi,2022-03-22,2023-07-14,59.01,5.0,user1700@mail.com,,Canada
1702,Rahul,Male,70.0,Bangalore,,2024-11-29,2460.355,3.0,,,Australia
1703,Unknown,Female,43.0,Unknown,,2021-07-30,2460.355,3.0,user1702@mail.com,,Australia
,Pooja,Male,43.0,Hyderabad,2020-12-05,,2460.355,3.0,,9770859185,UK
1705,Unknown,Female,43.0,Unknown,,,2054.39,3.0,user1704@mail.com,,India
,Simran,Female,43.0,Unknown,2022-09-18,,2460.355,3.0,user1705@mail.com,9539614965,UK
1707,Sneha,Female,43.0,Unknown,2024-12-18,,2460.355,4.0,,,USA
1708,Ravi,Male,43.0,Bangalore,2025-02-20,,2460.355,5.0,,,Australia
1709,Rahul,Female,43.0,Kolkata,2022-03-10,,2460.355,3.0,user1708@mail.com,,Canada
,Ravi,Male,43.0,Mumbai,2024-08-04,,2460.355,3.0,,,Canada
,Unknown,Female,43.0,Pune,,,2460.355,3.0,,,UK
C1712,Amit,Unknown,43.0,Hyderabad,,,2460.355,3.0,user1711@mail.com,,Unknown
C1713,Unknown,Female,31.0,Hyderabad,2022-10-14,,2460.355,3.0,,,India
1714,Amit,Male,43.0,Mumbai,,,2460.355,3.0,,,Unknown
C1715,Pooja,Male,43.0,Kolkata,,,1153.98,3.0,,,Australia
1716,Unknown,Female,50.0,Mumbai,2025-04-05,,2460.355,4.0,,,Canada
C1717,Priya,Male,43.0,Hyderabad,2023-10-20,2023-08-20,784.33,3.0,user1716@mail.com,,Australia
,Kiran,Male,43.0,Bangalore,,,2460.355,1.0,,9601095087,UK
1719,Sneha,Male,43.0,Delhi,2023-05-04,,2460.355,3.0,,,Australia
C1720,Rahul,Unknown,43.0,Bangalore,2023-04-11,,2974.24,3.0,,,USA
1721,Amit,Female,43.0,Pune,,2023-09-25,2460.355,5.0,,,UK
1722,Ankit,Female,43.0,Ahmedabad,2021-08-01,2025-04-11,241.44,3.0,user1721@mail.com,,USA
C1723,Unknown,Male,43.0,Hyderabad,,,2460.355,3.0,,,USA
,Ravi,Male,24.0,Chennai,2025-03-23,,2460.355,3.0,user1723@mail.com,,Canada
,Unknown,Male,43.0,Mumbai,,,2460.355,3.0,user1724@mail.com,,Australia
C1726,Kiran,Unknown,43.0,Kolkata,2024-05-05,,2460.355,3.0,,,Australia
1727,Neha,Male,43.0,Chennai,2025-08-05,,2082.7,3.0,,,USA
1728,Simran,Unknown,43.0,Mumbai,,2020-12-13,2460.355,3.0,user1727@mail.com,9944085623,Canada
C1729,Unknown,Unknown,43.0,Mumbai,,,2460.355,3.0,,9738441451,Unknown
,Simran,Female,43.0,Mumbai,,,2460.355,3.0,,9318581101,Unknown
,Ankit,Unknown,43.0,Unknown,2023-11-19,,4425.36,2.0,user1730@mail.com,,Australia
1732,Unknown,Unknown,57.0,Ahmedabad,2021-09-11,,2460.355,3.0,,,USA
,Unknown,Male,43.0,Hyderabad,,2024-08-05,2460.355,3.0,,,Australia
C1734,Kiran,Male,43.0,Mumbai,,,2460.355,3.0,,,India
,Unknown,Unknown,43.0,Mumbai,,,2460.355,3.0,user1734@mail.com,,UK
1736,Unknown,Female,43.0,Kolkata,,,2460.355,3.0,,9126551303,Australia
,Ravi,Male,43.0,Mumbai,,2024-11-10,2460.355,3.0,,,Australia
1738,Amit,Female,43.0,Kolkata,,2021-02-08,2460.355,3.0,,,Unknown
,Sneha,Male,43.0,Kolkata,2025-07-01,2021-08-11,2460.355,2.0,,,USA
,Priya,Male,25.0,Chennai,2022-12-02,,2460.355,3.0,user1739@mail.com,9893800119,India
1741,Kiran,Unknown,45.0,Hyderabad,,,1071.94,3.0,user1740@mail.com,,Unknown
C1742,Sneha,Male,52.0,Kolkata,,2022-08-19,2460.355,3.0,user1741@mail.com,9706306435,Canada
1743,Sneha,Female,43.0,Hyderabad,,,2460.355,3.0,,,Unknown
,Unknown,Unknown,43.0,Bangalore,2021-01-16,2026-01-09,2460.355,3.0,user1743@mail.com,9812055209,Canada
1745,Unknown,Unknown,43.0,Delhi,,,2460.355,1.0,user1744@mail.com,,USA
1746,Pooja,Male,50.0,Unknown,2021-01-07,,2460.355,1.0,,,Australia
,Pooja,Female,43.0,Ahmedabad,2021-09-03,2025-01-16,2460.355,5.0,user1746@mail.com,,Canada
1748,Priya,Unknown,43.0,Ahmedabad,2023-07-27,,2460.355,3.0,user1747@mail.com,,Unknown
C1749,Pooja,Female,56.0,Ahmedabad,,,852.08,3.0,,,UK
,Rahul,Female,43.0,Delhi,2025-10-18,,2460.355,3.0,,9820865134,Australia
,Ankit,Female,43.0,Delhi,2025-12-07,2024-09-02,2460.355,3.0,user1750@mail.com,,Unknown
C1752,Kiran,Unknown,43.0,Pune,2023-07-24,,2460.355,3.0,,9535712735,India
,Ankit,Female,31.0,Pune,,,2460.355,5.0,,,UK
1754,Pooja,Male,43.0,Mumbai,2022-03-11,2025-08-19,2460.355,3.0,,9253609204,India
1755,Pooja,Male,43.0,Unknown,,,2460.355,3.0,,9835988312,Canada
1756,Neha,Female,43.0,Delhi,2022-08-18,2025-02-01,2460.355,3.0,,,India
1757,Pooja,Female,43.0,Chennai,2023-10-09,,3263.81,3.0,,9760237637,India
1758,Amit,Unknown,27.0,Hyderabad,2025-02-18,,2460.355,1.0,,,India
C1759,Unknown,Female,27.0,Bangalore,2023-06-09,2022-07-27,2460.355,5.0,,,Unknown
,Ravi,Unknown,43.0,Unknown,,2022-10-16,2460.355,1.0,,,Unknown
1761,Ankit,Male,43.0,Ahmedabad,2024-05-28,,2460.355,3.0,,,USA
1762,Priya,Unknown,43.0,Hyderabad,,,2460.355,3.0,,,Unknown
1763,Ankit,Male,43.0,Delhi,,,341.95,1.0,user1762@mail.com,,Canada
,Pooja,Unknown,43.0,Unknown,,,905.33,3.0,,,Australia
1765,Ravi,Female,37.0,Delhi,2021-06-13,2021-03-23,2460.355,3.0,user1764@mail.com,,USA
1766,Ankit,Unknown,43.0,Chennai,2024-10-10,,2460.355,3.0,,,USA
,Unknown,Male,43.0,Mumbai,,,2460.355,3.0,user1766@mail.com,,Canada
1768,Unknown,Male,64.0,Unknown,,2020-08-20,2460.355,3.0,,9290405893,Australia
1769,Priya,Unknown,43.0,Mumbai,2025-11-21,,2460.355,4.0,,,Canada
1770,Priya,Unknown,43.0,Chennai,,2021-08-01,2460.355,3.0,,,USA
1771,Priya,Unknown,43.0,Mumbai,2021-11-19,,2460.355,4.0,,,USA
1772,Ravi,Unknown,22.0,Chennai,2022-12-22,,2460.355,3.0,user1771@mail.com,,Unknown
1773,Unknown,Female,43.0,Delhi,,,2460.355,5.0,,,Australia
1774,Unknown,Unknown,24.0,Ahmedabad,,,2460.355,3.0,,,India
C1775,Simran,Unknown,50.0,Pune,,,2460.355,3.0,,,Australia
C1776,Unknown,Female,43.0,Ahmedabad,,,2460.355,3.0,,,UK
1777,Sneha,Male,31.0,Pune,2025-01-23,,2460.355,3.0,,,UK
1778,Pooja,Male,43.0,Pune,,2023-05-27,2460.355,3.0,user1777@mail.com,9510521111,India
1779,Rahul,Female,43.0,Delhi,,2026-01-16,2460.355,3.0,,,Canada
1780,Kiran,Female,43.0,Chennai,2025-09-22,,1614.83,3.0,,9831101195,India
1781,Neha,Female,43.0,Delhi,2025-05-17,,366.96,3.0,,,India
1782,Amit,Female,43.0,Unknown,,,1379.38,3.0,,,Australia
1783,Sneha,Unknown,62.0,Pune,,,2502.03,2.0,,,India
,Pooja,Female,20.0,Chennai,,,2460.355,3.0,,,UK
C1785,Unknown,Male,43.0,Hyderabad,,,2460.355,3.0,,9959869658,Canada
1786,Kiran,Male,43.0,Bangalore,2021-06-14,,2460.355,3.0,,,Australia
,Simran,Unknown,43.0,Pune,2025-01-28,2023-05-04,2460.355,3.0,,9964348096,Australia
1788,Rahul,Female,43.0,Ahmedabad,,2025-05-30,1334.98,3.0,,,Canada
C1789,Simran,Unknown,31.0,Ahmedabad,2020-11-06,,2460.355,3.0,,9177117525,India
1790,Priya,Male,43.0,Bangalore,,2023-04-28,4961.64,3.0,user1789@mail.com,9830633936,Unknown
C1791,Unknown,Male,43.0,Hyderabad,,,2460.355,5.0,user1790@mail.com,,USA
,Rahul,Unknown,29.0,Delhi,,,2460.355,3.0,,9205090378,Canada
1793,Rahul,Unknown,43.0,Pune,2021-08-26,2025-04-30,3552.5,3.0,,,UK
1794,Amit,Male,43.0,Delhi,,2022-04-10,2460.355,3.0,,,Unknown
C1795,Sneha,Unknown,42.0,Unknown,2020-10-17,,2460.355,3.0,,,Australia
,Unknown,Unknown,43.0,Bangalore,,2022-01-06,176.73,2.0,user1795@mail.com,,Unknown
,Unknown,Male,43.0,Delhi,,,2460.355,3.0,user1796@mail.com,9371427042,India
,Ravi,Female,43.0,Bangalore,,,2460.355,3.0,user1797@mail.com,,UK
1799,Sneha,Female,43.0,Mumbai,,,2460.355,3.0,,,Canada
1800,Simran,Male,43.0,Delhi,,,2460.355,3.0,user1799@mail.com,,Australia
1801,Amit,Male,43.0,Mumbai,2023-04-13,,2460.355,3.0,,,USA
,Priya,Male,53.0,Delhi,,,2390.24,3.0,user1801@mail.com,,Australia
C1803,Unknown,Female,43.0,Pune,,,2460.355,3.0,,,India
1804,Simran,Female,43.0,Mumbai,2023-07-28,2020-10-07,2460.355,3.0,,9705189464,Unknown
1805,Unknown,Unknown,43.0,Hyderabad,,2025-01-21,2460.355,3.0,,,UK
C1806,Unknown,Male,43.0,Kolkata,2021-11-24,2024-11-16,1060.59,4.0,,9579576467,India
,Priya,Male,43.0,Unknown,,2023-01-04,2460.355,3.0,,,USA
1808,Rahul,Unknown,43.0,Bangalore,,,2460.355,3.0,user1807@mail.com,,India
1809,Simran,Unknown,27.0,Kolkata,2020-11-09,,2460.355,3.0,user1808@mail.com,,Unknown
1810,Unknown,Unknown,57.0,Unknown,2024-06-21,,2460.355,3.0,user1809@mail.com,9565972639,Australia
1811,Rahul,Female,43.0,Pune,,2021-07-30,2460.355,3.0,,9394455519,USA
C1812,Kiran,Male,68.0,Unknown,,2022-07-28,3429.91,3.0,,,Unknown
,Simran,Female,43.0,Mumbai,,2023-05-21,2460.355,2.0,user1812@mail.com,,Unknown
C1814,Rahul,Male,34.0,Unknown,,2022-07-05,4927.32,3.0,,,Australia
C1815,Simran,Male,43.0,Unknown,2024-03-18,,2460.355,3.0,,9759451292,Australia
1816,Ravi,Unknown,43.0,Unknown,,2021-12-06,2460.355,3.0,,9979177274,Australia
,Rahul,Male,43.0,Chennai,2025-06-15,,2460.355,3.0,,,UK
,Priya,Female,43.0,Mumbai,2023-10-03,,2460.355,3.0,,,USA
,Priya,Female,43.0,Hyderabad,2024-11-29,,2460.355,3.0,,,Unknown
,Kiran,Male,47.0,Hyderabad,,,2460.355,3.0,,,Australia
,Ravi,Male,43.0,Unknown,,,2460.355,3.0,,,USA
1822,Pooja,Female,53.0,Ahmedabad,2022-09-14,2021-08-06,2460.355,3.0,user1821@mail.com,,Canada
1823,Priya,Male,43.0,Pune,,,2460.355,2.0,,,Australia
1824,Ankit,Female,43.0,Hyderabad,,2023-08-28,2460.355,5.0,,9438720909,UK
C1825,Ravi,Female,43.0,Hyderabad,,,2460.355,3.0,,,USA
1826,Rahul,Unknown,43.0,Hyderabad,,2021-12-31,2460.355,3.0,,,Unknown
1827,Pooja,Male,43.0,Pune,,2024-04-21,2460.355,3.0,user1826@mail.com,9218422361,UK
,Rahul,Male,43.0,Delhi,2024-04-26,,1154.03,3.0,user1827@mail.com,,UK
,Neha,Unknown,43.0,Kolkata,2022-01-28,2020-09-15,2460.355,3.0,,,USA
C1830,Rahul,Female,65.0,Kolkata,2021-10-12,2024-04-20,2460.355,5.0,user1829@mail.com,,USA
,Sneha,Female,43.0,Kolkata,2024-09-17,,2460.355,3.0,,9693681566,USA
1832,Priya,Male,65.0,Kolkata,2023-09-05,2021-04-03,2460.355,3.0,,9628641624,UK
,Unknown,Female,43.0,Pune,,,2460.355,3.0,user1832@mail.com,,UK
1834,Ravi,Unknown,43.0,Chennai,2023-08-22,,2854.71,3.0,,,USA
1835,Sneha,Male,63.0,Ahmedabad,2023-03-20,,2460.355,3.0,user1834@mail.com,9378430412,Australia
1836,Simran,Unknown,43.0,Bangalore,2023-10-24,2022-01-16,2460.355,3.0,,,India
1837,Ankit,Male,43.0,Pune,,2025-03-08,2460.355,3.0,,,UK
1838,Priya,Male,43.0,Hyderabad,,2025-06-24,2460.355,3.0,,9718133254,Canada
1839,Amit,Male,43.0,Mumbai,2022-06-01,2020-09-09,2460.355,1.0,,,UK
1840,Priya,Male,37.0,Kolkata,,,2460.355,3.0,,,India
C1841,Unknown,Female,43.0,Unknown,2023-05-25,,1288.03,3.0,,,India
1842,Kiran,Female,43.0,Chennai,,2022-06-13,2460.355,3.0,,,USA
C1843,Simran,Male,55.0,Pune,2023-10-29,2023-11-14,4511.48,3.0,,,Unknown
1844,Unknown,Male,43.0,Mumbai,2023-05-24,,2460.355,3.0,user1843@mail.com,,Unknown
,Rahul,Male,43.0,Mumbai,,2024-01-05,2460.355,2.0,,,India
1846,Neha,Female,43.0,Mumbai,,,2460.355,3.0,,,Australia
1847,Unknown,Female,43.0,Kolkata,,,2460.355,3.0,,,USA
,Neha,Male,42.0,Pune,,,3584.87,3.0,,,Australia
C1849,Rahul,Male,43.0,Ahmedabad,,,2460.355,3.0,,,Australia
,Amit,Male,43.0,Kolkata,,,3791.91,3.0,,,Canada
C1851,Amit,Male,43.0,Chennai,2024-09-24,,2460.355,3.0,user1850@mail.com,9884117617,Unknown
1852,Sneha,Female,43.0,Delhi,,,2460.355,3.0,,9935924751,India
,Unknown,Female,43.0,Ahmedabad,2024-07-15,,2460.355,3.0,user1852@mail.com,,India
,Priya,Female,38.0,Ahmedabad,,2022-03-04,2857.5,3.0,,,Canada
,Pooja,Male,18.0,Ahmedabad,2022-08-14,,2460.355,3.0,,9467316490,Canada
C1856,Priya,Female,42.0,Chennai,,,2460.355,3.0,,,USA
C1857,Priya,Female,43.0,Mumbai,2022-09-21,2021-09-27,4251.03,3.0,user1856@mail.com,,Canada
,Pooja,Unknown,43.0,Bangalore,2024-05-28,,2460.355,3.0,,,Unknown
C1859,Unknown,Male,43.0,Bangalore,,,3572.99,3.0,,,USA
C1860,Neha,Female,43.0,Kolkata,2023-11-09,,2460.355,3.0,,,Canada
C1861,Sneha,Male,34.0,Kolkata,,,2268.38,2.0,user1860@mail.com,,UK
C1862,Unknown,Female,43.0,Mumbai,2024-11-01,,1524.68,3.0,,,India
1863,Neha,Male,43.0,Pune,,,3591.74,3.0,user1862@mail.com,,UK
C1864,Priya,Male,43.0,Ahmedabad,2021-01-30,,2460.355,3.0,,,Canada
1865,Neha,Female,60.0,Pune,,,2437.83,3.0,,,India
,Neha,Male,43.0,Hyderabad,,,2460.355,3.0,,9548756245,Unknown
1867,Pooja,Unknown,43.0,Hyderabad,,2023-05-24,2460.355,3.0,,,UK
1868,Priya,Unknown,43.0,Delhi,2022-07-09,2024-09-12,2460.355,3.0,,,USA
1869,Kiran,Male,43.0,Bangalore,2022-11-26,,2460.355,3.0,,9198839777,UK
1870,Simran,Unknown,43.0,Bangalore,,2025-05-26,1632.94,5.0,,,Unknown
,Kiran,Female,43.0,Hyderabad,2022-03-23,,499.06,3.0,,9335017506,Canada
C1872,Kiran,Female,38.0,Mumbai,2024-04-16,,2460.355,3.0,user1871@mail.com,,Unknown
1873,Rahul,Unknown,43.0,Unknown,2021-10-23,,2460.355,3.0,,9951159816,Unknown
C1874,Neha,Female,43.0,Hyderabad,2022-03-14,,2460.355,3.0,,,UK
,Priya,Unknown,43.0,Delhi,2022-10-21,,2841.53,3.0,user1874@mail.com,,Canada
C1876,Pooja,Female,43.0,Kolkata,2022-09-08,,2460.355,3.0,user1875@mail.com,,India
1877,Unknown,Male,43.0,Bangalore,,,2460.355,3.0,,9781092177,Australia
1878,Unknown,Female,43.0,Mumbai,,2025-11-02,2460.355,3.0,user1877@mail.com,9355243969,Australia
C1879,Kiran,Unknown,43.0,Kolkata,,,517.56,3.0,,,Unknown
,Simran,Male,42.0,Unknown,2023-05-14,,2460.355,3.0,user1879@mail.com,,USA
1881,Unknown,Unknown,43.0,Pune,,2024-12-29,4563.97,3.0,,,Canada
,Ankit,Male,43.0,Pune,,,3179.91,1.0,,,Australia
C1883,Sneha,Female,43.0,Delhi,,,2367.26,4.0,,,Australia
,Simran,Unknown,50.0,Pune,2025-09-15,,2802.31,3.0,user1883@mail.com,,India
1885,Amit,Male,43.0,Unknown,,,901.97,3.0,,,Canada
,Ravi,Unknown,64.0,Delhi,,,2460.355,3.0,,9858782806,Australia
1887,Pooja,Female,43.0,Chennai,2022-11-13,2025-08-17,2460.355,3.0,,,USA
,Sneha,Male,41.0,Ahmedabad,,,2439.83,3.0,user1887@mail.com,,India
1889,Simran,Female,43.0,Hyderabad,,,2460.355,2.0,user1888@mail.com,,Australia
C1890,Unknown,Male,43.0,Mumbai,,,2460.355,3.0,,,Canada
C1891,Pooja,Male,43.0,Chennai,2025-10-12,,4282.69,3.0,,9737679786,India
C1892,Ravi,Unknown,44.0,Delhi,,,2460.355,3.0,,,Canada
,Neha,Unknown,43.0,Hyderabad,2021-05-19,,2460.355,3.0,,,Unknown
C1894,Unknown,Female,43.0,Chennai,,2021-03-17,2460.355,3.0,,,India
1895,Simran,Unknown,43.0,Ahmedabad,2025-08-12,,4865.71,5.0,,9271480035,India
C1896,Ravi,Female,43.0,Unknown,,2024-12-04,2842.84,3.0,,,Australia
1897,Ravi,Male,43.0,Mumbai,2023-12-04,,2460.355,3.0,,,India
,Unknown,Female,43.0,Delhi,,2021-02-13,2460.355,3.0,,9732953728,Unknown
,Ravi,Female,43.0,Kolkata,,,2460.355,3.0,,,Unknown
C1900,Unknown,Male,52.0,Pune,2021-03-22,2022-01-18,1478.98,3.0,user1899@mail.com,,Canada
1901,Priya,Female,43.0,Unknown,,,4639.37,5.0,,,UK
C1902,Amit,Unknown,43.0,Mumbai,,2025-02-07,2460.355,3.0,,,Unknown
1903,Ankit,Male,42.0,Pune,,2022-07-26,2460.355,3.0,,,USA
,Unknown,Male,59.0,Pune,2025-03-30,2023-12-27,2460.355,3.0,user1903@mail.com,,India
1905,Pooja,Male,43.0,Mumbai,2023-09-29,,4497.01,3.0,,9133932731,Australia
C1906,Kiran,Male,43.0,Delhi,2024-02-24,,2915.45,3.0,,,Australia
1907,Ankit,Male,43.0,Mumbai,,2024-06-20,2460.355,3.0,,,India
,Unknown,Unknown,33.0,Delhi,2025-03-29,2022-06-01,2460.355,3.0,user1907@mail.com,,Unknown
1909,Amit,Female,43.0,Delhi,2023-10-09,,2460.355,3.0,,,Unknown
1910,Neha,Unknown,43.0,Kolkata,2025-02-17,2021-09-26,2460.355,3.0,user1909@mail.com,,USA
1911,Unknown,Male,43.0,Kolkata,2025-09-30,2024-08-13,3735.14,3.0,,,Australia
C1912,Priya,Female,43.0,Unknown,,,2460.355,3.0,,9298153405,Canada
1913,Unknown,Male,43.0,Kolkata,,2023-08-12,2460.355,4.0,user1912@mail.com,,USA
1914,Amit,Female,43.0,Bangalore,2025-06-13,,2460.355,3.0,,9603984575,UK
1915,Sneha,Male,43.0,Pune,2024-09-05,2020-12-22,2460.355,3.0,,,India
C1916,Rahul,Male,43.0,Mumbai,,,639.75,3.0,,,Unknown
1917,Amit,Unknown,43.0,Chennai,,,966.41,3.0,,,India
,Rahul,Male,43.0,Hyderabad,,,2460.355,5.0,,,Unknown
1919,Unknown,Unknown,23.0,Chennai,,2025-07-18,2460.355,3.0,,,USA
C1920,Pooja,Female,35.0,Unknown,,,2460.355,3.0,,,Australia
,Sneha,Unknown,54.0,Bangalore,,2025-09-06,2460.355,2.0,,,India
C1922,Neha,Male,43.0,Bangalore,,,2460.355,2.0,,9519233135,USA
C1923,Unknown,Male,43.0,Bangalore,,,2460.355,3.0,,,Canada
,Unknown,Female,43.0,Chennai,2025-12-08,,2460.355,3.0,,,Australia
C1925,Unknown,Female,29.0,Chennai,,2025-12-20,2460.355,3.0,,,Canada
,Neha,Unknown,43.0,Ahmedabad,,,2460.355,3.0,,9784753492,Australia
C1927,Simran,Male,43.0,Delhi,,,3081.98,4.0,user1926@mail.com,,Canada
1928,Amit,Female,43.0,Mumbai,2021-09-11,2025-05-14,3329.44,3.0,user1927@mail.com,,Canada
1929,Ravi,Female,43.0,Unknown,,2024-09-16,2460.355,3.0,user1928@mail.com,9169882706,India
1930,Amit,Female,43.0,Delhi,,,3554.4,3.0,user1929@mail.com,,Unknown
C1931,Sneha,Male,43.0,Chennai,2021-06-05,2022-02-18,2460.355,3.0,,,Australia
,Ankit,Male,43.0,Unknown,2024-09-07,,2460.355,3.0,,,Unknown
1933,Pooja,Male,43.0,Pune,,,2460.355,3.0,,,Australia
C1934,Ankit,Female,43.0,Bangalore,,2022-08-07,2460.355,3.0,,,Unknown
1935,Kiran,Female,43.0,Kolkata,2022-05-02,,2460.355,4.0,,,India
1936,Unknown,Female,43.0,Delhi,,2023-02-19,2460.355,3.0,,9714081994,India
C1937,Kiran,Male,43.0,Unknown,2021-03-19,,1122.91,3.0,,,USA
,Rahul,Female,43.0,Hyderabad,2022-12-07,,2460.355,3.0,,,Canada
,Unknown,Female,43.0,Unknown,2020-10-16,,2460.355,5.0,,,Unknown
C1940,Ankit,Male,43.0,Pune,,,2547.48,3.0,user1939@mail.com,9215444853,USA
,Ankit,Female,43.0,Kolkata,,,2460.355,3.0,,,Canada
1942,Rahul,Male,43.0,Delhi,,,2460.355,3.0,user1941@mail.com,9896015523,USA
1943,Kiran,Female,43.0,Bangalore,,2022-05-01,2460.355,2.0,,,India
C1944,Unknown,Male,43.0,Pune,2024-11-18,,2766.36,3.0,,9635609823,Canada
C1945,Unknown,Female,43.0,Hyderabad,2022-12-06,,2460.355,3.0,,,UK
,Kiran,Female,43.0,Chennai,,2023-10-13,2460.355,3.0,,,India
,Neha,Male,43.0,Ahmedabad,2023-12-27,,2460.355,3.0,,,Australia
1948,Rahul,Male,35.0,Hyderabad,,,2460.355,3.0,user1947@mail.com,,Australia
C1949,Sneha,Unknown,43.0,Pune,,,2460.355,3.0,,,Unknown
1950,Sneha,Female,22.0,Pune,,2024-10-17,1578.16,3.0,,,Australia
1951,Simran,Male,37.0,Unknown,2025-07-17,2022-01-16,2460.355,1.0,user1950@mail.com,,USA
,Unknown,Unknown,40.0,Chennai,2024-03-27,,2460.355,3.0,,,Unknown
1953,Rahul,Unknown,43.0,Chennai,2024-08-09,2024-02-01,2460.355,5.0,,,UK
1954,Kiran,Male,43.0,Chennai,,2023-10-21,2460.355,3.0,,9287421582,Canada
1955,Amit,Female,43.0,Pune,,2023-02-20,2460.355,3.0,,,UK
1956,Ravi,Male,30.0,Ahmedabad,2021-05-07,,2460.355,3.0,,,India
,Kiran,Male,22.0,Mumbai,2025-03-06,,2460.355,3.0,user1956@mail.com,9426270820,UK
,Kiran,Male,43.0,Mumbai,2020-11-10,,2460.355,3.0,,9548003749,India
1959,Ravi,Female,43.0,Pune,2020-12-17,,2460.355,3.0,,9698107972,Australia
1960,Amit,Female,43.0,Kolkata,2023-06-02,,2460.355,3.0,,,India
C1961,Ravi,Female,43.0,Ahmedabad,2020-11-10,,2460.355,3.0,,,India
,Amit,Female,43.0,Kolkata,2021-10-13,2025-06-29,2460.355,5.0,,,UK
C1963,Unknown,Female,23.0,Hyderabad,2022-01-20,,2460.355,3.0,,,Australia
1964,Pooja,Unknown,43.0,Unknown,2022-12-08,,2460.355,3.0,,,Canada
1965,Sneha,Male,31.0,Mumbai,,,2460.355,3.0,,9303062858,Australia
1966,Priya,Female,43.0,Delhi,,,2460.355,5.0,,,India
,Simran,Male,43.0,Kolkata,2024-05-28,,1121.62,4.0,,9288011731,Unknown
1968,Rahul,Female,43.0,Hyderabad,,2025-10-05,658.07,3.0,,,UK
1969,Pooja,Female,43.0,Mumbai,,,2460.355,3.0,,9174255368,Canada
,Sneha,Unknown,43.0,Delhi,2020-12-24,2022-06-21,2460.355,3.0,,,Canada
1971,Priya,Female,43.0,Mumbai,,,2460.355,4.0,,9708604174,UK
1972,Ankit,Male,43.0,Mumbai,,2021-09-30,2460.355,4.0,,,India
1973,Ravi,Unknown,43.0,Delhi,,,2460.355,3.0,user1972@mail.com,9665386654,UK
C1974,Priya,Male,43.0,Pune,,,2460.355,3.0,,,India
C1975,Pooja,Male,61.0,Chennai,,,2460.355,3.0,,,USA
C1976,Unknown,Male,43.0,Delhi,2022-06-28,,2460.355,3.0,,9713750720,Canada
1977,Simran,Female,43.0,Chennai,2025-07-06,2025-10-18,2460.355,3.0,,9520211782,Canada
1978,Kiran,Male,43.0,Delhi,,,2460.355,3.0,user1977@mail.com,9847019412,Canada
1979,Ankit,Female,56.0,Delhi,,,2460.355,3.0,,,USA
C1980,Simran,Male,43.0,Mumbai,2022-05-31,2020-11-07,2460.355,3.0,user1979@mail.com,,Canada
,Amit,Unknown,43.0,Hyderabad,2022-07-18,,2194.71,3.0,user1980@mail.com,,India
C1982,Kiran,Female,43.0,Bangalore,2020-09-14,2023-12-09,2460.355,3.0,,,Unknown
C1983,Kiran,Unknown,43.0,Chennai,,,4223.87,3.0,,,USA
1984,Priya,Unknown,43.0,Delhi,2023-04-19,,2460.355,3.0,,,UK
,Ravi,Female,43.0,Chennai,,2024-08-20,2460.355,1.0,,9932210608,UK
1986,Ravi,Unknown,43.0,Hyderabad,2024-11-25,,2460.355,3.0,user1985@mail.com,9708559496,Canada
,Kiran,Male,56.0,Mumbai,,,2460.355,5.0,,,Australia
1988,Rahul,Male,47.0,Delhi,2024-03-08,,2460.355,3.0,,9960322000,Unknown
C1989,Priya,Male,43.0,Ahmedabad,,,2460.355,3.0,,,Unknown
C1990,Priya,Male,43.0,Chennai,2020-09-19,,214.82,1.0,,,UK
C1991,Amit,Male,43.0,Pune,,2021-01-15,2460.355,3.0,,,India
1992,Kiran,Female,43.0,Mumbai,,2025-07-28,200.06,3.0,,,Unknown
,Neha,Unknown,43.0,Chennai,2021-07-28,,2460.355,3.0,user1992@mail.com,,India
1994,Unknown,Male,43.0,Ahmedabad,,,2460.355,2.0,user1993@mail.com,,Unknown
C1995,Simran,Male,43.0,Ahmedabad,2025-10-11,,2460.355,3.0,user1994@mail.com,9774961516,UK
,Rahul,Female,43.0,Mumbai,2024-05-18,2024-07-19,2460.355,3.0,,,UK
C1997,Neha,Male,43.0,Unknown,2023-03-04,2025-02-04,2460.355,3.0,,,Australia
1998,Ravi,Male,43.0,Pune,2024-02-29,,2460.355,3.0,,9223161985,USA
,Amit,Female,43.0,Bangalore,2022-06-02,2024-08-21,2460.355,3.0,,9512726493,Unknown
2000,Simran,Unknown,43.0,Hyderabad,2021-12-03,,2460.355,3.0,,,UK
2001,Neha,Male,45.0,Kolkata,,2024-03-12,2460.355,3.0,,,Unknown
,Priya,Unknown,24.0,Mumbai,2021-10-06,2020-11-22,2782.18,3.0,,,USA
C2003,Unknown,Female,43.0,Pune,,2023-12-11,2460.355,3.0,,9250121436,USA
C2004,Sneha,Male,70.0,Mumbai,,,2460.355,3.0,,9446787975,Canada
,Pooja,Unknown,43.0,Bangalore,2023-08-30,,2460.355,5.0,,,Unknown
,Unknown,Female,33.0,Bangalore,,2021-11-21,2460.355,3.0,,,Australia
C2007,Ravi,Male,43.0,Pune,,2022-01-19,2460.355,3.0,,9165521731,Unknown
2008,Sneha,Unknown,43.0,Unknown,2025-03-25,,2460.355,3.0,,9992601154,USA
C2009,Neha,Male,43.0,Bangalore,2024-08-18,,2460.355,5.0,,9893418072,USA
2010,Ravi,Female,43.0,Kolkata,,2022-03-10,2460.355,1.0,,,Canada
C2011,Rahul,Female,43.0,Ahmedabad,2023-06-13,2024-02-07,2460.355,3.0,,,USA
2012,Ravi,Female,43.0,Kolkata,,,2460.355,3.0,,9445498651,Unknown
C2013,Unknown,Female,43.0,Chennai,2021-02-03,2025-01-22,1317.25,3.0,,9936187982,Australia
C2014,Unknown,Male,43.0,Ahmedabad,2020-09-15,,2460.355,3.0,,,Unknown
,Simran,Female,40.0,Ahmedabad,,2021-12-23,2460.355,3.0,,,India
,Ravi,Unknown,43.0,Chennai,,2021-09-03,2460.355,1.0,user2015@mail.com,,India
,Sneha,Female,43.0,Kolkata,,,2460.355,3.0,,,Australia
2018,Sneha,Male,43.0,Chennai,,,2460.355,3.0,,,UK
C2019,Ankit,Female,43.0,Unknown,2025-02-08,,2460.355,3.0,,,Australia
C2020,Simran,Unknown,43.0,Hyderabad,,,2460.355,3.0,user2019@mail.com,,USA
2021,Kiran,Unknown,43.0,Delhi,,2024-07-16,2460.355,3.0,,9984586351,Canada
2022,Sneha,Female,43.0,Chennai,2021-08-04,2020-08-16,2460.355,3.0,,,India
2023,Priya,Male,26.0,Ahmedabad,,,2460.355,1.0,user2022@mail.com,,Canada
C2024,Unknown,Female,43.0,Ahmedabad,2021-12-18,,1266.2,3.0,,,Unknown
2025,Ravi,Female,66.0,Kolkata,,2022-08-19,2460.355,3.0,,,Canada
C2026,Unknown,Female,43.0,Unknown,,2025-04-23,2460.355,3.0,,,USA
2027,Unknown,Female,43.0,Chennai,2023-10-30,2025-06-29,2460.355,1.0,,,Australia
,Amit,Female,43.0,Kolkata,2023-01-30,,2460.355,3.0,,,India
2029,Ravi,Male,43.0,Delhi,,2021-09-29,2460.355,3.0,,,Canada
2030,Simran,Unknown,29.0,Mumbai,2024-07-22,,2460.355,3.0,,,Canada
2031,Kiran,Unknown,49.0,Chennai,,,2460.355,3.0,,9976501513,Australia
,Unknown,Unknown,43.0,Delhi,,,2460.355,1.0,,,Unknown
C2033,Pooja,Male,43.0,Delhi,,2021-06-26,2460.355,4.0,,9526449572,UK
2034,Pooja,Male,43.0,Chennai,2024-09-27,2022-03-26,2938.28,3.0,,,India
2035,Sneha,Female,47.0,Hyderabad,,,2460.355,3.0,user2034@mail.com,,USA
2036,Kiran,Female,43.0,Bangalore,,,2460.355,3.0,,,Australia
2037,Ravi,Male,43.0,Chennai,2023-06-01,,2409.02,3.0,user2036@mail.com,,India
,Unknown,Unknown,43.0,Bangalore,2021-06-05,2024-10-29,2460.355,2.0,,,India
2039,Sneha,Female,43.0,Mumbai,2022-06-13,2024-04-01,1905.16,2.0,,,Australia
2040,Unknown,Female,43.0,Pune,2022-06-27,,1662.02,3.0,user2039@mail.com,,Canada
2041,Unknown,Female,43.0,Unknown,,,2460.355,4.0,,,USA
2042,Sneha,Male,43.0,Bangalore,,,2460.355,3.0,,,Australia
2043,Priya,Female,43.0,Chennai,,2024-02-06,2460.355,3.0,,,Australia
2044,Ankit,Male,43.0,Unknown,2021-09-11,,2460.355,3.0,,,Australia
2045,Priya,Unknown,43.0,Delhi,,,3189.57,3.0,,9842316355,USA
2046,Neha,Female,43.0,Delhi,2025-10-14,,2460.355,3.0,user2045@mail.com,,Canada
2047,Priya,Male,43.0,Kolkata,,,2460.355,3.0,user2046@mail.com,,Unknown
C2048,Kiran,Unknown,43.0,Unknown,2024-02-05,,2460.355,3.0,user2047@mail.com,9148811371,Canada
2049,Ankit,Male,43.0,Hyderabad,2020-09-26,,2460.355,3.0,user2048@mail.com,,Unknown
2050,Ankit,Male,62.0,Chennai,2022-10-30,,2460.355,3.0,,,India
C2051,Simran,Male,43.0,Chennai,,2021-03-31,2460.355,3.0,user2050@mail.com,9177754671,Australia
2052,Unknown,Female,34.0,Hyderabad,,2021-04-18,4193.94,3.0,user2051@mail.com,,Australia
C2053,Priya,Male,43.0,Bangalore,2023-05-02,,2460.355,3.0,user2052@mail.com,,Canada
,Rahul,Male,43.0,Unknown,,,2460.355,3.0,,,Australia
2055,Pooja,Female,43.0,Mumbai,,,2460.355,3.0,user2054@mail.com,,India
,Sneha,Male,43.0,Delhi,,,2460.355,5.0,,,India
2057,Kiran,Male,43.0,Hyderabad,,,2460.355,3.0,user2056@mail.com,,USA
C2058,Amit,Male,43.0,Hyderabad,2024-10-13,,2460.355,3.0,,9594372672,Unknown
C2059,Kiran,Unknown,43.0,Ahmedabad,,,2460.355,3.0,user2058@mail.com,,USA
,Neha,Female,43.0,Chennai,2023-05-30,2025-02-26,2460.355,2.0,,,USA
C2061,Neha,Female,43.0,Chennai,,2022-06-29,2460.355,3.0,,,Unknown
2062,Sneha,Unknown,18.0,Bangalore,,,2460.355,1.0,,,UK
2063,Unknown,Female,43.0,Pune,2024-09-13,,2460.355,3.0,,,USA
,Amit,Female,43.0,Hyderabad,2023-12-01,,2460.355,3.0,,,Unknown
,Unknown,Male,43.0,Unknown,2024-06-26,2025-09-02,2460.355,3.0,user2064@mail.com,,Canada
,Priya,Male,43.0,Ahmedabad,,,2460.355,3.0,,9908101150,UK
2067,Priya,Male,63.0,Hyderabad,,2024-04-14,2460.355,3.0,,,Unknown
2068,Sneha,Male,43.0,Delhi,,2024-03-19,2460.355,3.0,,,India
2069,Amit,Unknown,43.0,Kolkata,,,2460.355,5.0,,9121405051,Canada
,Kiran,Male,43.0,Kolkata,2020-12-04,2023-02-24,2460.355,3.0,,,UK
2071,Ravi,Male,43.0,Delhi,2023-03-26,,1825.91,5.0,user2070@mail.com,9395831775,Unknown
2072,Kiran,Male,43.0,Chennai,,2023-02-23,2460.355,3.0,,,USA
2073,Kiran,Male,43.0,Ahmedabad,2020-10-12,,3163.33,3.0,user2072@mail.com,,Canada
2074,Simran,Male,43.0,Ahmedabad,2023-08-11,2023-07-21,2460.355,2.0,,,Unknown
2075,Kiran,Female,43.0,Unknown,2025-12-22,2024-05-28,3803.61,3.0,user2074@mail.com,9781341192,Canada
C2076,Ankit,Male,43.0,Kolkata,,2020-10-07,1324.24,3.0,,9813145443,Canada
C2077,Amit,Male,59.0,Pune,,2022-08-30,2460.355,3.0,user2076@mail.com,,USA
2078,Unknown,Male,36.0,Mumbai,2025-08-09,2025-12-18,3846.42,4.0,,9688472194,Canada
2079,Amit,Male,43.0,Hyderabad,,2022-08-28,2460.355,3.0,,,Canada
2080,Simran,Male,36.0,Chennai,2022-01-16,2025-01-30,2460.355,3.0,,,USA
,Unknown,Female,43.0,Pune,2020-12-11,,2460.355,3.0,,9599969712,Unknown
2082,Priya,Female,43.0,Pune,,,2460.355,3.0,,9512217429,Canada
2083,Unknown,Unknown,49.0,Hyderabad,2025-09-23,,4232.11,5.0,,,India
,Kiran,Male,43.0,Kolkata,2025-11-29,,2460.355,3.0,,,Australia
,Priya,Male,43.0,Ahmedabad,,,2460.355,3.0,,,Unknown
C2086,Unknown,Male,22.0,Delhi,2025-11-23,,2460.355,3.0,,,Canada
C2087,Unknown,Male,43.0,Mumbai,2021-10-14,,2460.355,3.0,user2086@mail.com,9663951811,India
,Sneha,Male,43.0,Unknown,2023-10-16,,2460.355,3.0,,,USA
,Simran,Female,43.0,Ahmedabad,2021-05-07,2024-03-26,2152.34,3.0,,,UK
C2090,Rahul,Female,43.0,Pune,,,2460.355,3.0,,,Unknown
,Kiran,Female,43.0,Delhi,,,2460.355,2.0,,9833392827,Australia
2092,Simran,Female,43.0,Kolkata,2025-12-04,,2460.355,5.0,,,Australia
C2093,Kiran,Male,33.0,Bangalore,,2020-08-14,3965.35,3.0,user2092@mail.com,,Canada
2094,Unknown,Male,43.0,Unknown,2023-07-02,2025-03-02,2460.355,3.0,user2093@mail.com,,Unknown
2095,Ravi,Unknown,43.0,Chennai,2025-08-27,,2460.355,1.0,user2094@mail.com,,Canada
2096,Ankit,Male,43.0,Mumbai,,,2460.355,2.0,,,USA
2097,Ravi,Unknown,43.0,Ahmedabad,2024-07-15,2024-07-03,2460.355,2.0,user2096@mail.com,,Australia
2098,Ankit,Unknown,43.0,Ahmedabad,2025-03-19,,3882.19,3.0,,,India
C2099,Priya,Male,43.0,Bangalore,,,2460.355,3.0,,,USA
,Unknown,Male,43.0,Delhi,2022-12-26,2021-12-07,2460.355,3.0,,,USA
2101,Rahul,Male,23.0,Kolkata,2021-11-22,,2460.355,3.0,,,Canada
2102,Unknown,Female,43.0,Ahmedabad,2021-09-05,,2460.355,3.0,,,UK
,Neha,Female,43.0,Delhi,2023-03-08,,2460.355,3.0,,,USA
2104,Priya,Unknown,43.0,Ahmedabad,2024-01-28,,2460.355,3.0,,,Australia
C2105,Unknown,Female,43.0,Kolkata,2021-07-14,,4217.96,3.0,,,Canada
,Kiran,Unknown,62.0,Delhi,2022-03-08,,4025.79,1.0,user2105@mail.com,,UK
2107,Unknown,Unknown,46.0,Delhi,,2020-12-31,2768.12,4.0,,,Unknown
2108,Neha,Unknown,43.0,Ahmedabad,,2022-10-08,3834.51,3.0,,,UK
C2109,Unknown,Female,43.0,Pune,,,2460.355,4.0,,,USA
,Unknown,Unknown,43.0,Mumbai,2021-04-12,,2460.355,3.0,,,India
,Simran,Unknown,43.0,Unknown,,,2460.355,4.0,,9778968106,India
,Simran,Male,22.0,Delhi,2022-07-20,,2460.355,3.0,,,India
2113,Priya,Male,43.0,Unknown,,,2460.355,3.0,user2112@mail.com,,UK
,Pooja,Male,43.0,Bangalore,2022-09-25,,2460.355,3.0,,9712945609,Unknown
,Kiran,Unknown,67.0,Hyderabad,,,454.54,3.0,,,Australia
2116,Priya,Female,65.0,Pune,2020-11-23,2025-02-07,2460.355,3.0,,,Unknown
2117,Unknown,Male,43.0,Bangalore,,2020-10-25,3437.54,3.0,user2116@mail.com,,Unknown
,Unknown,Unknown,43.0,Hyderabad,,,2460.355,1.0,,,UK
,Ravi,Unknown,43.0,Ahmedabad,2021-07-05,2025-09-11,2460.355,3.0,,,USA
,Rahul,Male,51.0,Mumbai,2022-08-08,,2460.355,3.0,,,India
2121,Ravi,Female,43.0,Kolkata,2022-10-18,,4736.7,3.0,,,Unknown
2122,Pooja,Unknown,31.0,Pune,,,3402.62,3.0,user2121@mail.com,,UK
,Ravi,Unknown,43.0,Unknown,2025-04-25,2022-04-16,4159.05,3.0,,9475744339,Canada
2124,Rahul,Male,43.0,Chennai,2023-03-06,,3957.21,3.0,user2123@mail.com,9492424252,Canada
,Ankit,Unknown,43.0,Unknown,,,2460.355,3.0,user2124@mail.com,,Australia
C2126,Rahul,Female,43.0,Unknown,,,2460.355,2.0,,9866272890,UK
C2127,Pooja,Female,43.0,Hyderabad,2023-07-19,,2460.355,3.0,,,Canada
,Rahul,Unknown,43.0,Ahmedabad,2022-05-07,,2460.355,3.0,user2127@mail.com,,USA
2129,Neha,Unknown,43.0,Ahmedabad,2021-06-17,,2460.355,3.0,user2128@mail.com,,USA
C2130,Amit,Unknown,43.0,Bangalore,,,2460.355,3.0,,,UK
C2131,Sneha,Unknown,43.0,Delhi,,2022-09-26,2460.355,3.0,,,Australia
2132,Unknown,Male,43.0,Kolkata,2024-02-07,2022-10-02,4024.76,3.0,user2131@mail.com,,India
2133,Pooja,Unknown,43.0,Hyderabad,,,2460.355,3.0,,,Australia
2134,Ravi,Unknown,43.0,Mumbai,,,2460.355,3.0,user2133@mail.com,,India
2135,Amit,Unknown,43.0,Ahmedabad,2025-11-14,,1708.39,3.0,,9565909300,India
C2136,Sneha,Male,43.0,Hyderabad,2021-12-26,,2460.355,3.0,,,USA
2137,Unknown,Unknown,43.0,Unknown,2024-11-25,,2460.355,3.0,,,USA
C2138,Priya,Unknown,33.0,Ahmedabad,,,2460.355,3.0,,,Australia
2139,Ravi,Male,43.0,Chennai,,,4586.24,3.0,,9522565969,Canada
2140,Pooja,Female,43.0,Hyderabad,,,2460.355,3.0,user2139@mail.com,,India
,Priya,Unknown,43.0,Unknown,2020-12-05,2024-09-01,2460.355,3.0,,,India
2142,Neha,Male,42.0,Bangalore,,,2460.355,3.0,,,India
C2143,Pooja,Female,43.0,Bangalore,2025-11-23,,2460.355,3.0,user2142@mail.com,9605709483,Australia
2144,Neha,Male,43.0,Bangalore,2025-01-29,,2460.355,3.0,,,Unknown
C2145,Kiran,Male,43.0,Pune,2024-07-11,,2717.21,5.0,user2144@mail.com,,Australia
,Amit,Unknown,31.0,Pune,,2022-09-04,727.68,5.0,,9894376913,Canada
C2147,Priya,Unknown,36.0,Mumbai,2024-05-04,2022-11-02,2460.355,3.0,,,UK
2148,Ankit,Female,41.0,Ahmedabad,,,2460.355,3.0,,9411773335,Unknown
,Ravi,Male,43.0,Hyderabad,2025-11-17,,2460.355,2.0,,,UK
C2150,Pooja,Female,43.0,Unknown,2023-10-11,,2460.355,3.0,,9462975430,Unknown
,Rahul,Unknown,43.0,Mumbai,,,2460.355,3.0,,,USA
2152,Unknown,Female,43.0,Kolkata,2023-07-07,,2460.355,3.0,,,USA
2153,Ravi,Female,43.0,Chennai,,,2460.355,2.0,,,India
C2154,Unknown,Female,43.0,Kolkata,2022-03-25,,2460.355,3.0,,9693926697,Canada
2155,Ankit,Male,43.0,Unknown,2024-05-15,2020-10-30,2713.68,4.0,,,Canada
C2156,Ravi,Male,55.0,Bangalore,2025-06-24,,2460.355,3.0,,9923455122,Canada
,Unknown,Male,43.0,Pune,2022-07-14,,2460.355,3.0,user2156@mail.com,,Australia
2158,Ravi,Female,43.0,Bangalore,,,2460.355,3.0,,,Canada
2159,Simran,Male,43.0,Kolkata,2024-08-17,,2460.355,3.0,,,USA
2160,Ravi,Unknown,43.0,Pune,2020-09-25,,319.92,3.0,,,Unknown
2161,Amit,Unknown,43.0,Mumbai,2021-04-12,,4057.02,3.0,,,India
C2162,Kiran,Female,43.0,Pune,2022-12-20,,2460.355,3.0,,9518752976,Canada
2163,Ankit,Male,43.0,Pune,2025-04-18,,2460.355,3.0,,,UK
,Kiran,Unknown,43.0,Unknown,2021-06-04,,2460.355,3.0,,,India
2165,Unknown,Female,43.0,Hyderabad,,,2460.355,3.0,,,Australia
,Rahul,Female,43.0,Unknown,2021-02-26,2023-02-11,3568.6,1.0,user2165@mail.com,9816607508,Canada
2167,Ravi,Unknown,43.0,Hyderabad,,,2460.355,3.0,user2166@mail.com,,UK
,Kiran,Female,43.0,Kolkata,,,2421.13,3.0,,,Unknown
2169,Rahul,Unknown,57.0,Bangalore,,,2460.355,3.0,,,Unknown
,Amit,Unknown,43.0,Hyderabad,,2024-08-06,2460.355,3.0,user2169@mail.com,,UK
C2171,Unknown,Female,43.0,Mumbai,2024-07-08,,2460.355,5.0,,9849145445,UK
,Ravi,Male,43.0,Kolkata,,2022-10-02,2460.355,3.0,user2171@mail.com,,India
C2173,Rahul,Male,43.0,Unknown,2025-06-30,,2460.355,5.0,,9477494869,Canada
C2174,Sneha,Female,43.0,Ahmedabad,,,3447.3,3.0,user2173@mail.com,,USA
2175,Priya,Unknown,43.0,Pune,,2022-11-26,2460.355,3.0,user2174@mail.com,,India
,Simran,Female,43.0,Bangalore,,,2460.355,3.0,,,Unknown
,Pooja,Female,43.0,Hyderabad,2021-02-20,,2460.355,3.0,user2176@mail.com,,Australia
2178,Priya,Male,43.0,Kolkata,,,1953.38,5.0,,,USA
2179,Amit,Female,43.0,Unknown,,,2460.355,3.0,user2178@mail.com,,Australia
C2180,Ravi,Female,43.0,Delhi,,2024-12-13,4748.44,3.0,,9724323888,USA
2181,Neha,Male,43.0,Unknown,,2023-12-30,2460.355,3.0,,,India
,Neha,Male,43.0,Mumbai,2022-12-13,,2460.355,3.0,user2181@mail.com,,Unknown
2183,Rahul,Female,43.0,Mumbai,2022-06-28,,3416.36,3.0,,,Unknown
C2184,Kiran,Female,43.0,Delhi,,,2460.355,3.0,user2183@mail.com,,Canada
C2185,Kiran,Male,43.0,Ahmedabad,,,2460.355,3.0,,,USA
2186,Simran,Male,31.0,Ahmedabad,2021-08-08,,2460.355,4.0,user2185@mail.com,,India
2187,Pooja,Male,43.0,Kolkata,,2023-07-14,2460.355,3.0,,,Australia
C2188,Sneha,Female,43.0,Hyderabad,2025-08-09,,1708.73,3.0,,,Australia
C2189,Simran,Male,64.0,Pune,2022-08-21,,2460.355,1.0,,,Unknown
,Pooja,Male,43.0,Chennai,,,2460.355,3.0,,,Australia
2191,Simran,Male,43.0,Hyderabad,2025-09-29,,2460.355,3.0,,,USA
C2192,Sneha,Female,43.0,Chennai,,,2460.355,3.0,,,Australia
2193,Neha,Female,43.0,Chennai,2025-02-11,,2460.355,2.0,,,UK
,Amit,Male,43.0,Ahmedabad,2024-08-22,,2460.355,1.0,,9113820720,Canada
C2195,Ankit,Male,43.0,Pune,2021-08-12,,2460.355,3.0,,9405654053,USA
2196,Pooja,Unknown,43.0,Unknown,,,2460.355,2.0,,,UK
C2197,Ravi,Male,22.0,Kolkata,2023-11-22,,2460.355,2.0,,,Unknown
C2198,Pooja,Unknown,43.0,Unknown,,,2460.355,3.0,,,Australia
,Priya,Male,43.0,Hyderabad,2025-12-13,,641.22,3.0,,9868681585,USA
C2200,Priya,Male,41.0,Unknown,,,887.15,3.0,user2199@mail.com,,Unknown
2201,Sneha,Female,43.0,Hyderabad,2023-05-25,2021-03-24,2290.37,3.0,,,Canada
2202,Ankit,Male,44.0,Bangalore,,,2460.355,3.0,,9613415845,UK
2203,Ravi,Male,29.0,Pune,2025-09-09,2021-07-10,2310.25,3.0,,,Unknown
,Sneha,Male,21.0,Ahmedabad,,2023-01-27,2460.355,3.0,user2203@mail.com,9727765090,UK
,Rahul,Female,33.0,Ahmedabad,,,2460.355,3.0,,,India
C2206,Sneha,Male,43.0,Hyderabad,2023-11-17,2023-01-27,2460.355,3.0,,,USA
2207,Rahul,Male,60.0,Unknown,,2022-08-04,1950.61,3.0,,,Canada
2208,Simran,Female,43.0,Pune,,,4454.4,3.0,,9681678942,USA
2209,Kiran,Unknown,43.0,Hyderabad,2022-05-31,2025-08-06,2460.355,3.0,,,Australia
2210,Unknown,Male,43.0,Kolkata,2021-01-11,2023-03-09,2460.355,3.0,,,Canada
2211,Neha,Female,43.0,Chennai,2024-04-21,,3255.34,3.0,,9325962103,Australia
2212,Sneha,Male,60.0,Chennai,,2022-03-13,4066.79,3.0,user2211@mail.com,9900656246,Australia
2213,Rahul,Female,19.0,Hyderabad,2020-12-26,,2460.355,3.0,,9830757154,Canada
2214,Simran,Male,43.0,Ahmedabad,2021-09-09,2025-06-30,2460.355,3.0,,,Canada
2215,Priya,Male,70.0,Unknown,,,2460.355,3.0,,,India
2216,Unknown,Unknown,43.0,Bangalore,2023-06-16,,2460.355,5.0,,,UK
2217,Rahul,Female,43.0,Delhi,,2025-08-09,2460.355,3.0,user2216@mail.com,,India
2218,Ankit,Female,43.0,Pune,2022-10-22,,2460.355,3.0,user2217@mail.com,9770028339,Canada
,Kiran,Unknown,43.0,Chennai,2022-01-05,,2460.355,3.0,,9921008473,India
,Amit,Female,31.0,Kolkata,,,2460.355,3.0,user2219@mail.com,,USA
2221,Unknown,Male,43.0,Unknown,2024-09-28,,2460.355,3.0,,9772735613,UK
C2222,Amit,Unknown,64.0,Hyderabad,,,2460.355,3.0,,,Unknown
2223,Priya,Male,43.0,Pune,,,2460.355,1.0,,,USA
2224,Pooja,Unknown,43.0,Mumbai,,,4053.43,2.0,,,Canada
C2225,Amit,Unknown,45.0,Chennai,2022-11-30,,2460.355,3.0,,,USA
2226,Neha,Female,43.0,Bangalore,,,2460.355,3.0,user2225@mail.com,9222383833,India
,Amit,Female,43.0,Unknown,2022-12-22,,2460.355,1.0,user2226@mail.com,9489344057,UK
2228,Ravi,Female,43.0,Bangalore,,,2460.355,3.0,,9884617472,Canada
2229,Ankit,Female,43.0,Ahmedabad,2020-12-11,,2460.355,3.0,user2228@mail.com,,Unknown
2230,Ankit,Male,61.0,Kolkata,,2022-07-28,2460.355,3.0,,,Unknown
2231,Rahul,Male,43.0,Chennai,,,3815.22,3.0,,,Unknown
,Neha,Female,43.0,Ahmedabad,,,2460.355,3.0,,9760991847,India
,Neha,Unknown,43.0,Unknown,2021-05-12,,2460.355,4.0,,,Unknown
C2234,Neha,Male,43.0,Pune,,,2460.355,3.0,user2233@mail.com,9369780794,Canada
2235,Amit,Female,43.0,Hyderabad,2021-01-24,2023-04-14,2460.355,5.0,,,USA
2236,Ankit,Male,43.0,Delhi,2021-06-04,,2460.355,2.0,user2235@mail.com,9647499715,UK
2237,Ankit,Unknown,43.0,Unknown,,,581.28,5.0,,,Canada
C2238,Neha,Male,62.0,Hyderabad,,2023-12-01,2460.355,3.0,user2237@mail.com,,Unknown
2239,Amit,Male,36.0,Delhi,2024-07-16,,2460.355,3.0,user2238@mail.com,,Unknown
2240,Simran,Female,27.0,Ahmedabad,,,2460.355,3.0,user2239@mail.com,,USA
2241,Ravi,Unknown,43.0,Delhi,,,2129.12,2.0,user2240@mail.com,,Unknown
C2242,Sneha,Female,43.0,Chennai,2022-03-09,,2232.67,5.0,user2241@mail.com,,Unknown
2243,Sneha,Male,43.0,Unknown,,2022-02-01,2460.355,3.0,,,USA
,Rahul,Male,43.0,Unknown,2024-01-17,,2460.355,3.0,,9548774265,USA
2245,Neha,Male,43.0,Chennai,,2023-08-30,2460.355,4.0,,9634317681,USA
,Amit,Female,43.0,Mumbai,,,2460.355,3.0,,,Canada
2247,Priya,Unknown,43.0,Unknown,2021-07-27,2022-07-10,2460.355,3.0,,,Australia
C2248,Kiran,Male,43.0,Pune,2022-12-07,2022-10-09,2460.355,3.0,,,USA
C2249,Neha,Female,43.0,Unknown,2021-02-27,,2750.12,3.0,,9503264265,Australia
2250,Sneha,Unknown,43.0,Chennai,,2023-06-14,2460.355,3.0,,,Australia
2251,Kiran,Unknown,43.0,Bangalore,,,2460.355,5.0,,,UK
,Ankit,Unknown,24.0,Pune,,,2460.355,3.0,user2251@mail.com,,Unknown
2253,Pooja,Female,43.0,Kolkata,2025-12-30,,2460.355,3.0,user2252@mail.com,,UK
2254,Simran,Female,43.0,Mumbai,,,2460.355,4.0,,,India
C2255,Sneha,Female,43.0,Kolkata,2020-09-27,,268.92,3.0,,,India
2256,Ravi,Male,47.0,Delhi,2023-10-27,,2460.355,3.0,,,UK
,Amit,Unknown,43.0,Chennai,,,2460.355,3.0,,,Unknown
2258,Neha,Male,43.0,Delhi,,,2460.355,3.0,,9680981070,Unknown
2259,Ravi,Male,67.0,Mumbai,,2022-06-29,2460.355,3.0,,9180667899,Canada
,Ravi,Male,43.0,Ahmedabad,,,559.06,3.0,,9930808839,Australia
C2261,Rahul,Unknown,43.0,Ahmedabad,,,2460.355,3.0,,,Canada
C2262,Ravi,Unknown,29.0,Delhi,,,2460.355,3.0,,9434947271,UK
2263,Pooja,Female,43.0,Pune,,,2460.355,3.0,,9286584067,UK
2264,Simran,Female,43.0,Pune,2023-10-18,,246.48,4.0,user2263@mail.com,9586746264,USA
2265,Unknown,Male,43.0,Delhi,2021-02-12,,2460.355,3.0,,,Australia
C2266,Pooja,Male,43.0,Mumbai,2025-03-16,,2460.355,3.0,,9289679442,Australia
2267,Ravi,Male,43.0,Unknown,,,2460.355,3.0,,,Unknown
2268,Rahul,Unknown,43.0,Pune,2021-03-13,2024-11-17,1173.21,3.0,,,India
C2269,Rahul,Unknown,43.0,Hyderabad,2025-01-23,,2460.355,3.0,user2268@mail.com,,Canada
2270,Neha,Male,43.0,Mumbai,,2021-09-01,1056.04,3.0,,,UK
C2271,Priya,Female,43.0,Mumbai,2020-12-22,,2460.355,3.0,,,Canada
2272,Priya,Unknown,43.0,Mumbai,2024-04-28,,2460.355,5.0,,9931359571,India
2273,Ravi,Female,43.0,Bangalore,,2022-07-07,2460.355,3.0,user2272@mail.com,9284787277,Unknown
2274,Unknown,Male,43.0,Delhi,2022-11-25,,2460.355,3.0,,,Canada
C2275,Priya,Unknown,43.0,Unknown,2023-08-03,,537.97,3.0,user2274@mail.com,9187030931,Canada
C2276,Amit,Female,43.0,Mumbai,2022-04-06,,2460.355,3.0,,,USA
2277,Ankit,Male,43.0,Hyderabad,2024-05-05,,2460.355,3.0,,,India
C2278,Rahul,Male,58.0,Pune,,,946.29,5.0,user2277@mail.com,,Australia
C2279,Priya,Unknown,43.0,Mumbai,,2024-02-21,2460.355,3.0,,,UK
2280,Simran,Unknown,43.0,Hyderabad,,2025-04-18,4562.7,3.0,,,Canada
,Kiran,Unknown,43.0,Kolkata,2020-09-06,,2460.355,3.0,user2280@mail.com,,Australia
C2282,Priya,Male,65.0,Pune,,2023-07-15,2460.355,3.0,,,India
2283,Simran,Female,43.0,Pune,2023-09-28,,2460.355,3.0,user2282@mail.com,,Canada
2284,Simran,Male,43.0,Pune,2023-12-17,,2460.355,3.0,,,USA
C2285,Kiran,Male,43.0,Chennai,,,2460.355,3.0,,,Australia
,Sneha,Unknown,43.0,Mumbai,,,2460.355,3.0,,,Canada
C2287,Amit,Female,37.0,Mumbai,2021-11-08,2021-05-20,2460.355,3.0,,9666381583,Canada
2288,Ankit,Male,43.0,Hyderabad,2021-02-21,,2460.355,3.0,,,Canada
C2289,Unknown,Male,43.0,Pune,2021-04-11,2023-05-03,4589.61,3.0,user2288@mail.com,9716358557,Unknown
2290,Pooja,Male,43.0,Bangalore,2024-03-07,,2460.355,1.0,,,Australia
2291,Ankit,Female,43.0,Hyderabad,,,2460.355,1.0,user2290@mail.com,,Canada
,Simran,Female,43.0,Kolkata,,2021-06-15,2460.355,3.0,user2291@mail.com,,Canada
2293,Neha,Female,43.0,Ahmedabad,2021-02-01,,2460.355,3.0,,,Unknown
2294,Priya,Unknown,43.0,Pune,2022-09-24,,2460.355,3.0,user2293@mail.com,,Unknown
C2295,Rahul,Male,43.0,Unknown,,,2460.355,3.0,,,India
C2296,Amit,Female,43.0,Hyderabad,2023-01-24,,3544.58,3.0,user2295@mail.com,,Canada
,Priya,Female,43.0,Delhi,,,2460.355,3.0,,,Canada
2298,Neha,Male,43.0,Chennai,,,2460.355,1.0,,,Canada
2299,Priya,Unknown,35.0,Mumbai,2024-05-10,2022-04-29,2460.355,3.0,user2298@mail.com,,Unknown
2300,Sneha,Male,43.0,Pune,2022-09-21,2023-08-08,2460.355,3.0,,9919816046,USA
2301,Unknown,Female,57.0,Chennai,,,2460.355,3.0,,9566265394,Australia
C2302,Priya,Male,43.0,Kolkata,,,2460.355,3.0,user2301@mail.com,,UK
2303,Pooja,Unknown,43.0,Delhi,2020-11-22,,2460.355,3.0,,,USA
2304,Rahul,Male,66.0,Ahmedabad,,,2460.355,3.0,,9371282419,India
,Ravi,Female,43.0,Bangalore,2025-10-30,2023-08-06,2460.355,3.0,user2304@mail.com,,USA
2306,Ankit,Male,43.0,Ahmedabad,,,31.2,3.0,,,Unknown
2307,Pooja,Female,43.0,Delhi,2023-04-10,,2460.355,3.0,,,UK
2308,Ankit,Female,58.0,Ahmedabad,,,2460.355,3.0,,,Australia
,Pooja,Female,43.0,Ahmedabad,,,2460.355,4.0,user2308@mail.com,,Australia
2310,Unknown,Female,43.0,Kolkata,2021-05-09,,2460.355,3.0,user2309@mail.com,9412142303,Unknown
2311,Ravi,Female,19.0,Delhi,2020-11-07,,2460.355,3.0,,,UK
C2312,Ankit,Female,22.0,Ahmedabad,,,2460.355,4.0,,,Canada
C2313,Priya,Male,43.0,Pune,2022-11-15,,426.38,3.0,,,India
,Amit,Female,53.0,Ahmedabad,2022-03-03,,2460.355,3.0,,,Australia
,Priya,Female,43.0,Pune,,,2623.57,3.0,user2314@mail.com,,UK
2316,Simran,Female,43.0,Mumbai,,,2460.355,3.0,,,Unknown
2317,Simran,Unknown,43.0,Kolkata,2021-04-21,,2460.355,3.0,user2316@mail.com,,Australia
,Priya,Male,43.0,Hyderabad,2020-10-06,,1427.55,3.0,,,India
2319,Priya,Female,43.0,Kolkata,2021-09-03,,2460.355,3.0,,,UK
2320,Kiran,Female,43.0,Unknown,,,2460.355,3.0,user2319@mail.com,9249675839,UK
2321,Neha,Female,27.0,Chennai,2022-03-07,,2460.355,3.0,user2320@mail.com,9166893876,Canada
2322,Unknown,Unknown,43.0,Kolkata,2022-09-23,2023-04-09,2460.355,5.0,,9699969384,Unknown
C2323,Amit,Male,43.0,Bangalore,,2023-02-24,1477.84,3.0,,9472971434,UK
2324,Unknown,Male,43.0,Ahmedabad,2026-01-14,2023-09-07,2460.355,3.0,,,Canada
,Ankit,Unknown,43.0,Hyderabad,,,2460.355,4.0,user2324@mail.com,,Unknown
2326,Pooja,Male,43.0,Hyderabad,,2025-08-18,2460.355,5.0,,,India
2327,Ravi,Male,42.0,Hyderabad,,,2460.355,3.0,,,Australia
2328,Kiran,Female,43.0,Bangalore,,,4656.23,3.0,,9449362662,Australia
2329,Unknown,Female,43.0,Pune,2021-03-02,2025-01-16,4216.7,3.0,,,Canada
2330,Unknown,Female,43.0,Ahmedabad,2025-04-02,,3629.43,3.0,,,Unknown
2331,Amit,Male,43.0,Hyderabad,2021-01-14,,2460.355,3.0,user2330@mail.com,,USA
2332,Pooja,Male,43.0,Chennai,2024-11-16,,2460.355,1.0,,,USA
2333,Simran,Female,43.0,Mumbai,,2023-04-12,2751.33,3.0,,,India
2334,Unknown,Female,23.0,Mumbai,,,2460.355,3.0,,,Canada
2335,Ravi,Female,33.0,Bangalore,,2021-11-23,4347.68,3.0,,,Unknown
C2336,Rahul,Unknown,43.0,Delhi,2023-02-24,2025-06-30,2460.355,3.0,,,Australia
2337,Priya,Female,43.0,Kolkata,2022-10-15,2025-04-01,2460.355,3.0,user2336@mail.com,,USA
2338,Pooja,Female,39.0,Chennai,,,596.93,2.0,,,Unknown
C2339,Neha,Unknown,43.0,Chennai,,,3622.28,3.0,user2338@mail.com,,UK
2340,Amit,Unknown,69.0,Kolkata,,,2460.355,5.0,,9120006005,USA
,Unknown,Female,43.0,Bangalore,2024-11-18,,4591.21,3.0,,,Canada
2342,Unknown,Female,48.0,Hyderabad,2022-11-03,,2460.355,2.0,user2341@mail.com,,Canada
,Simran,Female,43.0,Delhi,,2025-06-04,2460.355,1.0,user2342@mail.com,,UK
C2344,Unknown,Male,61.0,Hyderabad,,2021-06-17,2460.355,4.0,,,Unknown
2345,Pooja,Male,38.0,Mumbai,,,1467.45,3.0,user2344@mail.com,,India
,Amit,Male,47.0,Kolkata,2022-10-01,2023-07-05,2460.355,3.0,,,Unknown
C2347,Unknown,Female,43.0,Unknown,2022-06-02,,2460.355,3.0,,,USA
,Unknown,Male,43.0,Pune,2022-03-17,2021-09-01,2460.355,3.0,user2347@mail.com,,Australia
2349,Unknown,Male,43.0,Hyderabad,,,2460.355,3.0,user2348@mail.com,,Australia
2350,Neha,Female,52.0,Unknown,2021-12-27,2021-09-24,2460.355,3.0,,9661136484,Australia
C2351,Ankit,Male,62.0,Pune,,,2460.355,5.0,user2350@mail.com,9810700756,USA
2352,Amit,Female,43.0,Pune,,2023-04-05,2460.355,3.0,,,USA
2353,Unknown,Male,35.0,Ahmedabad,,,2460.355,5.0,,,India
2354,Ankit,Unknown,43.0,Pune,2022-11-25,,1465.2,2.0,,,Australia
2355,Pooja,Female,26.0,Kolkata,,,2460.355,3.0,user2354@mail.com,,India
C2356,Ravi,Unknown,43.0,Hyderabad,2022-11-16,,2460.355,4.0,,,India
,Neha,Female,32.0,Unknown,2022-03-30,2025-03-17,2460.355,3.0,user2356@mail.com,,UK
2358,Rahul,Female,43.0,Kolkata,2024-02-15,2024-05-20,2460.355,3.0,,9174915024,Canada
2359,Pooja,Male,43.0,Hyderabad,2020-08-22,,2460.355,2.0,,,India
2360,Simran,Unknown,26.0,Unknown,2020-12-20,,2460.355,3.0,,,UK
2361,Pooja,Unknown,66.0,Hyderabad,,,2460.355,3.0,,,India
2362,Ankit,Male,43.0,Hyderabad,2025-08-07,2023-04-27,2460.355,5.0,,,India
C2363,Pooja,Unknown,43.0,Pune,2020-12-18,2026-01-10,2460.355,3.0,,,India
,Unknown,Male,19.0,Hyderabad,,,2276.69,3.0,,9118192603,Australia
C2365,Kiran,Female,43.0,Hyderabad,2022-11-12,2025-12-25,216.29,3.0,user2364@mail.com,,Australia
2366,Pooja,Male,68.0,Unknown,2025-06-22,2024-01-07,2460.355,3.0,,,Canada
,Neha,Male,43.0,Bangalore,2021-01-14,,2460.355,3.0,,,Australia
C2368,Ravi,Unknown,43.0,Unknown,2025-03-12,,2460.355,3.0,,9694294791,Unknown
,Simran,Female,18.0,Bangalore,2023-09-26,2023-09-27,2460.355,3.0,,9968869329,Unknown
2370,Amit,Male,19.0,Unknown,,,2460.355,3.0,user2369@mail.com,9638033369,Australia
2371,Amit,Female,43.0,Ahmedabad,,,2460.355,3.0,,,Unknown
2372,Sneha,Female,43.0,Delhi,2021-09-22,2023-10-22,3726.46,3.0,,,Unknown
2373,Neha,Female,43.0,Chennai,,,2460.355,3.0,user2372@mail.com,,Australia
2374,Neha,Unknown,43.0,Bangalore,,2023-07-07,2460.355,3.0,,,India
2375,Unknown,Male,43.0,Unknown,,,2460.355,3.0,,,USA
C2376,Ravi,Male,46.0,Delhi,,,3863.76,3.0,user2375@mail.com,,USA
,Sneha,Female,43.0,Hyderabad,2023-01-07,,2460.355,1.0,,,India
2378,Sneha,Female,47.0,Kolkata,,,2460.355,3.0,user2377@mail.com,,India
C2379,Amit,Female,43.0,Bangalore,2022-09-14,,2460.355,3.0,,9974393294,USA
C2380,Kiran,Female,43.0,Bangalore,,,2460.355,3.0,,9472427662,Canada
2381,Simran,Unknown,43.0,Hyderabad,,,2460.355,2.0,user2380@mail.com,9985178591,UK
2382,Neha,Unknown,43.0,Kolkata,,2022-05-11,2460.355,5.0,user2381@mail.com,,Unknown
C2383,Unknown,Male,32.0,Unknown,,,1693.88,5.0,user2382@mail.com,9331224937,Canada
,Neha,Female,43.0,Ahmedabad,2020-10-04,,2460.355,3.0,,,UK
2385,Ankit,Female,49.0,Mumbai,,2021-01-30,2114.36,1.0,,9737676645,Canada
2386,Rahul,Male,43.0,Chennai,2024-08-09,2025-10-14,2460.355,5.0,user2385@mail.com,,USA
C2387,Ravi,Female,43.0,Unknown,,,2460.355,4.0,,9966629763,Unknown
C2388,Pooja,Male,43.0,Unknown,2022-05-09,,2460.355,3.0,,,Australia
,Priya,Female,43.0,Mumbai,2022-11-26,,2405.13,3.0,,9403543821,Unknown
,Neha,Male,43.0,Chennai,2021-06-19,,4291.13,1.0,,,USA
C2391,Neha,Male,43.0,Kolkata,2023-10-27,2024-01-23,2026.94,2.0,,,Unknown
2392,Simran,Female,43.0,Delhi,2023-06-07,,2460.355,3.0,,9603018580,Unknown
2393,Ravi,Female,43.0,Pune,2025-09-17,,2460.355,3.0,user2392@mail.com,,India
,Sneha,Unknown,43.0,Chennai,,2020-12-25,2460.355,3.0,user2393@mail.com,,Canada
2395,Unknown,Male,43.0,Hyderabad,2021-04-20,,2460.355,3.0,,9671651852,India
C2396,Ravi,Male,43.0,Pune,2022-03-10,,4689.69,3.0,user2395@mail.com,,Unknown
2397,Ravi,Female,43.0,Delhi,2021-06-21,2021-12-17,2460.355,3.0,user2396@mail.com,,Australia
C2398,Amit,Female,43.0,Chennai,,2020-10-20,2460.355,3.0,,,India
2399,Simran,Male,43.0,Bangalore,,,2460.355,2.0,,,Australia
2400,Neha,Female,49.0,Kolkata,,,1304.4,3.0,,,Australia
2401,Neha,Female,43.0,Mumbai,2021-10-01,,2460.355,2.0,user2400@mail.com,,Australia
2402,Neha,Male,43.0,Hyderabad,2022-07-29,2021-01-28,2460.355,3.0,,9407116643,Australia
,Ankit,Male,43.0,Chennai,2022-03-06,,2460.355,3.0,,9906560184,Canada
C2404,Ravi,Female,43.0,Mumbai,2022-12-30,,2460.355,3.0,,,UK
2405,Amit,Female,43.0,Kolkata,2024-04-03,2023-10-13,2460.355,3.0,,,USA
2406,Rahul,Male,43.0,Chennai,2025-06-28,,2460.355,3.0,user2405@mail.com,9206320821,Australia
2407,Simran,Unknown,43.0,Chennai,2021-06-11,,2460.355,3.0,user2406@mail.com,,India
C2408,Pooja,Female,61.0,Hyderabad,2025-08-21,2023-11-27,1174.4,3.0,,,Unknown
C2409,Simran,Female,54.0,Delhi,2023-08-28,,4325.55,3.0,,9331230956,Canada
C2410,Ravi,Male,43.0,Hyderabad,2025-10-11,,2460.355,3.0,,,USA
C2411,Ankit,Unknown,43.0,Mumbai,2023-02-25,2023-10-03,2460.355,1.0,user2410@mail.com,,UK
2412,Kiran,Male,43.0,Unknown,2025-05-22,,30.39,3.0,,,UK
,Ankit,Female,43.0,Hyderabad,2024-06-05,2022-09-19,1947.66,3.0,,,Canada
2414,Unknown,Male,43.0,Unknown,2022-03-12,,4527.52,3.0,,,USA
2415,Ravi,Unknown,43.0,Hyderabad,2023-07-26,2022-04-19,2460.355,3.0,,,India
2416,Unknown,Unknown,43.0,Chennai,2021-08-11,,2460.355,3.0,user2415@mail.com,,Australia
,Rahul,Female,65.0,Mumbai,2025-02-22,2020-10-20,2460.355,3.0,user2416@mail.com,9854727560,India
C2418,Priya,Male,64.0,Chennai,2025-06-08,2023-02-07,2460.355,1.0,user2417@mail.com,9358537869,Canada
C2419,Ankit,Unknown,43.0,Hyderabad,2024-12-02,,2460.355,3.0,,9376258244,Canada
2420,Pooja,Male,43.0,Kolkata,2024-06-06,2024-11-28,2460.355,3.0,,,Canada
2421,Sneha,Male,43.0,Bangalore,2023-10-15,,2460.355,5.0,,,Canada
2422,Amit,Female,43.0,Kolkata,,2024-06-01,2460.355,3.0,,,India
2423,Kiran,Unknown,43.0,Chennai,,2025-12-02,2460.355,5.0,user2422@mail.com,9920944428,Unknown
2424,Simran,Female,43.0,Kolkata,,,2460.355,5.0,user2423@mail.com,,Australia
,Unknown,Male,43.0,Bangalore,2022-11-19,2021-06-11,2460.355,3.0,,,Canada
,Rahul,Male,43.0,Bangalore,,2021-10-31,2460.355,4.0,user2425@mail.com,,Canada
,Rahul,Unknown,43.0,Mumbai,,2023-12-08,3288.2,4.0,,,Canada
2428,Unknown,Female,47.0,Unknown,,,2460.355,3.0,,,India
2429,Simran,Female,43.0,Bangalore,2023-11-16,,2460.355,3.0,user2428@mail.com,,Australia
2430,Neha,Male,43.0,Unknown,,,2460.355,3.0,,,India
C2431,Rahul,Male,43.0,Bangalore,,,2460.355,1.0,,,India
2432,Kiran,Female,70.0,Mumbai,,,4256.36,1.0,,,Australia
2433,Amit,Male,43.0,Mumbai,,,2460.355,3.0,,,Unknown
C2434,Unknown,Female,43.0,Pune,,,2121.72,4.0,,,India
2435,Unknown,Unknown,43.0,Delhi,,,2460.355,3.0,user2434@mail.com,,USA
2436,Unknown,Female,43.0,Ahmedabad,2024-07-15,2024-04-03,3090.85,3.0,user2435@mail.com,9947613983,India
2437,Ravi,Male,43.0,Kolkata,,,2460.355,3.0,,,Canada
2438,Priya,Male,43.0,Mumbai,,2023-11-08,2460.355,3.0,,,India
2439,Ankit,Female,43.0,Bangalore,,2023-07-18,2460.355,1.0,user2438@mail.com,9884360382,Canada
,Pooja,Male,43.0,Hyderabad,2024-06-02,,2460.355,3.0,,,Unknown
,Ankit,Female,43.0,Pune,,2021-06-24,2460.355,3.0,,,India
2442,Ankit,Unknown,43.0,Bangalore,2025-07-01,2025-03-18,2460.355,3.0,,9932353089,Unknown
C2443,Amit,Male,43.0,Hyderabad,,2024-11-17,2460.355,2.0,user2442@mail.com,9224647141,UK
2444,Pooja,Female,43.0,Chennai,,,2460.355,3.0,user2443@mail.com,,Unknown
C2445,Pooja,Female,69.0,Mumbai,,2025-02-26,2460.355,3.0,,,USA
C2446,Unknown,Male,43.0,Kolkata,2024-01-30,,2460.355,3.0,,,USA
2447,Ravi,Unknown,43.0,Kolkata,2025-04-22,,925.3,2.0,,,UK
,Kiran,Female,43.0,Pune,,2025-07-12,2460.355,3.0,,,Australia
,Ankit,Unknown,43.0,Delhi,2022-10-30,,2460.355,3.0,,,Unknown
2450,Amit,Female,21.0,Unknown,,2022-10-09,1341.01,3.0,user2449@mail.com,9480131753,UK
,Kiran,Female,43.0,Unknown,2023-01-25,,4271.62,3.0,user2450@mail.com,,India
,Neha,Female,43.0,Hyderabad,,2022-12-26,2460.355,5.0,,,USA
C2453,Ravi,Female,28.0,Mumbai,2023-04-07,2025-10-14,2460.355,3.0,,9760097201,Australia
2454,Kiran,Male,43.0,Ahmedabad,2024-12-28,,4623.26,3.0,user2453@mail.com,,USA
2455,Neha,Male,43.0,Bangalore,,2025-10-25,2460.355,3.0,user2454@mail.com,9584540891,Unknown
2456,Sneha,Male,43.0,Bangalore,2024-03-02,2024-05-17,213.91,3.0,,,India
,Ravi,Female,43.0,Delhi,,,2460.355,3.0,,,Unknown
,Pooja,Male,43.0,Unknown,2021-07-09,2020-11-30,2460.355,4.0,,,USA
2459,Sneha,Female,43.0,Hyderabad,2025-03-31,,656.12,3.0,user2458@mail.com,,Unknown
2460,Amit,Unknown,43.0,Delhi,2021-06-22,,683.68,3.0,,9880733034,Canada
C2461,Unknown,Unknown,43.0,Bangalore,,,2460.355,3.0,,,USA
C2462,Pooja,Male,43.0,Chennai,2021-10-11,2022-01-02,4056.78,3.0,user2461@mail.com,,India
2463,Sneha,Unknown,58.0,Kolkata,,,2460.355,3.0,,,Unknown
C2464,Rahul,Unknown,43.0,Kolkata,2024-09-19,2024-08-04,2460.355,3.0,,,Australia
,Rahul,Female,43.0,Delhi,2023-10-08,2023-09-02,2460.355,3.0,user2464@mail.com,,UK
C2466,Ankit,Female,43.0,Mumbai,,,2460.355,1.0,,,Unknown
2467,Simran,Female,43.0,Unknown,,2025-11-14,2460.355,4.0,user2466@mail.com,,USA
,Neha,Female,43.0,Kolkata,2021-11-27,,2460.355,3.0,,,UK
2469,Priya,Male,43.0,Kolkata,2021-09-27,,2460.355,3.0,,,USA
C2470,Sneha,Female,43.0,Unknown,2022-12-18,2021-04-05,2460.355,3.0,,,India
,Rahul,Male,43.0,Kolkata,2021-10-16,,2460.355,3.0,,9419888647,Unknown
2472,Unknown,Male,20.0,Hyderabad,,,2460.355,3.0,user2471@mail.com,,Australia
2473,Kiran,Unknown,67.0,Hyderabad,,,2460.355,3.0,,,Unknown
C2474,Ankit,Unknown,43.0,Unknown,2024-01-16,,887.0,1.0,,,Canada
2475,Ravi,Female,22.0,Chennai,2026-01-12,,2460.355,4.0,,9250972857,Australia
,Neha,Male,43.0,Ahmedabad,,,2460.355,5.0,,,Unknown
2477,Simran,Male,43.0,Unknown,,,2460.355,3.0,user2476@mail.com,,USA
C2478,Pooja,Unknown,25.0,Kolkata,,2023-06-18,1386.36,4.0,,,USA
,Ravi,Male,68.0,Pune,,2022-02-23,2460.355,3.0,,,Canada
2480,Unknown,Male,43.0,Kolkata,,,2460.355,3.0,user2479@mail.com,,Canada
C2481,Priya,Unknown,43.0,Delhi,2025-05-17,2024-06-30,2460.355,3.0,user2480@mail.com,,Unknown
C2482,Unknown,Male,43.0,Bangalore,2025-05-22,2023-10-06,2460.355,3.0,user2481@mail.com,,Australia
2483,Sneha,Unknown,28.0,Bangalore,2020-12-17,,2460.355,5.0,,9993357050,India
,Unknown,Male,43.0,Hyderabad,2024-06-20,,2460.355,3.0,,9679041482,Australia
,Ankit,Unknown,43.0,Mumbai,2023-01-23,,2460.355,3.0,,,Canada
,Pooja,Female,43.0,Pune,2025-07-15,2022-10-28,2648.76,3.0,user2485@mail.com,,UK
,Neha,Male,43.0,Bangalore,,2020-11-28,2460.355,1.0,,9120961286,Unknown
2488,Sneha,Male,43.0,Ahmedabad,2023-08-05,,2460.355,3.0,,,Canada
C2489,Ravi,Male,43.0,Kolkata,,,1081.05,3.0,,,USA
C2490,Ankit,Male,31.0,Hyderabad,2025-05-03,2021-09-20,2460.355,1.0,,9509098522,Unknown
,Rahul,Unknown,43.0,Ahmedabad,,2023-12-10,2460.355,3.0,,9337187831,Australia
C2492,Simran,Unknown,43.0,Mumbai,,,2460.355,3.0,,,Unknown
2493,Sneha,Female,33.0,Chennai,,,2460.355,3.0,,,USA
,Ravi,Unknown,68.0,Pune,2023-12-13,,2460.355,3.0,user2493@mail.com,,USA
,Neha,Female,43.0,Mumbai,,,4996.55,3.0,,9105430651,Unknown
2496,Kiran,Male,43.0,Delhi,2025-07-11,2025-09-22,2460.355,3.0,,,UK
2497,Rahul,Female,43.0,Hyderabad,,,2460.355,3.0,user2496@mail.com,,Australia
2498,Rahul,Female,43.0,Mumbai,,,2460.355,3.0,user2497@mail.com,,India
2499,Neha,Female,56.0,Delhi,,,2460.355,3.0,user2498@mail.com,,USA
2500,Priya,Male,43.0,Hyderabad,2022-03-13,,2460.355,5.0,,,India
,Kiran,Male,43.0,Chennai,2021-06-24,2024-03-27,2460.355,3.0,user2500@mail.com,9460299386,USA
,Simran,Unknown,41.0,Kolkata,,,1192.88,3.0,,,USA
2503,Simran,Male,26.0,Chennai,2025-03-15,,2460.355,3.0,,,Unknown
2504,Kiran,Male,43.0,Bangalore,,,2460.355,3.0,user2503@mail.com,,USA
,Rahul,Female,43.0,Unknown,,,2460.355,3.0,,,Canada
C2506,Unknown,Female,43.0,Hyderabad,,,2460.355,3.0,,9213192382,Unknown
2507,Rahul,Female,43.0,Delhi,,,556.18,3.0,,,India
2508,Unknown,Female,58.0,Delhi,,,2460.355,3.0,,,India
2509,Simran,Unknown,21.0,Bangalore,2023-08-23,,2460.355,3.0,,,Unknown
2510,Amit,Male,43.0,Kolkata,,2021-10-17,2460.355,3.0,,,UK
2511,Pooja,Male,43.0,Bangalore,,,2460.355,3.0,,9695549736,USA
2512,Neha,Female,43.0,Bangalore,,2024-02-19,2460.355,3.0,,,Unknown
2513,Simran,Female,43.0,Unknown,,,2460.355,4.0,,,India
2514,Kiran,Unknown,43.0,Bangalore,,2024-07-26,2460.355,2.0,user2513@mail.com,,Unknown
C2515,Pooja,Male,43.0,Unknown,2021-03-02,2023-04-13,2050.13,3.0,,9823450646,Unknown
C2516,Unknown,Female,43.0,Chennai,,,3082.95,3.0,,,Unknown
C2517,Unknown,Male,61.0,Mumbai,,,2460.355,3.0,user2516@mail.com,,Australia
,Rahul,Male,59.0,Pune,2023-04-09,,2460.355,3.0,,,Unknown
2519,Sneha,Male,43.0,Unknown,2024-03-30,,2460.355,4.0,,9945533812,USA
C2520,Pooja,Male,43.0,Bangalore,,,2460.355,3.0,,,UK
C2521,Unknown,Female,39.0,Bangalore,2024-10-18,,2460.355,3.0,,,India
2522,Sneha,Female,43.0,Bangalore,,2024-10-23,3540.37,3.0,,9692296035,Unknown
2523,Simran,Male,43.0,Hyderabad,2023-11-03,2022-03-19,2460.355,3.0,,9429341768,Canada
C2524,Pooja,Female,43.0,Pune,,,2460.355,5.0,,,Unknown
,Kiran,Unknown,44.0,Kolkata,,,87.25,3.0,,,UK
,Rahul,Male,43.0,Chennai,2025-06-21,,2460.355,3.0,,,India
2527,Pooja,Female,43.0,Unknown,,,2460.355,3.0,,9745906067,India
2528,Pooja,Male,43.0,Mumbai,2025-06-27,,2460.355,3.0,,,USA
2529,Sneha,Female,43.0,Ahmedabad,2025-04-12,,2460.355,3.0,user2528@mail.com,,UK
C2530,Ankit,Female,43.0,Delhi,2024-02-15,2022-03-15,2460.355,3.0,,,Australia
2531,Sneha,Female,66.0,Mumbai,,,2460.355,3.0,user2530@mail.com,9243144317,Canada
2532,Rahul,Female,43.0,Delhi,,2023-12-16,2460.355,3.0,user2531@mail.com,9112381880,India
C2533,Neha,Female,43.0,Mumbai,,,2986.72,4.0,,,Unknown
,Kiran,Female,66.0,Unknown,,2025-04-18,2460.355,1.0,,,USA
C2535,Unknown,Female,43.0,Hyderabad,,2022-03-12,2460.355,3.0,,,Unknown
,Kiran,Unknown,43.0,Unknown,2024-07-31,,2904.61,1.0,,9490045785,Canada
2537,Kiran,Female,43.0,Hyderabad,2020-08-06,,4471.93,3.0,,9578340382,USA
C2538,Sneha,Female,43.0,Mumbai,2023-05-10,2021-08-09,2460.355,3.0,,,Unknown
,Pooja,Female,43.0,Bangalore,,,2460.355,3.0,,,USA
2540,Priya,Unknown,43.0,Kolkata,,,2460.355,3.0,user2539@mail.com,9443546567,Australia
2541,Pooja,Unknown,43.0,Pune,2025-10-24,,3693.96,3.0,,,India
,Amit,Male,43.0,Kolkata,2020-10-14,,4873.4,3.0,,9782966460,Australia
2543,Unknown,Unknown,43.0,Mumbai,,,2460.355,3.0,,,USA
2544,Unknown,Male,43.0,Kolkata,,2025-04-27,2460.355,3.0,,,Australia
2545,Ravi,Male,43.0,Chennai,,,2460.355,3.0,user2544@mail.com,9848749806,Canada
C2546,Simran,Female,39.0,Unknown,,,4235.49,3.0,user2545@mail.com,,Australia
C2547,Ankit,Unknown,43.0,Hyderabad,2021-03-14,,4850.44,3.0,user2546@mail.com,,India
,Ravi,Male,51.0,Ahmedabad,2025-03-26,,3741.91,3.0,,,Unknown
,Rahul,Male,43.0,Chennai,2024-12-11,,2460.355,2.0,,,UK
C2550,Simran,Female,43.0,Bangalore,2025-02-16,,2460.355,4.0,,,UK
2551,Priya,Male,43.0,Chennai,2021-04-04,2021-07-14,2460.355,3.0,user2550@mail.com,,USA
2552,Pooja,Unknown,43.0,Unknown,2024-09-25,2024-11-06,4574.33,3.0,,,Canada
2553,Simran,Unknown,24.0,Delhi,,,2460.355,3.0,user2552@mail.com,9263834276,India
2554,Ravi,Unknown,43.0,Chennai,,,2460.355,3.0,,9545070862,India
2555,Unknown,Unknown,43.0,Mumbai,,,66.49,3.0,,,Canada
2556,Ankit,Male,69.0,Pune,,,1420.16,3.0,,,India
2557,Simran,Female,43.0,Delhi,,2024-08-28,2460.355,3.0,,,Unknown
,Sneha,Female,43.0,Ahmedabad,,2024-09-11,2460.355,2.0,,,USA
C2559,Neha,Female,43.0,Chennai,2022-04-01,2022-06-01,3804.07,3.0,,9353504483,Australia
2560,Ankit,Male,38.0,Hyderabad,2025-09-01,2024-02-28,2460.355,2.0,,9878052008,Unknown
2561,Sneha,Female,28.0,Pune,2025-10-24,,2460.355,3.0,,,Australia
2562,Neha,Male,43.0,Chennai,2022-12-23,,2460.355,3.0,,,Unknown
2563,Simran,Female,43.0,Hyderabad,,,2460.355,3.0,user2562@mail.com,,India
,Unknown,Unknown,43.0,Ahmedabad,2025-03-25,2025-08-19,1081.02,3.0,,,UK
2565,Priya,Male,21.0,Kolkata,,,3954.07,3.0,,,India
C2566,Priya,Female,43.0,Ahmedabad,,,4125.62,4.0,,,Canada
2567,Amit,Male,29.0,Unknown,,,2460.355,3.0,user2566@mail.com,,Australia
,Neha,Female,43.0,Bangalore,2021-07-08,,3575.58,1.0,,,Unknown
C2569,Neha,Unknown,38.0,Delhi,,,2460.355,3.0,user2568@mail.com,,Australia
2570,Unknown,Male,43.0,Unknown,,,2460.355,3.0,,,USA
2571,Amit,Unknown,68.0,Delhi,,,2460.355,3.0,,,Canada
2572,Amit,Male,43.0,Bangalore,2024-03-02,,2460.355,3.0,,,Unknown
2573,Pooja,Unknown,43.0,Bangalore,,,2460.355,3.0,user2572@mail.com,,Canada
C2574,Amit,Female,57.0,Kolkata,,,2460.355,1.0,,9371844115,UK
2575,Rahul,Female,43.0,Chennai,2025-11-05,,2460.355,3.0,user2574@mail.com,,India
2576,Sneha,Unknown,55.0,Delhi,2024-10-12,,2460.355,3.0,,9837314279,UK
2577,Pooja,Male,60.0,Mumbai,2024-01-25,,2460.355,3.0,,,Canada
C2578,Unknown,Female,43.0,Kolkata,2023-05-30,,2460.355,3.0,,,UK
,Unknown,Female,43.0,Delhi,2025-08-11,,2460.355,3.0,,,Unknown
,Priya,Male,53.0,Kolkata,2021-11-11,,2460.355,3.0,,,USA
C2581,Rahul,Male,43.0,Mumbai,2022-07-20,2022-06-06,2460.355,3.0,,,Australia
2582,Neha,Female,43.0,Delhi,2022-03-01,2025-10-09,2460.355,3.0,,9864687070,Australia
2583,Rahul,Female,43.0,Mumbai,2025-06-25,,2460.355,3.0,,9292963368,Australia
,Pooja,Male,43.0,Ahmedabad,2023-11-19,,4244.74,5.0,,,USA
,Neha,Male,43.0,Mumbai,2023-05-15,2021-09-12,2460.355,3.0,,,India
,Priya,Female,43.0,Hyderabad,2022-12-28,,4072.85,3.0,,,Australia
C2587,Neha,Female,43.0,Pune,2023-06-14,,2460.355,1.0,,,Australia
2588,Sneha,Female,43.0,Pune,2022-03-11,2023-09-04,2460.355,3.0,,,Australia
2589,Unknown,Female,43.0,Kolkata,2023-04-07,,2460.355,3.0,,,Australia
2590,Amit,Female,43.0,Mumbai,2022-02-01,2025-12-25,2460.355,3.0,,,USA
2591,Kiran,Male,43.0,Ahmedabad,,2021-07-07,3092.66,3.0,user2590@mail.com,,Unknown
2592,Simran,Female,38.0,Chennai,,,2460.355,2.0,user2591@mail.com,9145051160,USA
2593,Pooja,Female,43.0,Pune,2022-02-24,,2460.355,3.0,user2592@mail.com,,Unknown
C2594,Priya,Male,43.0,Ahmedabad,,2024-01-06,2460.355,3.0,,9760650633,USA
2595,Ravi,Female,43.0,Kolkata,,,2460.355,3.0,user2594@mail.com,,Unknown
2596,Ravi,Male,23.0,Delhi,2023-06-17,,2460.355,3.0,,,Canada
2597,Priya,Unknown,43.0,Pune,,,2460.355,3.0,,,UK
C2598,Neha,Unknown,43.0,Pune,,,2460.355,3.0,,,UK
,Kiran,Unknown,43.0,Delhi,,,2460.355,3.0,,,Canada
C2600,Unknown,Female,52.0,Delhi,2022-09-17,,2460.355,3.0,,,UK
2601,Rahul,Male,43.0,Bangalore,2020-10-05,,2460.355,3.0,user2600@mail.com,,UK
C2602,Ravi,Female,43.0,Chennai,,,3966.77,3.0,,,Australia
C2603,Neha,Male,43.0,Hyderabad,,2023-08-21,1450.67,3.0,,,Canada
C2604,Simran,Unknown,43.0,Mumbai,,2022-03-08,2460.355,4.0,,,UK
C2605,Kiran,Female,43.0,Bangalore,2021-08-18,2022-04-15,2460.355,3.0,user2604@mail.com,,UK
,Sneha,Female,43.0,Kolkata,,2020-09-14,2460.355,3.0,,9881402127,Unknown
,Amit,Male,60.0,Hyderabad,2023-02-17,,2460.355,3.0,,,Canada
,Pooja,Male,43.0,Unknown,2021-11-20,,14.99,4.0,,,Canada
,Priya,Male,43.0,Ahmedabad,2020-11-30,2026-01-04,2460.355,3.0,,,Canada
C2610,Ankit,Unknown,43.0,Mumbai,2023-02-18,2025-02-16,2460.355,3.0,,,India
,Ankit,Female,44.0,Ahmedabad,,,2460.355,3.0,,,UK
,Simran,Female,43.0,Ahmedabad,2022-10-31,,2460.355,3.0,,9972224973,UK
2613,Pooja,Male,43.0,Chennai,,,4879.08,3.0,,,UK
C2614,Kiran,Male,43.0,Unknown,,,2460.355,3.0,user2613@mail.com,,Canada
,Sneha,Unknown,43.0,Ahmedabad,,,2460.355,4.0,user2614@mail.com,,Canada
C2616,Sneha,Male,43.0,Hyderabad,,2025-07-22,2460.355,3.0,user2615@mail.com,,Australia
2617,Unknown,Male,43.0,Bangalore,,,404.87,3.0,,9886713946,Canada
,Priya,Unknown,43.0,Kolkata,2025-12-27,,2460.355,3.0,user2617@mail.com,,Canada
C2619,Ankit,Male,43.0,Chennai,2024-01-10,,2460.355,3.0,,,India
2620,Ravi,Unknown,27.0,Delhi,,,2460.355,1.0,,9175141622,USA
C2621,Neha,Male,62.0,Hyderabad,2021-08-28,2021-02-26,2460.355,3.0,user2620@mail.com,9972465694,UK
2622,Ravi,Female,43.0,Kolkata,2023-09-22,,696.95,3.0,,9774630691,UK
C2623,Rahul,Unknown,43.0,Unknown,,2025-02-13,3043.67,3.0,,,Canada
2624,Pooja,Male,43.0,Unknown,,,4700.4,3.0,,,UK
,Priya,Male,43.0,Bangalore,2022-03-06,,2460.355,3.0,,,Australia
2626,Neha,Male,50.0,Pune,,,2460.355,3.0,,,UK
2627,Pooja,Male,43.0,Unknown,2022-08-04,,2460.355,3.0,,9760689983,India
,Unknown,Female,43.0,Delhi,2021-08-12,2025-10-07,2460.355,3.0,,,Unknown
C2629,Ravi,Unknown,42.0,Delhi,,,3358.04,3.0,,9193121636,Australia
C2630,Kiran,Female,43.0,Bangalore,2021-02-21,2023-02-27,2460.355,3.0,,,Unknown
C2631,Neha,Male,55.0,Mumbai,2024-07-02,,364.06,3.0,,,Canada
C2632,Unknown,Female,43.0,Ahmedabad,2022-05-17,,2460.355,3.0,,,Canada
2633,Ankit,Male,54.0,Kolkata,,2024-05-26,2460.355,5.0,,,Unknown
,Priya,Male,43.0,Bangalore,2020-09-20,,2460.355,3.0,,,Canada
C2635,Unknown,Male,43.0,Mumbai,2022-03-19,,2460.355,3.0,,,Unknown
,Unknown,Female,43.0,Bangalore,,2022-07-01,2460.355,3.0,,9958013405,Unknown
2637,Simran,Male,43.0,Ahmedabad,2025-12-03,,2460.355,3.0,,,India
2638,Unknown,Male,43.0,Ahmedabad,2023-11-24,,2460.355,3.0,user2637@mail.com,,Unknown
,Amit,Unknown,43.0,Ahmedabad,,,2460.355,1.0,,,USA
2640,Ravi,Male,24.0,Delhi,2023-01-29,,2460.355,3.0,,,India
2641,Simran,Unknown,28.0,Hyderabad,2022-03-22,,2460.355,3.0,,9419905935,Australia
C2642,Simran,Female,43.0,Bangalore,,2020-10-18,2460.355,3.0,,,USA
2643,Unknown,Male,43.0,Kolkata,2025-02-06,2024-12-04,2460.355,2.0,user2642@mail.com,,Australia
2644,Pooja,Male,43.0,Delhi,,,2460.355,3.0,,9122013481,Canada
2645,Amit,Male,43.0,Bangalore,2025-02-02,,2460.355,3.0,,,Canada
2646,Pooja,Male,65.0,Mumbai,2023-01-14,,2460.355,3.0,,9571974722,Canada
,Priya,Female,43.0,Bangalore,,,2460.355,3.0,,,Unknown
2648,Neha,Male,38.0,Hyderabad,,2024-11-20,2460.355,4.0,,,Canada
,Simran,Male,43.0,Unknown,,2023-05-11,2460.355,3.0,user2648@mail.com,,USA
2650,Simran,Female,43.0,Kolkata,2024-11-01,,2460.355,3.0,,9351626576,Unknown
,Rahul,Unknown,43.0,Ahmedabad,2020-10-25,,2460.355,3.0,,,Canada
,Ankit,Unknown,43.0,Kolkata,,,2460.355,3.0,,9242142419,Australia
C2653,Unknown,Female,18.0,Delhi,2022-02-11,,2460.355,3.0,,9448091351,UK
,Unknown,Unknown,43.0,Hyderabad,2024-04-12,,2460.355,4.0,,,USA
2655,Ankit,Male,43.0,Chennai,,,288.7,3.0,,,Canada
2656,Unknown,Female,43.0,Kolkata,,,2460.355,3.0,user2655@mail.com,,Australia
C2657,Unknown,Male,58.0,Hyderabad,2020-12-06,,2460.355,1.0,user2656@mail.com,9110300642,Unknown
2658,Sneha,Male,29.0,Unknown,2021-08-19,2021-12-16,2460.355,5.0,,,Canada
2659,Simran,Unknown,43.0,Unknown,,,2460.355,1.0,,9172952589,USA
C2660,Priya,Female,43.0,Pune,2021-09-23,2025-07-14,2460.355,3.0,,,Canada
2661,Neha,Male,43.0,Unknown,,,2460.355,3.0,,,USA
C2662,Ravi,Female,31.0,Mumbai,,,2801.47,3.0,,,India
2663,Simran,Female,43.0,Unknown,,,2460.355,3.0,,,India
,Unknown,Male,49.0,Pune,2020-09-04,,996.42,3.0,,,USA
,Unknown,Female,43.0,Delhi,2022-01-28,,2460.355,3.0,,9264295140,UK
2666,Pooja,Male,43.0,Kolkata,,,3414.89,3.0,user2665@mail.com,,India
2668,Ravi,Unknown,55.0,Unknown,,,4663.27,3.0,,,UK
C2669,Rahul,Male,43.0,Chennai,,,2460.355,2.0,user2668@mail.com,,Australia
2670,Unknown,Female,19.0,Pune,,,3287.68,3.0,,,USA
2671,Amit,Female,43.0,Kolkata,2023-08-09,,2460.355,3.0,,,USA
2672,Kiran,Female,43.0,Pune,,2021-10-21,3592.46,3.0,,,USA
2673,Ravi,Female,43.0,Bangalore,2024-07-04,,2460.355,3.0,,9636062673,USA
,Amit,Unknown,43.0,Pune,2025-05-08,,2460.355,1.0,,9869939677,USA
2675,Simran,Female,37.0,Mumbai,2021-04-15,,2460.355,3.0,,9333070097,Australia
,Amit,Male,43.0,Chennai,,,1459.97,3.0,user2675@mail.com,,USA
C2677,Sneha,Female,43.0,Bangalore,,,2460.355,3.0,user2676@mail.com,,Australia
C2678,Neha,Male,43.0,Hyderabad,2022-03-07,,2460.355,3.0,,,UK
,Ravi,Male,43.0,Ahmedabad,2020-09-18,,2460.355,4.0,user2678@mail.com,9361678647,Unknown
2680,Pooja,Male,43.0,Chennai,,2023-08-13,2460.355,2.0,,,Canada
,Unknown,Unknown,43.0,Mumbai,2021-11-03,,2460.355,3.0,,,UK
2682,Neha,Male,49.0,Hyderabad,,,1381.25,3.0,,,Unknown
2683,Pooja,Male,59.0,Delhi,,2024-02-12,3493.24,5.0,,9480740522,Unknown
2684,Sneha,Unknown,43.0,Mumbai,,2021-04-30,1740.2,3.0,,,Australia
C2685,Unknown,Male,43.0,Bangalore,,,2460.355,3.0,,,Canada
2686,Sneha,Male,43.0,Mumbai,,,2460.355,3.0,user2685@mail.com,9661768033,USA
,Priya,Male,43.0,Kolkata,,2021-07-14,1254.35,3.0,,9653400952,USA
2688,Kiran,Female,53.0,Chennai,,,802.43,2.0,,,India
2689,Ravi,Female,43.0,Unknown,,,2460.355,3.0,,9123373866,UK
,Kiran,Female,43.0,Kolkata,2023-08-06,,2460.355,3.0,,,Unknown
2691,Simran,Male,43.0,Pune,2022-05-26,,2460.355,3.0,user2690@mail.com,9420988379,India
2692,Rahul,Unknown,43.0,Pune,,,983.32,3.0,,,UK
,Kiran,Female,43.0,Kolkata,2020-09-05,,2460.355,3.0,,,UK
,Ravi,Male,46.0,Ahmedabad,,,1757.18,3.0,,,India
2695,Unknown,Unknown,43.0,Mumbai,,,919.06,3.0,,,Unknown
C2696,Simran,Male,43.0,Pune,2022-08-07,,3549.23,3.0,,9313671297,Unknown
,Kiran,Unknown,43.0,Chennai,,2023-07-17,2460.355,3.0,,,Canada
2698,Pooja,Unknown,43.0,Ahmedabad,,,2460.355,3.0,,,UK
C2699,Unknown,Unknown,43.0,Kolkata,2023-04-26,,2460.355,3.0,,,USA
C2700,Ravi,Male,43.0,Chennai,,,4030.82,2.0,,9672903825,UK
2701,Kiran,Unknown,43.0,Delhi,,2022-03-24,994.95,3.0,user2700@mail.com,,USA
,Ravi,Unknown,43.0,Kolkata,2022-02-25,,2460.355,3.0,,9528965124,Unknown
,Sneha,Female,43.0,Mumbai,2022-03-28,,171.35,3.0,,,Australia
,Priya,Male,43.0,Bangalore,2022-06-07,2021-01-01,2460.355,3.0,,9642887672,India
2705,Neha,Female,43.0,Chennai,2022-01-03,2023-09-18,2460.355,2.0,user2704@mail.com,,USA
C2706,Ankit,Male,62.0,Mumbai,,2023-10-06,2460.355,3.0,user2705@mail.com,,UK
2707,Unknown,Unknown,43.0,Mumbai,,2025-02-21,2460.355,3.0,,9169421944,India
2708,Simran,Male,43.0,Hyderabad,,,2460.355,3.0,,9292658564,Canada
,Unknown,Unknown,43.0,Ahmedabad,,,2460.355,3.0,,,Canada
2710,Unknown,Female,43.0,Chennai,,,2552.45,4.0,,,Unknown
2711,Amit,Male,43.0,Delhi,2020-09-02,,2460.355,3.0,,,UK
2712,Pooja,Unknown,37.0,Pune,,2023-12-30,2460.355,3.0,user2711@mail.com,,Unknown
,Sneha,Male,43.0,Bangalore,2021-06-21,,529.03,3.0,user2712@mail.com,,Canada
C2714,Unknown,Male,33.0,Pune,,,2460.355,2.0,,,Canada
2715,Ravi,Male,42.0,Kolkata,2022-09-19,,548.25,3.0,,,UK
2716,Unknown,Female,68.0,Hyderabad,,,2460.355,3.0,,,Unknown
,Unknown,Male,19.0,Hyderabad,2024-03-19,2022-08-04,4173.1,3.0,,,India
,Ankit,Female,43.0,Unknown,,,2460.355,3.0,user2717@mail.com,,Unknown
C2719,Ankit,Male,43.0,Unknown,2021-12-25,,4154.62,3.0,user2718@mail.com,,India
2720,Kiran,Female,43.0,Ahmedabad,,,2460.355,3.0,,9509734926,USA
C2721,Ankit,Male,43.0,Hyderabad,,,2460.355,3.0,,,UK
2722,Unknown,Female,43.0,Unknown,,,2460.355,1.0,,,USA
C2723,Ravi,Unknown,43.0,Mumbai,,,3611.42,3.0,,,USA
,Unknown,Female,43.0,Mumbai,2025-09-15,,2460.355,2.0,user2723@mail.com,,Australia
2725,Neha,Female,43.0,Unknown,2020-12-05,,2460.355,3.0,,,India
2726,Neha,Female,43.0,Hyderabad,2024-07-03,,2460.355,3.0,,,Unknown
2727,Pooja,Male,43.0,Kolkata,,,2460.355,3.0,user2726@mail.com,9796276389,Australia
2728,Sneha,Female,43.0,Pune,,,2282.27,1.0,,,India
C2729,Ankit,Male,43.0,Unknown,,,2460.355,3.0,user2728@mail.com,9475311613,UK
,Ravi,Male,43.0,Mumbai,,,2460.355,3.0,,9643076918,USA
C2731,Priya,Unknown,43.0,Pune,2020-09-12,,604.87,2.0,,,India
2732,Ankit,Female,43.0,Ahmedabad,2022-03-23,,2460.355,4.0,user2731@mail.com,,Australia
,Kiran,Male,43.0,Ahmedabad,,2023-11-14,2460.355,3.0,,9899360013,India
2734,Rahul,Female,43.0,Bangalore,,,2460.355,2.0,,9231751323,Unknown
2735,Ravi,Unknown,43.0,Kolkata,,2025-05-16,2460.355,3.0,,,India
2736,Neha,Male,43.0,Chennai,2023-07-26,,3779.31,3.0,,,India
2737,Unknown,Male,49.0,Chennai,2025-01-30,,2460.355,3.0,user2736@mail.com,,Australia
2738,Rahul,Unknown,43.0,Unknown,2023-09-25,,2460.355,4.0,,,Australia
,Ravi,Female,19.0,Kolkata,,2023-02-16,2460.355,3.0,user2738@mail.com,9784138095,Unknown
2740,Ravi,Female,43.0,Kolkata,,2022-07-10,2004.24,3.0,,,UK
2741,Ravi,Male,43.0,Kolkata,,,661.38,4.0,,,Unknown
2742,Kiran,Female,43.0,Bangalore,2024-11-08,,2460.355,1.0,,,India
C2743,Ankit,Unknown,64.0,Ahmedabad,,,2460.355,5.0,,,Australia
2744,Priya,Male,43.0,Chennai,2023-10-13,2023-01-04,2460.355,5.0,user2743@mail.com,,Australia
,Unknown,Male,43.0,Ahmedabad,2023-11-27,,2460.355,3.0,,,India
2746,Ravi,Female,43.0,Kolkata,,2021-10-19,2460.355,3.0,,,Canada
,Ankit,Female,43.0,Kolkata,2025-05-04,,2460.355,3.0,,9566181817,India
,Unknown,Female,64.0,Mumbai,,,2460.355,3.0,,,Australia
,Priya,Female,43.0,Ahmedabad,2025-06-18,2024-02-21,2460.355,3.0,,9126358103,UK
2750,Simran,Female,45.0,Chennai,,,2460.355,3.0,user2749@mail.com,,Australia
2751,Priya,Unknown,57.0,Pune,,,1443.47,3.0,,,UK
C2752,Simran,Female,43.0,Kolkata,,,2460.355,3.0,,9279877114,USA
,Simran,Unknown,43.0,Delhi,2024-02-01,,2460.355,3.0,,9693464250,UK
2754,Ravi,Unknown,43.0,Kolkata,2022-09-28,2024-12-24,2460.355,3.0,,,India
,Kiran,Male,43.0,Kolkata,,2020-08-09,2460.355,3.0,user2754@mail.com,,Unknown
2756,Rahul,Unknown,43.0,Mumbai,2024-07-20,2025-12-17,2460.355,3.0,,,India
,Neha,Male,43.0,Pune,2022-03-27,,695.96,3.0,,,Canada
,Sneha,Female,43.0,Kolkata,2023-11-06,2021-10-08,2460.355,3.0,,,UK
2759,Simran,Male,43.0,Pune,2023-07-27,,2460.355,3.0,,,Unknown
,Priya,Male,43.0,Kolkata,,2021-01-13,4448.11,3.0,,9177648181,Australia
C2761,Neha,Unknown,62.0,Delhi,2021-10-27,2023-01-25,2460.355,3.0,,,Australia
2762,Unknown,Female,43.0,Chennai,2021-10-07,,2460.355,3.0,,9789367889,India
,Rahul,Unknown,43.0,Mumbai,,,2460.355,5.0,user2762@mail.com,,Canada
C2764,Rahul,Male,46.0,Kolkata,,,2460.355,1.0,,9221160293,Australia
,Amit,Unknown,43.0,Unknown,,2025-08-03,2460.355,3.0,,,USA
2766,Unknown,Unknown,20.0,Pune,,,2882.25,3.0,,,Unknown
,Simran,Male,43.0,Ahmedabad,,2025-06-16,4161.42,3.0,,,Unknown
2768,Kiran,Male,43.0,Hyderabad,2022-11-09,,2460.355,3.0,,9310139902,Unknown
2769,Amit,Female,18.0,Ahmedabad,,2021-12-10,2460.355,5.0,,9459176915,Canada
2770,Priya,Unknown,43.0,Mumbai,2025-08-06,,47.18,3.0,,9944703700,Australia
2771,Priya,Male,43.0,Kolkata,2024-03-24,,2460.355,5.0,,,UK
2772,Unknown,Unknown,43.0,Ahmedabad,2022-05-22,2023-10-10,3154.67,3.0,user2771@mail.com,,UK
2773,Pooja,Female,43.0,Ahmedabad,2021-11-07,2023-05-18,2460.355,3.0,,9835557183,UK
,Kiran,Male,37.0,Pune,,,2460.355,2.0,user2773@mail.com,,Unknown
C2775,Simran,Female,45.0,Ahmedabad,2022-09-28,,2460.355,3.0,,,Canada
C2776,Ankit,Male,43.0,Chennai,,,2460.355,3.0,,,Australia
2777,Unknown,Unknown,43.0,Delhi,,,1426.54,3.0,,,UK
2778,Unknown,Female,43.0,Delhi,,2024-12-02,2460.355,3.0,,,Australia
2779,Rahul,Unknown,43.0,Bangalore,2024-09-10,,1586.21,3.0,user2778@mail.com,,USA
,Unknown,Unknown,43.0,Ahmedabad,2023-08-18,2021-01-23,2460.355,3.0,,,USA
C2781,Amit,Female,49.0,Hyderabad,,2025-08-08,2460.355,3.0,,,UK
2782,Neha,Female,43.0,Unknown,2020-11-10,,2460.355,3.0,,9854578377,Australia
2783,Sneha,Male,43.0,Delhi,,2020-10-04,2460.355,5.0,,,Unknown
2784,Ravi,Female,43.0,Bangalore,2021-04-29,2024-01-26,2460.355,3.0,,9991269577,India
,Priya,Male,43.0,Hyderabad,,,2460.355,5.0,,9196505619,Unknown
C2786,Priya,Female,43.0,Mumbai,2022-05-04,,2460.355,3.0,user2785@mail.com,,USA
,Ravi,Unknown,18.0,Unknown,,2023-01-04,2460.355,3.0,,,UK
2788,Priya,Unknown,30.0,Ahmedabad,,,2460.355,3.0,,9601208201,India
C2789,Pooja,Female,43.0,Mumbai,2020-09-22,,2460.355,3.0,user2788@mail.com,9482602087,Canada
2790,Amit,Male,29.0,Delhi,2024-12-08,,2460.355,3.0,,,Australia
2791,Priya,Female,43.0,Pune,,2024-07-20,2460.355,4.0,,,Canada
,Simran,Female,44.0,Pune,,,2416.33,3.0,user2791@mail.com,,Canada
2793,Unknown,Female,43.0,Bangalore,,2024-02-16,2460.355,2.0,,,UK
C2794,Unknown,Female,43.0,Bangalore,2021-07-04,2024-06-09,2460.355,5.0,,,UK
2795,Unknown,Male,43.0,Unknown,2025-06-26,,2460.355,3.0,,,Australia
C2796,Priya,Female,43.0,Mumbai,,2021-04-01,2460.355,3.0,,9488485262,India
,Priya,Male,44.0,Chennai,2024-08-31,2022-07-08,45.07,3.0,,,Australia
2798,Ankit,Female,43.0,Kolkata,2022-02-07,2021-04-27,2460.355,3.0,user2797@mail.com,,Unknown
C2799,Ravi,Female,39.0,Unknown,2024-11-13,,2460.355,3.0,,9179235616,UK
2800,Pooja,Male,43.0,Delhi,,,781.14,2.0,,,UK
2801,Amit,Female,43.0,Kolkata,2023-03-20,,3212.13,2.0,,,India
2802,Unknown,Female,54.0,Hyderabad,,2022-03-07,2460.355,3.0,user2801@mail.com,9968387632,Canada
,Amit,Female,43.0,Mumbai,,,2460.355,3.0,,9180060004,UK
2804,Sneha,Male,43.0,Chennai,2023-12-04,2024-10-23,2460.355,5.0,,,UK
C2805,Simran,Unknown,43.0,Unknown,,2023-07-20,2460.355,3.0,,,India
2806,Unknown,Female,37.0,Mumbai,,,2460.355,3.0,,,UK
2807,Rahul,Unknown,43.0,Chennai,,2021-04-10,2460.355,1.0,,,Unknown
2808,Unknown,Male,43.0,Ahmedabad,2025-05-07,2023-02-06,2460.355,3.0,,,India
C2809,Amit,Male,43.0,Ahmedabad,,2024-08-28,1141.75,3.0,user2808@mail.com,,Unknown
C2810,Kiran,Unknown,43.0,Kolkata,,2022-01-13,2460.355,2.0,,,Unknown
C2811,Simran,Female,49.0,Unknown,2023-07-19,,2460.355,5.0,,,UK
,Ankit,Unknown,43.0,Delhi,,,2460.355,3.0,,,Australia
2813,Ravi,Male,43.0,Unknown,,,2460.355,3.0,,,Canada
2814,Unknown,Female,43.0,Chennai,,2023-06-11,2460.355,2.0,,,Unknown
2815,Priya,Male,43.0,Unknown,,,2460.355,3.0,,9998826529,India
2816,Neha,Unknown,43.0,Pune,,,246.52,3.0,user2815@mail.com,,Canada
2817,Kiran,Female,43.0,Kolkata,,2022-05-06,2460.355,2.0,,,Unknown
2818,Rahul,Unknown,43.0,Pune,,,42.02,4.0,,,UK
C2819,Pooja,Male,44.0,Ahmedabad,,,2460.355,3.0,user2818@mail.com,,Unknown
2820,Simran,Male,43.0,Kolkata,,2021-05-19,2460.355,3.0,user2819@mail.com,,UK
2821,Sneha,Male,43.0,Bangalore,,,2460.355,3.0,user2820@mail.com,9246375328,USA
2822,Ravi,Female,43.0,Ahmedabad,,,2460.355,3.0,,,UK
,Priya,Male,43.0,Mumbai,2025-03-26,,4143.97,3.0,,,UK
,Ravi,Female,40.0,Delhi,2021-02-11,,2460.355,3.0,,,India
,Kiran,Male,43.0,Delhi,2021-02-22,,197.61,3.0,,,USA
C2826,Simran,Unknown,43.0,Kolkata,2024-11-05,,2460.355,3.0,,9469526220,India
2827,Neha,Male,43.0,Unknown,2021-08-18,,2460.355,3.0,,9463635413,UK
2828,Priya,Unknown,43.0,Unknown,,,305.17,3.0,user2827@mail.com,,Unknown
C2829,Priya,Male,43.0,Bangalore,2020-09-12,,2460.355,3.0,,9137308358,UK
2830,Unknown,Unknown,68.0,Mumbai,,2022-09-15,2460.355,3.0,,,India
,Rahul,Male,43.0,Kolkata,2021-12-01,,2460.355,3.0,,,Australia
2832,Sneha,Female,43.0,Hyderabad,2023-08-05,,2460.355,3.0,,,Australia
,Pooja,Female,43.0,Delhi,,,2460.355,3.0,,,Unknown
2834,Simran,Male,54.0,Ahmedabad,,,2460.355,3.0,,,Unknown
C2835,Simran,Female,43.0,Delhi,,,2460.355,3.0,user2834@mail.com,,Unknown
,Kiran,Male,43.0,Unknown,,,2460.355,3.0,,,India
,Kiran,Male,43.0,Mumbai,,,2460.355,3.0,,,USA
2838,Neha,Female,43.0,Delhi,2022-08-29,,2460.355,3.0,user2837@mail.com,,USA
2839,Unknown,Female,43.0,Kolkata,2024-06-22,,2460.355,3.0,,,USA
,Neha,Female,43.0,Unknown,,,2460.355,3.0,,9399460900,Australia
,Pooja,Female,43.0,Pune,2023-12-30,2021-05-22,2778.12,3.0,user2840@mail.com,,UK
,Kiran,Male,43.0,Mumbai,2021-06-06,2025-03-08,2460.355,3.0,,,USA
,Ravi,Female,43.0,Pune,2023-12-26,,2460.355,3.0,,,Australia
2844,Priya,Male,43.0,Chennai,,,2460.355,3.0,,,Canada
,Kiran,Male,41.0,Pune,,,2709.18,3.0,user2844@mail.com,,India
C2846,Amit,Unknown,43.0,Hyderabad,,,2460.355,3.0,,,Canada
,Priya,Female,43.0,Kolkata,,2022-08-12,2460.355,1.0,user2846@mail.com,,Canada
C2848,Simran,Female,48.0,Hyderabad,2021-09-14,,2460.355,3.0,,,UK
C2849,Rahul,Unknown,43.0,Mumbai,,,2460.355,3.0,,,USA
2850,Priya,Female,43.0,Kolkata,,2022-11-16,2460.355,3.0,,,India
2851,Unknown,Male,35.0,Delhi,,,2460.355,3.0,,,USA
C2852,Neha,Unknown,43.0,Bangalore,,,2460.355,4.0,,9320074296,India
2853,Ravi,Male,43.0,Delhi,,,2460.355,3.0,,9312162464,India
2854,Ravi,Unknown,43.0,Unknown,,2021-10-04,2460.355,3.0,,,Australia
,Sneha,Unknown,43.0,Unknown,2024-06-23,,2460.355,3.0,,,Canada
2856,Neha,Male,43.0,Chennai,,,2460.355,3.0,user2855@mail.com,9139324398,Unknown
,Ravi,Unknown,43.0,Hyderabad,,2025-11-26,2460.355,3.0,,9419670760,USA
2858,Pooja,Male,43.0,Unknown,,2023-01-17,2460.355,3.0,,,India
,Pooja,Male,25.0,Hyderabad,,2020-11-10,2460.355,3.0,,,Unknown
,Neha,Female,43.0,Ahmedabad,2024-11-09,,2460.355,3.0,user2859@mail.com,,India
2861,Sneha,Male,43.0,Kolkata,2025-08-26,,2085.06,2.0,user2860@mail.com,,USA
C2862,Priya,Unknown,43.0,Delhi,,2023-05-31,2460.355,3.0,,,Unknown
2863,Unknown,Unknown,43.0,Delhi,,2025-09-04,2460.355,3.0,,,USA
2864,Ravi,Unknown,43.0,Pune,2022-12-25,,2460.355,3.0,,,Australia
,Ankit,Male,44.0,Chennai,2025-04-01,2021-12-01,585.69,3.0,,,UK
,Simran,Female,43.0,Hyderabad,2025-05-06,,2460.355,3.0,,9790172981,USA
,Sneha,Female,43.0,Delhi,2023-12-28,2021-08-26,2460.355,3.0,user2866@mail.com,,Australia
2868,Kiran,Female,43.0,Chennai,,,2460.355,3.0,,,Canada
C2869,Simran,Male,43.0,Pune,2023-04-24,,2460.355,3.0,user2868@mail.com,9931701619,India
,Pooja,Female,43.0,Delhi,,,2460.355,3.0,,,UK
2871,Neha,Unknown,43.0,Kolkata,,2024-07-03,2460.355,3.0,,9283130535,Australia
2872,Unknown,Unknown,35.0,Ahmedabad,,,2460.355,3.0,,,India
C2873,Simran,Female,43.0,Ahmedabad,,,2460.355,3.0,,,Australia
2874,Ankit,Male,43.0,Chennai,2023-03-26,2025-02-12,1033.93,3.0,,9715909678,Canada
C2875,Neha,Male,43.0,Ahmedabad,,,2460.355,3.0,,,USA
C2876,Priya,Male,58.0,Delhi,2023-12-25,2023-03-22,2460.355,3.0,,,Unknown
,Priya,Unknown,44.0,Hyderabad,2024-10-18,,678.09,3.0,,,Unknown
2878,Unknown,Female,43.0,Kolkata,2021-01-20,,2460.355,3.0,,,USA
2879,Amit,Female,43.0,Unknown,2022-10-02,,2460.355,1.0,,9757571402,Canada
2880,Ankit,Unknown,43.0,Chennai,,,2460.355,3.0,user2879@mail.com,9544715420,UK
C2881,Unknown,Unknown,65.0,Delhi,,2024-09-11,2460.355,1.0,,,UK
2882,Neha,Male,43.0,Ahmedabad,,,2460.355,5.0,,,Australia
2883,Unknown,Unknown,18.0,Bangalore,2020-11-04,,2460.355,3.0,,9528899112,Australia
C2884,Ankit,Male,63.0,Delhi,2021-09-21,,4309.07,1.0,user2883@mail.com,9203501460,India
2885,Rahul,Female,18.0,Unknown,,,2460.355,3.0,user2884@mail.com,,Canada
C2886,Rahul,Male,43.0,Pune,2025-02-04,2025-10-23,2460.355,3.0,,,USA
,Sneha,Female,43.0,Pune,,,2460.355,3.0,user2886@mail.com,,India
2888,Rahul,Male,43.0,Pune,,,675.9,2.0,,9172900322,India
2889,Ravi,Unknown,43.0,Delhi,,,2460.355,3.0,,9881181189,USA
2890,Ravi,Male,43.0,Mumbai,2021-07-26,2024-01-01,2460.355,2.0,user2889@mail.com,,Australia
2891,Sneha,Unknown,43.0,Delhi,,2024-05-01,3672.82,3.0,,,Australia
,Neha,Female,43.0,Hyderabad,2022-04-27,2025-01-30,2460.355,3.0,user2891@mail.com,,Canada
C2893,Ravi,Female,30.0,Mumbai,2023-07-19,2020-12-06,2460.355,3.0,,9258058428,UK
2894,Ravi,Male,43.0,Delhi,,2020-12-11,2460.355,2.0,user2893@mail.com,9521500934,UK
2895,Ravi,Unknown,43.0,Hyderabad,,2022-03-29,2460.355,3.0,,9983583755,UK
2896,Neha,Female,43.0,Kolkata,,,1673.29,3.0,,,Australia
,Unknown,Male,38.0,Hyderabad,,2021-04-27,2460.355,1.0,,,Australia
,Rahul,Female,20.0,Kolkata,2023-08-28,,2460.355,3.0,,,Canada
,Ankit,Unknown,43.0,Kolkata,2023-06-25,,2460.355,3.0,,,USA
,Unknown,Male,43.0,Ahmedabad,2024-09-30,,2460.355,2.0,,,UK
,Priya,Unknown,43.0,Chennai,2023-03-12,2023-02-28,381.4,3.0,,9501019484,Unknown
C2902,Kiran,Male,43.0,Delhi,,,2460.355,3.0,,,UK
2903,Neha,Male,43.0,Mumbai,,2021-02-21,2460.355,5.0,,,USA
,Neha,Male,43.0,Chennai,2022-04-04,,2460.355,3.0,,9610970193,UK
2905,Unknown,Unknown,43.0,Delhi,,2023-05-31,2460.355,1.0,user2904@mail.com,9647447351,Australia
2906,Rahul,Unknown,43.0,Pune,,2023-12-12,2460.355,3.0,,,Canada
2907,Ravi,Male,59.0,Delhi,2025-07-15,,2460.355,3.0,user2906@mail.com,9401299235,Australia
,Rahul,Female,43.0,Delhi,,,2460.355,3.0,,9626079274,Unknown
2909,Unknown,Male,43.0,Ahmedabad,2025-02-23,2021-12-22,2460.355,3.0,,,USA
2910,Ravi,Unknown,36.0,Mumbai,2022-02-21,,3192.7,3.0,user2909@mail.com,,Canada
,Neha,Female,43.0,Pune,,,2460.355,3.0,,,Australia
2912,Pooja,Male,32.0,Hyderabad,2022-11-23,2024-02-19,2460.355,3.0,,9359927850,India
2913,Ravi,Male,43.0,Kolkata,2025-01-13,2023-01-06,2460.355,3.0,user2912@mail.com,,Australia
C2914,Kiran,Female,43.0,Kolkata,,,2460.355,3.0,,,Canada
2915,Simran,Male,43.0,Unknown,2025-05-06,,2460.355,3.0,,,India
2916,Priya,Unknown,43.0,Delhi,,,2460.355,3.0,,9544866381,USA
2917,Ravi,Female,43.0,Delhi,,,2460.355,3.0,,9980254978,USA
2918,Ravi,Female,43.0,Delhi,2022-10-18,,2460.355,3.0,user2917@mail.com,,UK
,Unknown,Male,43.0,Pune,,,2460.355,3.0,,,UK
C2920,Ravi,Female,43.0,Pune,2023-06-08,2024-05-02,2460.355,3.0,,,Unknown
C2921,Amit,Unknown,43.0,Kolkata,,,2460.355,5.0,user2920@mail.com,,Australia
2922,Priya,Unknown,27.0,Chennai,2023-06-10,2025-09-02,2460.355,3.0,,,India
2923,Ravi,Male,43.0,Ahmedabad,,,2460.355,3.0,user2922@mail.com,,India
,Sneha,Female,43.0,Mumbai,2021-03-20,,2460.355,3.0,,,Canada
2925,Ravi,Unknown,64.0,Kolkata,2025-12-22,,2460.355,3.0,,,Unknown
,Neha,Female,43.0,Mumbai,2023-03-01,,2460.355,3.0,user2925@mail.com,,USA
2927,Unknown,Female,43.0,Unknown,2021-04-16,2024-02-05,2460.355,3.0,user2926@mail.com,,UK
C2928,Pooja,Female,43.0,Chennai,,,4206.93,3.0,,9399416352,Australia
C2929,Ankit,Female,18.0,Ahmedabad,,,4075.32,3.0,,,India
2930,Kiran,Unknown,43.0,Hyderabad,,2023-08-29,2460.355,4.0,,,India
2931,Neha,Male,43.0,Hyderabad,2023-01-14,,2460.355,3.0,,,Canada
C2932,Unknown,Female,43.0,Bangalore,,,2460.355,3.0,,,Australia
2933,Amit,Female,43.0,Unknown,2025-11-29,2023-05-22,2460.355,3.0,,,Canada
2934,Unknown,Unknown,43.0,Ahmedabad,,2020-12-12,2460.355,3.0,,9496394994,Australia
C2935,Priya,Unknown,43.0,Pune,,2024-10-23,2460.355,3.0,user2934@mail.com,,Unknown
2936,Sneha,Male,32.0,Kolkata,2022-05-25,,836.38,3.0,,,Canada
C2937,Rahul,Female,43.0,Kolkata,,,2460.355,4.0,user2936@mail.com,9782630007,USA
,Ankit,Female,43.0,Hyderabad,2025-01-17,,2460.355,3.0,,,Australia
,Ankit,Unknown,43.0,Bangalore,2023-05-15,,2460.355,3.0,,,USA
2940,Neha,Male,43.0,Chennai,2023-01-30,2022-07-28,2460.355,1.0,,9159233580,USA
2941,Rahul,Female,43.0,Kolkata,2022-12-21,2022-10-03,901.64,3.0,,,Unknown
2942,Kiran,Male,43.0,Bangalore,,2023-02-23,811.92,3.0,,,Unknown
2943,Rahul,Unknown,43.0,Mumbai,,,2460.355,3.0,,,UK
,Simran,Unknown,43.0,Ahmedabad,,,2460.355,3.0,,,Unknown
2945,Priya,Unknown,43.0,Mumbai,2023-09-17,,2460.355,3.0,,,India
,Unknown,Male,43.0,Bangalore,2022-03-18,2022-10-29,4626.98,1.0,user2945@mail.com,9745430166,Australia
,Ankit,Male,20.0,Mumbai,,,2460.355,3.0,,,Unknown
,Sneha,Female,52.0,Chennai,2024-11-04,,4467.26,2.0,,,India
C2949,Kiran,Female,43.0,Ahmedabad,2022-03-09,2022-09-02,2460.355,3.0,user2948@mail.com,,Australia
,Pooja,Male,47.0,Delhi,,2020-12-06,2460.355,3.0,,,USA
2951,Neha,Female,43.0,Unknown,,,2460.355,3.0,,,UK
,Unknown,Unknown,43.0,Chennai,2022-12-19,,2460.355,3.0,,,USA
,Kiran,Unknown,43.0,Mumbai,,2025-08-04,2460.355,3.0,,,USA
,Ravi,Female,43.0,Unknown,,,2460.355,3.0,,,USA
2955,Neha,Female,69.0,Unknown,2023-11-03,,2460.355,3.0,user2954@mail.com,,Australia
,Kiran,Male,43.0,Ahmedabad,,,2460.355,3.0,user2955@mail.com,,India
2957,Ravi,Female,43.0,Ahmedabad,2020-08-27,2025-12-04,2460.355,3.0,user2956@mail.com,,USA
,Simran,Unknown,43.0,Pune,2025-09-22,2024-05-26,2460.355,3.0,,,Unknown
2959,Amit,Male,43.0,Ahmedabad,,2024-12-23,2460.355,3.0,user2958@mail.com,,Unknown
2960,Neha,Unknown,43.0,Pune,,,2460.355,3.0,,,Unknown
2961,Amit,Female,43.0,Chennai,,,2460.355,3.0,,,Canada
,Kiran,Female,43.0,Pune,,2025-07-16,2460.355,3.0,user2961@mail.com,9779026976,USA
,Unknown,Female,49.0,Unknown,2021-09-25,,2460.355,3.0,user2962@mail.com,,Unknown
2964,Amit,Unknown,43.0,Chennai,2024-03-22,2023-05-11,2460.355,3.0,user2963@mail.com,,India
2965,Ravi,Female,43.0,Chennai,,2021-03-01,4097.76,3.0,,,Australia
,Pooja,Female,43.0,Bangalore,,,2460.355,5.0,user2965@mail.com,,Unknown
2967,Ravi,Female,39.0,Mumbai,2020-10-19,,2460.355,3.0,,,Canada
2968,Priya,Male,43.0,Hyderabad,2022-07-04,2022-11-22,2460.355,3.0,,,UK
,Priya,Female,64.0,Bangalore,2021-04-10,2025-10-18,2460.355,5.0,user2968@mail.com,,UK
2970,Unknown,Female,43.0,Mumbai,2023-11-06,,2460.355,4.0,,,India
,Rahul,Male,43.0,Hyderabad,2026-01-15,,841.97,3.0,,,India
2972,Simran,Male,43.0,Bangalore,,,4038.94,3.0,,,UK
C2973,Unknown,Male,49.0,Bangalore,2024-11-07,,2614.41,3.0,user2972@mail.com,,Australia
2974,Neha,Male,43.0,Unknown,2025-08-16,,2122.95,3.0,,9973179681,India
C2975,Rahul,Female,28.0,Bangalore,,,2460.355,3.0,user2974@mail.com,,Australia
2976,Ravi,Male,68.0,Mumbai,2025-12-09,,2460.355,3.0,user2975@mail.com,,Canada
2977,Rahul,Male,43.0,Mumbai,,,3415.38,2.0,,,UK
C2978,Unknown,Female,43.0,Unknown,2024-10-30,,2460.355,3.0,,,UK
C2979,Rahul,Female,43.0,Hyderabad,,2023-12-13,2460.355,3.0,user2978@mail.com,,Australia
2980,Neha,Female,35.0,Unknown,2022-03-02,,2570.76,3.0,,9802228021,Canada
2981,Kiran,Male,57.0,Unknown,,2022-02-16,2460.355,3.0,,,USA
2982,Priya,Male,43.0,Unknown,,2023-04-26,2460.355,3.0,,,India
2983,Pooja,Female,43.0,Bangalore,,,2460.355,3.0,,,India
C2984,Kiran,Unknown,43.0,Ahmedabad,,,2460.355,3.0,,,Australia
C2985,Pooja,Unknown,43.0,Pune,,,2460.355,3.0,,,UK
2986,Unknown,Unknown,43.0,Chennai,,2022-01-20,2460.355,3.0,,,USA
,Kiran,Unknown,43.0,Kolkata,,,3335.32,3.0,user2986@mail.com,,Canada
2988,Simran,Unknown,43.0,Pune,2022-05-26,,2712.94,3.0,,9177777962,Canada
2989,Simran,Female,43.0,Ahmedabad,2023-10-02,2025-07-03,2460.355,3.0,,9860170624,UK
C2990,Rahul,Unknown,43.0,Mumbai,2021-01-30,,1935.06,3.0,,,Unknown
C2991,Amit,Female,41.0,Bangalore,2025-11-10,2022-02-07,2460.355,1.0,,,UK
C2992,Pooja,Unknown,43.0,Pune,2023-02-15,,2249.55,3.0,,,India
2993,Rahul,Male,43.0,Kolkata,2022-08-31,,3541.94,3.0,,,Australia
,Amit,Unknown,43.0,Ahmedabad,,2024-02-10,510.86,3.0,,9774367398,Unknown
2995,Sneha,Female,43.0,Bangalore,,2024-01-20,2460.355,5.0,,,Canada
2996,Priya,Female,43.0,Unknown,2020-09-11,2022-02-11,797.59,3.0,,9155728371,Australia
2997,Pooja,Male,43.0,Mumbai,2024-07-14,,2460.355,3.0,,,USA
C2998,Neha,Female,51.0,Bangalore,2022-08-28,,2460.355,3.0,,9383213134,USA
2999,Simran,Female,43.0,Pune,,,4386.46,3.0,,,Australia
C3000,Priya,Female,61.0,Kolkata,2023-01-24,,2460.355,3.0,user2999@mail.com,,Canada
3001,Unknown,Female,43.0,Hyderabad,2021-12-11,,2460.355,3.0,user3000@mail.com,9410781977,UK
C3002,Neha,Unknown,38.0,Unknown,2023-12-19,,2460.355,1.0,user3001@mail.com,,Unknown
C3003,Unknown,Male,40.0,Mumbai,2020-09-13,,2460.355,5.0,,,Canada
3004,Ankit,Unknown,43.0,Unknown,2022-09-28,2022-08-12,2460.355,3.0,user3003@mail.com,9573574190,USA
3005,Kiran,Unknown,20.0,Mumbai,,,2460.355,2.0,,,Australia
3006,Kiran,Male,43.0,Ahmedabad,,2025-08-05,2460.355,2.0,,,USA
3007,Priya,Female,35.0,Chennai,,2022-04-30,2460.355,5.0,,,Australia
3008,Priya,Male,43.0,Hyderabad,,,2460.355,3.0,,,Unknown
3009,Unknown,Unknown,43.0,Mumbai,,,3105.14,3.0,,9431166329,UK
C3010,Rahul,Unknown,43.0,Chennai,,,2460.355,3.0,user3009@mail.com,,UK
3011,Unknown,Male,43.0,Unknown,2021-06-08,2023-09-23,2460.355,3.0,,,India
3012,Ankit,Female,43.0,Unknown,2024-02-11,,2460.355,3.0,,,Canada
,Unknown,Female,43.0,Unknown,,2024-04-20,2154.39,3.0,user3012@mail.com,,Australia
3014,Ravi,Male,43.0,Delhi,2023-01-07,,2460.355,3.0,,9545919114,Australia
3015,Rahul,Unknown,43.0,Ahmedabad,2024-04-06,,2460.355,3.0,,,Australia
3016,Ravi,Male,43.0,Hyderabad,2021-10-19,,2460.355,1.0,,,Unknown
,Priya,Male,43.0,Kolkata,2021-04-29,,2460.355,3.0,user3016@mail.com,,Unknown
C3018,Unknown,Male,34.0,Unknown,2023-07-13,,2460.355,3.0,,,Canada
3019,Simran,Male,43.0,Unknown,,,2460.355,2.0,,,USA
,Simran,Unknown,43.0,Ahmedabad,2025-04-03,,2460.355,3.0,,,Unknown
C3021,Simran,Female,43.0,Bangalore,2021-01-24,2021-01-02,2460.355,3.0,,,Canada
,Amit,Female,43.0,Pune,,2024-10-09,1473.36,3.0,user3021@mail.com,,Australia
3023,Unknown,Male,43.0,Kolkata,2024-08-11,2025-03-19,3562.99,3.0,,,UK
3024,Unknown,Male,43.0,Ahmedabad,,2022-09-24,1753.34,3.0,user3023@mail.com,,Unknown
,Ravi,Female,43.0,Hyderabad,2023-04-13,,2460.355,3.0,user3024@mail.com,,Australia
C3026,Unknown,Unknown,43.0,Mumbai,2024-11-18,2025-01-11,98.25,3.0,,9967391393,UK
,Kiran,Female,43.0,Mumbai,,,2468.75,3.0,,9559856865,UK
3028,Ankit,Male,43.0,Chennai,2025-04-02,,2569.83,3.0,,9343999627,India
3029,Ravi,Male,43.0,Mumbai,2021-08-17,,2460.355,4.0,,9753771287,USA
3030,Unknown,Unknown,43.0,Ahmedabad,,2024-10-08,2460.355,3.0,user3029@mail.com,9295975252,UK
3031,Ankit,Unknown,43.0,Mumbai,2023-04-30,,633.0,3.0,user3030@mail.com,9102288660,USA
3032,Unknown,Unknown,43.0,Ahmedabad,,2021-11-17,2460.355,3.0,,,India
,Rahul,Unknown,43.0,Ahmedabad,,2024-08-27,2460.355,3.0,,,Unknown
3034,Unknown,Male,32.0,Chennai,2023-09-24,,294.58,3.0,,,USA
C3035,Priya,Female,43.0,Bangalore,,2024-08-21,2460.355,3.0,user3034@mail.com,,USA
3036,Amit,Female,37.0,Hyderabad,,,1967.67,3.0,,,USA
3037,Simran,Male,43.0,Pune,,,2460.355,5.0,,9793858571,Unknown
,Simran,Unknown,43.0,Bangalore,2022-02-14,2020-11-08,3982.93,3.0,,,Canada
3039,Sneha,Unknown,30.0,Pune,2026-01-09,,2460.355,4.0,,9729022571,India
,Unknown,Male,43.0,Ahmedabad,2022-08-05,,953.09,3.0,,,UK
3041,Kiran,Female,42.0,Ahmedabad,2025-08-22,,2460.355,3.0,,,UK
3042,Unknown,Male,58.0,Hyderabad,2021-09-17,,2460.355,3.0,,,Unknown
3043,Amit,Male,43.0,Delhi,,,4836.29,3.0,,,India
C3044,Priya,Male,43.0,Pune,2025-03-16,2024-11-23,3320.85,3.0,,9588778162,India
,Unknown,Male,43.0,Bangalore,,,2460.355,3.0,,,UK
3046,Ankit,Unknown,43.0,Hyderabad,,2021-07-12,2460.355,3.0,,9789932533,India
3047,Amit,Female,43.0,Hyderabad,,,2460.355,3.0,,,UK
,Neha,Male,43.0,Pune,,,2460.355,2.0,,,Unknown
C3049,Pooja,Female,43.0,Bangalore,,,2460.355,3.0,user3048@mail.com,,India
3050,Ankit,Male,43.0,Pune,,2023-08-10,2460.355,3.0,,9456188177,USA
,Unknown,Female,43.0,Chennai,,,2460.355,5.0,,,India
3052,Neha,Female,43.0,Pune,2026-01-23,2024-02-02,2460.355,3.0,,,Canada
,Unknown,Female,43.0,Hyderabad,,,1144.9,3.0,user3052@mail.com,,Australia
C3054,Priya,Male,43.0,Kolkata,,,2460.355,3.0,,,UK
3055,Ravi,Male,43.0,Chennai,,2021-02-04,2460.355,3.0,,,Australia
C3056,Unknown,Male,37.0,Hyderabad,2026-01-14,2022-10-03,2460.355,1.0,,,Australia
,Amit,Male,43.0,Chennai,,2022-10-18,2460.355,3.0,,,USA
,Sneha,Male,43.0,Mumbai,2024-11-26,,2460.355,3.0,,,UK
3059,Ravi,Female,43.0,Delhi,2022-10-09,2024-03-22,2460.355,3.0,,,Canada
3060,Pooja,Male,44.0,Pune,,,2460.355,4.0,user3059@mail.com,,UK
3061,Unknown,Male,43.0,Ahmedabad,,2021-04-03,4120.04,3.0,,,India
,Rahul,Male,30.0,Delhi,,,2460.355,3.0,,9292957701,UK
3063,Unknown,Female,43.0,Unknown,2022-08-17,2023-08-29,2460.355,4.0,user3062@mail.com,,USA
,Unknown,Unknown,69.0,Ahmedabad,2024-10-02,,2460.355,3.0,,,Australia
3065,Simran,Unknown,43.0,Mumbai,,,3182.31,2.0,,9317692327,Unknown
3066,Ankit,Female,36.0,Bangalore,,,2460.355,3.0,,,USA
3067,Ankit,Female,43.0,Pune,,2020-09-22,4420.42,3.0,,,Australia
,Sneha,Female,43.0,Kolkata,2021-04-15,,3900.07,3.0,,9861581604,USA
3069,Neha,Male,49.0,Pune,,2023-07-20,2955.95,3.0,,,USA
3070,Unknown,Unknown,43.0,Hyderabad,,,2460.355,3.0,,9600391787,India
3071,Ravi,Male,47.0,Mumbai,,2022-01-31,2460.355,5.0,,,UK
,Sneha,Female,43.0,Hyderabad,,,2460.355,3.0,,9728400525,India
3073,Amit,Female,43.0,Pune,,,92.53,3.0,,,Canada
3074,Ravi,Male,43.0,Kolkata,,,2460.355,3.0,,,Australia
C3075,Amit,Male,43.0,Delhi,,,2460.355,3.0,user3074@mail.com,,India
3076,Ankit,Female,43.0,Hyderabad,,2024-11-13,2460.355,3.0,,,Canada
3077,Ankit,Male,43.0,Ahmedabad,2020-09-17,,1939.42,3.0,user3076@mail.com,,Canada
,Pooja,Unknown,43.0,Delhi,,,2460.355,3.0,,,USA
C3079,Priya,Female,43.0,Chennai,2025-04-22,,2460.355,5.0,,,Australia
C3080,Simran,Female,30.0,Bangalore,,2022-04-26,2460.355,3.0,,,USA
3081,Pooja,Female,43.0,Hyderabad,2023-09-18,,2460.355,3.0,,,Canada
3082,Sneha,Female,43.0,Kolkata,2022-11-08,,2460.355,3.0,user3081@mail.com,9490898925,Unknown
3083,Pooja,Female,42.0,Unknown,,2024-12-20,2460.355,3.0,,,UK
3084,Pooja,Female,28.0,Pune,,2025-12-29,2460.355,3.0,user3083@mail.com,,UK
C3085,Sneha,Male,43.0,Delhi,,,2460.355,3.0,user3084@mail.com,,Canada
3086,Neha,Male,41.0,Bangalore,2023-03-03,2024-11-29,4034.72,4.0,,,USA
3087,Priya,Unknown,43.0,Unknown,,,3296.93,3.0,user3086@mail.com,,Unknown
,Sneha,Male,43.0,Pune,2025-08-17,2021-11-10,4992.32,1.0,,,Unknown
C3089,Priya,Female,24.0,Mumbai,2022-07-13,,2460.355,3.0,,,Canada
3090,Amit,Male,43.0,Chennai,2022-09-16,,2460.355,3.0,,9290503071,Australia
,Neha,Unknown,43.0,Delhi,2024-09-14,2024-08-21,2460.355,3.0,,,Canada
3092,Simran,Male,43.0,Ahmedabad,,,2460.355,3.0,,,USA
,Kiran,Male,43.0,Kolkata,2025-12-29,,2460.355,3.0,,,UK
C3094,Priya,Male,43.0,Mumbai,2024-08-01,,10.31,3.0,,,India
3095,Sneha,Female,43.0,Bangalore,2023-11-12,2023-09-15,2460.355,3.0,,,USA
C3096,Amit,Unknown,43.0,Hyderabad,2021-12-12,,2460.355,3.0,,,UK
C3097,Unknown,Female,43.0,Kolkata,2021-08-09,2025-02-27,2460.355,3.0,,,USA
,Ankit,Male,43.0,Mumbai,,,2460.355,3.0,,,Canada
C3099,Unknown,Female,43.0,Bangalore,2023-03-28,,2460.355,3.0,,,Unknown
,Sneha,Female,34.0,Bangalore,,,2460.355,1.0,,,USA
3101,Simran,Unknown,43.0,Chennai,2022-06-27,,2460.355,3.0,,,Australia
3102,Unknown,Female,43.0,Hyderabad,,,4837.06,3.0,,,Canada
C3103,Sneha,Male,43.0,Delhi,,2021-04-06,2460.355,1.0,,9541412990,Canada
,Pooja,Female,43.0,Delhi,,,2460.355,3.0,,,Australia
C3105,Kiran,Male,43.0,Pune,2023-08-14,2023-06-02,2452.95,5.0,,,Unknown
,Unknown,Male,41.0,Ahmedabad,2024-05-15,2023-10-21,2460.355,1.0,,,Unknown
3107,Neha,Female,43.0,Hyderabad,2023-07-21,2022-06-09,2460.355,3.0,,,UK
3108,Neha,Male,43.0,Bangalore,,,318.1,3.0,,9821572817,India
C3109,Unknown,Female,43.0,Unknown,,,2460.355,4.0,,,UK
3110,Neha,Female,56.0,Pune,,2023-04-30,3787.77,3.0,,9118606757,UK
3111,Ankit,Male,43.0,Pune,2023-05-22,2021-03-01,2460.355,3.0,,,Canada
3112,Pooja,Unknown,43.0,Unknown,,2025-01-05,4301.25,3.0,,,UK
,Rahul,Female,25.0,Pune,,2025-10-17,2460.355,3.0,,,India
C3114,Priya,Female,43.0,Pune,2023-07-25,,1664.52,1.0,user3113@mail.com,9435460977,Unknown
3115,Kiran,Male,43.0,Ahmedabad,,2021-10-24,2460.355,5.0,user3114@mail.com,,Australia
3116,Ankit,Female,43.0,Delhi,2020-12-01,2025-07-07,2460.355,3.0,,,Unknown
3117,Priya,Female,43.0,Chennai,2025-06-18,2024-07-02,2460.355,2.0,user3116@mail.com,,Unknown
,Pooja,Male,49.0,Pune,,2022-06-07,2460.355,3.0,,,Australia
3119,Amit,Unknown,43.0,Unknown,,,2460.355,3.0,,,Canada
,Unknown,Unknown,43.0,Hyderabad,,2021-03-06,2460.355,3.0,,,Australia
3121,Amit,Female,43.0,Unknown,2023-09-08,,2460.355,3.0,,,UK
,Kiran,Unknown,43.0,Delhi,,2023-05-06,800.37,3.0,,,Unknown
C3123,Rahul,Unknown,55.0,Kolkata,2024-08-09,,2460.355,3.0,,,India
C3124,Sneha,Male,43.0,Mumbai,,2024-03-10,927.31,1.0,,9240687824,Unknown
,Sneha,Unknown,60.0,Mumbai,,,2460.355,3.0,,,Canada
3126,Priya,Male,43.0,Ahmedabad,,2022-07-13,2460.355,3.0,,,UK
C3127,Sneha,Female,43.0,Bangalore,,,2460.355,3.0,,,UK
,Unknown,Female,43.0,Hyderabad,2023-05-16,2022-11-20,2460.355,3.0,,,UK
C3129,Pooja,Female,43.0,Hyderabad,2023-07-04,2025-09-02,2460.355,3.0,,9679195446,UK
3130,Amit,Female,43.0,Mumbai,,2021-11-12,2460.355,3.0,,,Australia
C3131,Unknown,Unknown,43.0,Bangalore,2021-10-05,,2460.355,3.0,,9848984060,Australia
C3132,Pooja,Female,43.0,Delhi,2021-01-14,,866.15,3.0,,9402348348,UK
C3133,Rahul,Female,26.0,Pune,,2024-08-18,2460.355,3.0,,,UK
3134,Simran,Unknown,49.0,Mumbai,,,2460.355,3.0,,,USA
3135,Neha,Male,49.0,Hyderabad,,,2460.355,3.0,,,Canada
3136,Sneha,Female,43.0,Chennai,,,1675.42,3.0,,9377446611,Canada
3137,Unknown,Female,43.0,Delhi,,2025-01-04,1974.76,3.0,,,India
3138,Kiran,Male,43.0,Bangalore,,2023-01-14,2460.355,3.0,,,Australia
C3139,Amit,Female,43.0,Kolkata,,,2460.355,3.0,,,USA
3140,Sneha,Female,52.0,Unknown,2023-02-06,,176.98,3.0,,,UK
3141,Rahul,Male,43.0,Bangalore,,,4507.0,3.0,user3140@mail.com,,Australia
3142,Rahul,Unknown,51.0,Mumbai,,,2769.97,3.0,,9166252879,Unknown
3143,Kiran,Male,43.0,Chennai,2021-03-01,2021-09-29,2460.355,3.0,,,Unknown
3144,Neha,Male,43.0,Hyderabad,2024-01-29,,2460.355,3.0,,9798840265,Unknown
3145,Unknown,Female,41.0,Kolkata,2023-01-31,2022-12-21,2460.355,3.0,,,Unknown
3146,Kiran,Female,43.0,Ahmedabad,2024-05-27,,2460.355,3.0,,,Canada
,Unknown,Unknown,21.0,Chennai,2025-05-16,,2460.355,3.0,,,Canada
C3148,Ravi,Unknown,65.0,Hyderabad,2023-10-30,,2460.355,3.0,,9826156710,Canada
3149,Pooja,Male,70.0,Kolkata,,,2460.355,3.0,,9766465062,USA
C3150,Rahul,Unknown,43.0,Chennai,,,2460.355,2.0,user3149@mail.com,9219503118,India
C3151,Sneha,Male,43.0,Unknown,,2024-12-11,2469.79,3.0,user3150@mail.com,,India
C3152,Unknown,Female,43.0,Kolkata,,,2460.355,3.0,,9102346536,UK
3153,Simran,Female,43.0,Kolkata,,,2460.355,3.0,,9677133083,UK
3154,Unknown,Unknown,43.0,Pune,2024-11-07,,3966.39,4.0,,,India
C3155,Neha,Female,43.0,Hyderabad,,2024-08-25,2460.355,1.0,,,Canada
3156,Priya,Male,43.0,Delhi,2024-12-28,,1011.03,3.0,,,UK
C3157,Ravi,Unknown,43.0,Mumbai,2022-05-23,2023-10-26,1870.52,3.0,,9775334008,Unknown
,Sneha,Unknown,43.0,Chennai,,,2460.355,3.0,user3157@mail.com,,Canada
3159,Unknown,Male,43.0,Bangalore,,,2460.355,3.0,user3158@mail.com,,Australia
C3160,Simran,Male,43.0,Mumbai,2024-05-25,,2460.355,3.0,,,USA
C3161,Unknown,Unknown,51.0,Bangalore,,,2460.355,3.0,,9141058945,USA
3162,Neha,Male,43.0,Mumbai,2025-09-23,2023-12-17,3103.42,3.0,,,Australia
C3163,Unknown,Female,43.0,Hyderabad,,,2460.355,3.0,,9323633755,UK
3164,Rahul,Female,43.0,Kolkata,2023-08-28,2020-09-11,2460.355,3.0,,,Australia
3165,Amit,Male,43.0,Ahmedabad,,,2460.355,3.0,,,USA
C3166,Ravi,Unknown,43.0,Hyderabad,2022-09-17,,2460.355,3.0,,,USA
C3167,Ankit,Female,43.0,Chennai,,,2460.355,1.0,,9982756467,Australia
,Priya,Unknown,43.0,Kolkata,,2020-10-23,2460.355,1.0,,,Canada
3169,Unknown,Female,43.0,Unknown,2021-06-21,,2460.355,3.0,,,UK
3170,Ravi,Male,43.0,Ahmedabad,,,2460.355,3.0,,,Australia
,Ravi,Female,43.0,Ahmedabad,,,2388.78,3.0,,,UK
3172,Neha,Female,43.0,Pune,,2021-06-20,2460.355,3.0,,9104065505,Unknown
,Simran,Male,43.0,Pune,2020-11-20,,1357.66,3.0,,,UK
C3174,Neha,Unknown,43.0,Hyderabad,2025-06-08,,2460.355,3.0,,9127996824,Canada
,Priya,Male,43.0,Hyderabad,,,2460.355,3.0,,,Unknown
3176,Ravi,Female,43.0,Delhi,,,4068.17,5.0,,,Canada
3177,Rahul,Unknown,43.0,Ahmedabad,2022-03-29,,3769.87,3.0,,,USA
3178,Kiran,Male,43.0,Hyderabad,2020-09-15,,2460.355,3.0,user3177@mail.com,,Canada
3179,Amit,Male,25.0,Bangalore,,2022-06-14,2460.355,3.0,,,Unknown
3180,Neha,Female,43.0,Ahmedabad,2024-11-21,,2094.51,3.0,user3179@mail.com,,Unknown
,Ravi,Unknown,43.0,Chennai,,2020-10-21,2460.355,3.0,user3180@mail.com,,Canada
3182,Pooja,Female,43.0,Unknown,,,2460.355,3.0,,9710426285,Australia
3183,Ankit,Unknown,29.0,Bangalore,2025-07-24,,2460.355,3.0,user3182@mail.com,,Canada
3184,Pooja,Male,43.0,Hyderabad,,,2460.355,3.0,,,Canada
,Kiran,Female,43.0,Bangalore,,2025-09-25,2460.355,3.0,user3184@mail.com,,Canada
3186,Neha,Female,69.0,Pune,2023-04-27,2025-03-16,2460.355,3.0,,,USA
C3187,Neha,Unknown,22.0,Mumbai,2023-12-20,,2460.355,3.0,,,Canada
3188,Rahul,Male,43.0,Delhi,2024-08-07,,3942.99,3.0,,9869682013,Australia
,Priya,Male,43.0,Hyderabad,,,2460.355,3.0,,,USA
3190,Simran,Female,43.0,Delhi,,2021-04-01,2460.355,3.0,,9635344155,Unknown
,Kiran,Male,43.0,Mumbai,,,2460.355,3.0,,9761470362,India
C3192,Rahul,Female,43.0,Delhi,2024-01-14,,2460.355,3.0,,,UK
3193,Neha,Female,43.0,Mumbai,,,915.11,3.0,,,Unknown
C3194,Kiran,Female,59.0,Pune,2025-11-14,,2460.355,3.0,,9735432280,USA
3195,Unknown,Male,43.0,Kolkata,2023-01-28,,3957.82,5.0,,9202866435,Canada
3196,Neha,Unknown,43.0,Kolkata,,,2460.355,3.0,,9659874668,India
,Unknown,Male,43.0,Chennai,,2025-08-13,2460.355,3.0,user3196@mail.com,,USA
3198,Kiran,Male,43.0,Unknown,,2025-09-10,4300.64,3.0,,,India
3199,Amit,Female,43.0,Ahmedabad,,,711.22,3.0,,,India
C3200,Pooja,Female,43.0,Bangalore,2022-12-06,,2460.355,3.0,user3199@mail.com,,USA
3201,Amit,Male,43.0,Unknown,2020-11-25,,2460.355,3.0,user3200@mail.com,,UK
3202,Neha,Male,19.0,Hyderabad,,2021-04-19,2460.355,3.0,,,India
C3203,Simran,Unknown,34.0,Bangalore,2022-06-12,,2460.355,1.0,user3202@mail.com,,Canada
,Unknown,Female,43.0,Pune,2024-07-01,,643.18,3.0,,9589749618,USA
3205,Unknown,Male,43.0,Bangalore,,,2460.355,3.0,,,India
C3206,Priya,Unknown,43.0,Unknown,2024-12-06,2022-08-14,2460.355,3.0,,,India
,Unknown,Female,43.0,Pune,2023-11-21,,2460.355,5.0,user3206@mail.com,,Australia
3208,Sneha,Unknown,43.0,Kolkata,2021-03-08,,2460.355,3.0,user3207@mail.com,9104066267,UK
,Sneha,Unknown,43.0,Unknown,,,2460.355,3.0,,,Canada
C3210,Sneha,Male,43.0,Delhi,2023-03-15,,2460.355,3.0,,,Unknown
3211,Unknown,Male,43.0,Kolkata,2025-01-21,2022-12-25,2460.355,3.0,,,Canada
,Priya,Female,43.0,Hyderabad,,,2460.355,3.0,,,Canada
C3213,Ankit,Female,43.0,Bangalore,,,510.72,3.0,,9727557355,Unknown
C3214,Sneha,Female,43.0,Delhi,2023-08-04,,2460.355,3.0,,9173441388,USA
3215,Simran,Unknown,43.0,Mumbai,,,2460.355,4.0,,,UK
,Rahul,Male,60.0,Pune,2022-04-04,2023-11-30,2460.355,5.0,user3215@mail.com,9500624377,USA
3217,Pooja,Male,43.0,Bangalore,2021-05-22,,3749.78,2.0,,,India
3218,Priya,Male,19.0,Ahmedabad,2022-11-08,,2460.355,3.0,,,Unknown
,Sneha,Male,53.0,Pune,2025-02-03,,2460.355,2.0,,,UK
,Sneha,Female,43.0,Kolkata,2020-11-18,,1489.83,4.0,,,Australia
3221,Rahul,Male,43.0,Hyderabad,,,2460.355,3.0,,,Unknown
,Unknown,Male,43.0,Unknown,,2022-07-01,230.95,1.0,user3221@mail.com,,Unknown
3223,Neha,Male,43.0,Bangalore,,,2460.355,2.0,,,USA
C3224,Unknown,Male,43.0,Ahmedabad,,2020-08-16,2460.355,3.0,,,USA
,Rahul,Female,43.0,Chennai,,2022-08-27,3487.32,1.0,,9216711177,Unknown
,Simran,Female,43.0,Ahmedabad,2021-03-10,,2460.355,3.0,,,Australia
3227,Rahul,Male,66.0,Unknown,,,2460.355,2.0,,,Unknown
,Unknown,Female,43.0,Mumbai,,,2460.355,3.0,,,India
,Priya,Male,43.0,Chennai,2024-06-25,,2460.355,4.0,,,India
3230,Rahul,Female,26.0,Ahmedabad,,,2460.355,3.0,,,Unknown
,Amit,Female,43.0,Pune,2021-04-07,2022-09-23,2460.355,3.0,,,India
,Kiran,Male,43.0,Hyderabad,2024-12-04,2024-06-25,2460.355,3.0,,9644458339,Canada
3233,Ravi,Male,43.0,Chennai,2025-09-01,,3929.08,3.0,,,Unknown
,Pooja,Unknown,43.0,Delhi,,,2460.355,3.0,,,India
,Unknown,Female,43.0,Kolkata,2024-02-27,2025-05-12,2460.355,3.0,,9700784943,India
,Unknown,Female,19.0,Mumbai,2023-11-01,,2460.355,3.0,,9410135948,India
,Amit,Unknown,43.0,Kolkata,,2024-08-26,2460.355,2.0,,,USA
3238,Neha,Female,43.0,Unknown,,,2219.59,4.0,,,Australia
3239,Neha,Male,43.0,Hyderabad,,,2460.355,3.0,,9754626940,USA
3240,Neha,Unknown,43.0,Unknown,,,4221.85,3.0,,,Unknown
3241,Priya,Male,43.0,Mumbai,2024-11-17,,2460.355,3.0,,,USA
3242,Rahul,Unknown,43.0,Bangalore,,,4956.77,3.0,,,Canada
C3243,Sneha,Female,52.0,Ahmedabad,2021-04-20,2023-12-08,2460.355,3.0,,9100236187,Unknown
3244,Pooja,Unknown,43.0,Unknown,2021-11-28,,2460.355,3.0,,,Canada
,Pooja,Male,43.0,Bangalore,2025-06-02,2021-11-12,2460.355,3.0,user3244@mail.com,,Australia
3246,Kiran,Female,43.0,Pune,2020-09-28,,2460.355,3.0,,,Australia
,Neha,Male,43.0,Pune,2022-11-07,,2460.355,2.0,,9367623382,India
3248,Priya,Male,62.0,Bangalore,2024-12-23,,2460.355,3.0,,9316734556,UK
3250,Simran,Male,33.0,Hyderabad,2023-01-20,,688.65,3.0,,9878357176,USA
3251,Ravi,Female,53.0,Chennai,2020-12-03,,2460.355,3.0,,,Australia
,Unknown,Unknown,43.0,Ahmedabad,,,2460.355,3.0,,,USA
,Ankit,Unknown,43.0,Pune,2026-01-14,,2460.355,3.0,user3252@mail.com,,USA
C3254,Neha,Male,43.0,Delhi,2022-02-13,,2460.355,3.0,,,India
3255,Kiran,Unknown,43.0,Delhi,,,2460.355,3.0,user3254@mail.com,,Canada
3256,Rahul,Male,43.0,Pune,,2021-05-13,2460.355,5.0,,,USA
3257,Rahul,Female,43.0,Kolkata,2025-06-30,,2460.355,3.0,user3256@mail.com,9164656978,India
,Unknown,Unknown,43.0,Mumbai,,,2460.355,3.0,,,USA
,Simran,Female,34.0,Mumbai,,2024-01-30,227.43,3.0,,,Canada
3260,Unknown,Unknown,43.0,Bangalore,2021-11-02,,253.48,2.0,,,Unknown
,Neha,Female,67.0,Hyderabad,,,2460.355,3.0,,,Canada
C3262,Unknown,Male,34.0,Ahmedabad,,,2460.355,5.0,,,Canada
3263,Priya,Male,43.0,Unknown,2024-04-07,2022-03-08,4482.09,3.0,,,Canada
3264,Unknown,Male,43.0,Mumbai,2021-08-18,,930.7,3.0,user3263@mail.com,,Unknown
,Neha,Female,40.0,Delhi,2025-06-29,,2460.355,3.0,user3264@mail.com,,USA
3266,Kiran,Unknown,43.0,Ahmedabad,2021-04-21,,2460.355,5.0,,9909110888,Unknown
C3267,Priya,Male,43.0,Unknown,2021-02-11,,2460.355,2.0,,,UK
C3268,Sneha,Unknown,69.0,Hyderabad,,,2460.355,1.0,,,Unknown
C3269,Kiran,Female,51.0,Ahmedabad,2021-03-17,2025-09-28,4862.87,3.0,,,India
3270,Ankit,Female,43.0,Chennai,2020-08-30,2021-06-05,3061.26,3.0,user3269@mail.com,,India
,Unknown,Unknown,43.0,Ahmedabad,,,1904.01,3.0,,,Australia
C3272,Amit,Unknown,19.0,Unknown,2024-09-11,,1888.88,3.0,,,Canada
3273,Amit,Female,20.0,Pune,2025-05-30,,2460.355,5.0,,,UK
3274,Unknown,Female,43.0,Mumbai,2025-03-23,2022-03-06,2460.355,5.0,user3273@mail.com,,UK
C3275,Kiran,Female,43.0,Delhi,2021-01-09,,2460.355,3.0,,,Canada
,Sneha,Female,43.0,Hyderabad,2022-10-05,,2460.355,3.0,,,UK
C3277,Neha,Unknown,43.0,Mumbai,,,2460.355,3.0,,,Canada
3278,Neha,Unknown,43.0,Ahmedabad,2021-08-27,2023-11-14,2460.355,3.0,,,Australia
,Neha,Male,44.0,Hyderabad,2022-10-02,2021-02-18,2460.355,3.0,user3278@mail.com,,UK
3280,Pooja,Unknown,43.0,Bangalore,2025-06-24,2022-12-01,2460.355,3.0,,,UK
,Priya,Male,43.0,Hyderabad,2023-02-21,2020-10-14,2460.355,4.0,,9999498711,India
3282,Unknown,Unknown,33.0,Bangalore,,,2460.355,3.0,,9185817856,USA
,Sneha,Unknown,43.0,Kolkata,,,2460.355,3.0,,,USA
,Rahul,Male,43.0,Delhi,,2021-08-31,376.69,3.0,,,Canada
C3285,Pooja,Unknown,43.0,Ahmedabad,2021-12-18,,2460.355,3.0,user3284@mail.com,9711620645,Canada
C3286,Sneha,Male,43.0,Mumbai,2025-11-21,,2460.355,5.0,,9883611318,USA
3287,Simran,Unknown,38.0,Hyderabad,,,2460.355,3.0,,,Canada
C3288,Rahul,Male,30.0,Hyderabad,,,2460.355,3.0,user3287@mail.com,9542871663,UK
3289,Priya,Female,43.0,Delhi,,2022-08-02,2460.355,3.0,,9412544927,Canada
3290,Priya,Female,43.0,Mumbai,,,2460.355,3.0,,,USA
C3291,Priya,Male,43.0,Mumbai,2022-10-06,,2460.355,3.0,,9671015129,USA
C3292,Priya,Female,43.0,Pune,,2022-08-14,2460.355,4.0,,,UK
3293,Pooja,Unknown,43.0,Bangalore,,,1633.16,2.0,,,India
,Ankit,Unknown,43.0,Delhi,,,2460.355,3.0,,,Unknown
,Neha,Male,43.0,Chennai,2024-08-30,,2460.355,3.0,,9301804114,Unknown
3296,Neha,Unknown,43.0,Pune,2025-10-22,2022-05-28,2460.355,3.0,,,USA
3297,Unknown,Female,43.0,Kolkata,,2022-03-11,2460.355,3.0,user3296@mail.com,,USA
C3298,Neha,Male,39.0,Bangalore,,2025-05-14,2460.355,3.0,,9449990908,USA
3299,Sneha,Unknown,43.0,Hyderabad,,,3619.45,3.0,,,Unknown
,Ankit,Male,43.0,Kolkata,,2022-06-16,2803.81,3.0,,,UK
3301,Ankit,Unknown,43.0,Pune,,2022-02-09,2460.355,3.0,,,UK
C3302,Rahul,Male,50.0,Kolkata,,,2460.355,3.0,,,UK
3303,Rahul,Female,43.0,Bangalore,,2021-03-16,2460.355,3.0,,9437326416,UK
3304,Unknown,Unknown,56.0,Ahmedabad,,2021-11-13,2460.355,3.0,,9843552089,UK
3305,Ravi,Male,47.0,Delhi,2022-06-16,,2460.355,3.0,,,Unknown
,Neha,Female,43.0,Pune,2023-01-30,,2460.355,3.0,user3305@mail.com,,Canada
,Kiran,Unknown,51.0,Unknown,2024-10-07,,2460.355,3.0,,,Canada
C3308,Kiran,Unknown,45.0,Ahmedabad,2025-10-07,,462.14,3.0,,,Australia
,Unknown,Unknown,33.0,Delhi,2022-07-02,,3064.63,3.0,,,India
,Kiran,Unknown,43.0,Unknown,2023-05-14,,1755.33,3.0,,,Australia
3311,Neha,Female,43.0,Bangalore,,,2460.355,3.0,,9840131449,Australia
3312,Sneha,Female,43.0,Pune,,,4514.08,4.0,,9883801497,Unknown
C3313,Amit,Male,43.0,Chennai,,,2460.355,3.0,,,Unknown
3314,Unknown,Male,60.0,Pune,,2025-09-09,2460.355,5.0,,,USA
,Pooja,Female,43.0,Hyderabad,,,1053.8,3.0,user3314@mail.com,9904426295,UK
C3316,Rahul,Unknown,43.0,Delhi,2022-03-19,,2460.355,3.0,,9952481842,Canada
C3317,Rahul,Unknown,43.0,Bangalore,2024-06-20,,2460.355,3.0,,,Canada
3318,Amit,Male,43.0,Unknown,2023-03-28,,2460.355,3.0,,9432995703,Australia
C3319,Amit,Female,43.0,Bangalore,,2025-06-04,2460.355,3.0,user3318@mail.com,,India
3320,Ankit,Female,43.0,Chennai,2023-06-02,,2460.355,1.0,,,Australia
C3321,Sneha,Unknown,43.0,Hyderabad,,,2460.355,3.0,user3320@mail.com,,USA
,Priya,Female,57.0,Hyderabad,2023-07-20,,3885.49,3.0,,,USA
C3323,Neha,Unknown,43.0,Unknown,2024-02-10,2020-09-07,2460.355,2.0,user3322@mail.com,,Unknown
C3324,Kiran,Unknown,28.0,Mumbai,2025-08-09,2026-01-12,1230.67,3.0,,9478630943,Unknown
3325,Sneha,Male,43.0,Ahmedabad,2023-04-07,,2460.355,2.0,,,Unknown
C3326,Pooja,Unknown,43.0,Mumbai,,2022-11-06,2460.355,3.0,user3325@mail.com,,Australia
C3327,Rahul,Female,43.0,Hyderabad,2025-10-30,,3667.25,3.0,,,Canada
3328,Priya,Female,43.0,Unknown,2023-08-12,2021-06-19,4376.16,3.0,,,Australia
C3329,Pooja,Male,43.0,Pune,,2021-11-24,238.72,3.0,,,Unknown
,Ankit,Female,43.0,Delhi,2025-12-16,,2460.355,5.0,,9893032268,Australia
3331,Unknown,Unknown,43.0,Mumbai,2024-01-22,2024-04-02,2460.355,1.0,,,India
3332,Ankit,Male,43.0,Hyderabad,,2024-03-11,2104.77,3.0,,9863139319,Australia
C3333,Simran,Female,43.0,Ahmedabad,,,2460.355,3.0,,,Unknown
C3334,Rahul,Female,43.0,Hyderabad,2025-01-04,2023-10-22,2460.355,3.0,,,Unknown
3335,Priya,Female,43.0,Chennai,2026-01-16,2026-01-22,2460.355,3.0,user3334@mail.com,9205802342,UK
3336,Ankit,Female,43.0,Ahmedabad,,,1145.13,3.0,,,Canada
3337,Rahul,Female,43.0,Mumbai,2024-05-11,,2783.52,5.0,,,Canada
3338,Kiran,Female,43.0,Hyderabad,,,2236.72,3.0,user3337@mail.com,,UK
3339,Ankit,Male,65.0,Delhi,2025-10-15,,2460.355,3.0,,,Australia
C3340,Priya,Female,43.0,Pune,2025-02-10,2022-07-20,2460.355,3.0,,,Canada
3341,Unknown,Female,70.0,Mumbai,2020-10-10,2022-05-14,2460.355,3.0,,,India
3342,Kiran,Male,43.0,Ahmedabad,,2020-09-13,2460.355,3.0,,9938862774,Unknown
,Priya,Male,43.0,Unknown,,2026-01-03,2643.14,3.0,,,UK
3344,Unknown,Female,43.0,Hyderabad,2024-07-28,,2460.355,3.0,,9398023587,India
3345,Kiran,Male,43.0,Chennai,,,2460.355,3.0,,,Canada
C3346,Sneha,Unknown,43.0,Bangalore,2022-02-16,,2460.355,3.0,,,Canada
,Priya,Male,43.0,Bangalore,2021-10-11,2025-04-13,227.6,3.0,user3346@mail.com,9754183754,USA
3348,Ankit,Male,43.0,Delhi,2024-12-22,2023-11-19,2460.355,3.0,,9675040175,Australia
3349,Unknown,Male,25.0,Hyderabad,,,2460.355,3.0,user3348@mail.com,,Unknown
,Ravi,Female,43.0,Pune,,2020-08-17,297.29,3.0,,,India
3351,Neha,Female,43.0,Ahmedabad,,2020-08-07,2460.355,4.0,,,USA
3352,Amit,Unknown,43.0,Ahmedabad,,,2460.355,3.0,user3351@mail.com,,Unknown
3353,Pooja,Unknown,63.0,Ahmedabad,,2021-04-01,4149.46,3.0,,,Australia
C3354,Neha,Female,43.0,Delhi,2021-10-27,,2460.355,3.0,,,Australia
3355,Pooja,Unknown,43.0,Chennai,,,2460.355,3.0,,,Canada
3356,Priya,Female,43.0,Chennai,2022-04-23,2024-12-19,3582.91,1.0,,,USA
3357,Neha,Unknown,43.0,Kolkata,2024-08-14,2025-02-19,1865.4,3.0,,,USA
3358,Sneha,Unknown,43.0,Bangalore,2023-04-25,,2460.355,3.0,,9362519126,Unknown
3359,Unknown,Male,62.0,Unknown,2024-11-12,2024-05-03,2460.355,5.0,,,Unknown
,Rahul,Female,43.0,Bangalore,,2023-07-16,2460.355,3.0,,,Canada
,Amit,Female,43.0,Hyderabad,,2021-05-15,2460.355,3.0,,,USA
C3362,Rahul,Unknown,43.0,Mumbai,2024-08-24,,2460.355,3.0,,9750085813,Australia
,Amit,Male,43.0,Pune,,,2460.355,3.0,,,UK
3364,Simran,Female,43.0,Unknown,2021-10-22,,2460.355,3.0,,9581334478,USA
3365,Rahul,Female,43.0,Hyderabad,,,2460.355,4.0,user3364@mail.com,,India
3366,Ankit,Unknown,40.0,Pune,2024-03-04,,2460.355,3.0,,,Canada
,Neha,Female,43.0,Delhi,2024-08-20,,2460.355,3.0,,,Australia
3368,Kiran,Male,32.0,Unknown,,2022-05-29,2460.355,3.0,,,Canada
C3369,Simran,Female,49.0,Mumbai,,,2460.355,1.0,,,USA
3370,Neha,Female,43.0,Kolkata,2025-09-29,,2460.355,3.0,,,Australia
C3371,Rahul,Female,43.0,Unknown,,,2047.52,3.0,,,USA
C3372,Kiran,Male,43.0,Mumbai,2023-07-07,,2460.355,3.0,,,Unknown
3373,Priya,Female,43.0,Pune,,,2460.355,3.0,user3372@mail.com,,UK
3374,Priya,Unknown,43.0,Mumbai,,2021-11-22,352.4,3.0,,,India
C3375,Priya,Male,43.0,Bangalore,,,2460.355,2.0,,9658800590,Australia
C3376,Amit,Male,43.0,Chennai,2023-12-15,,2460.355,3.0,,9892053600,Australia
3377,Unknown,Male,43.0,Delhi,,,2460.355,3.0,,,Canada
3378,Unknown,Unknown,43.0,Mumbai,2022-08-11,2022-08-14,4157.56,3.0,,,Canada
,Rahul,Male,43.0,Ahmedabad,2024-06-14,,2460.355,3.0,,9991448018,Canada
3380,Rahul,Female,43.0,Mumbai,,2023-05-23,2460.355,2.0,,,UK
,Simran,Unknown,43.0,Mumbai,,,2460.355,3.0,,,Australia
3382,Pooja,Male,43.0,Hyderabad,,,2460.355,3.0,,,India
,Unknown,Unknown,43.0,Chennai,,,2178.52,3.0,user3382@mail.com,,Unknown
,Unknown,Male,43.0,Kolkata,2023-10-19,,2460.355,3.0,user3383@mail.com,9925085748,USA
C3385,Unknown,Female,43.0,Chennai,2024-06-21,,2460.355,3.0,user3384@mail.com,,Canada
,Ravi,Female,43.0,Delhi,,2022-08-11,2460.355,4.0,user3385@mail.com,,Australia
,Priya,Female,43.0,Ahmedabad,,2022-11-07,2460.355,3.0,,9303498258,India
3388,Amit,Unknown,43.0,Ahmedabad,2025-10-22,,2460.355,5.0,,,UK
C3389,Priya,Male,43.0,Kolkata,,,2460.355,5.0,,,USA
3390,Amit,Unknown,43.0,Pune,2024-08-17,,2460.355,3.0,user3389@mail.com,,India
C3391,Unknown,Unknown,43.0,Chennai,2023-09-21,,2460.355,3.0,,,India
C3392,Ankit,Female,39.0,Chennai,,2022-08-07,988.83,3.0,,,USA
C3393,Simran,Female,43.0,Kolkata,2025-07-09,,2460.355,3.0,,,USA
C3394,Rahul,Male,43.0,Kolkata,,,2460.355,4.0,user3393@mail.com,9619174322,UK
3395,Ankit,Male,43.0,Pune,,,2460.355,3.0,,,UK
3396,Sneha,Unknown,43.0,Mumbai,2022-08-14,,2643.71,3.0,,,India
3397,Sneha,Unknown,43.0,Unknown,2020-12-25,,2460.355,3.0,,,UK
3398,Ankit,Female,43.0,Chennai,2025-12-11,,2460.355,3.0,,,Canada
3399,Amit,Female,43.0,Kolkata,2021-06-27,,2460.355,3.0,,,Unknown
,Pooja,Male,43.0,Unknown,2021-11-02,2021-09-05,1608.69,3.0,,9770604956,India
C3401,Unknown,Unknown,20.0,Ahmedabad,2025-09-16,2024-06-26,2460.355,5.0,,,USA
C3402,Ankit,Male,43.0,Delhi,,,2460.355,3.0,,,Canada
3403,Amit,Female,43.0,Mumbai,,,2460.355,5.0,user3402@mail.com,,India
3404,Ravi,Unknown,43.0,Ahmedabad,,,2460.355,3.0,,,India
C3405,Neha,Female,31.0,Kolkata,2025-07-27,,957.84,5.0,,,India
3406,Rahul,Female,43.0,Delhi,,,2460.355,2.0,,,UK
,Neha,Male,43.0,Unknown,2023-01-29,2024-02-21,2823.49,3.0,user3406@mail.com,9238762670,Canada
,Kiran,Female,43.0,Bangalore,,,2460.355,3.0,,,USA
3409,Ankit,Male,43.0,Ahmedabad,,2023-04-06,2460.355,3.0,,,Unknown
3410,Priya,Male,61.0,Bangalore,2021-11-25,,2460.355,3.0,,,USA
C3411,Simran,Female,43.0,Mumbai,,,2460.355,3.0,,,Australia
C3412,Priya,Male,43.0,Bangalore,2022-09-12,,2460.355,3.0,,,Australia
,Simran,Male,43.0,Mumbai,,,2460.355,3.0,,,Unknown
3414,Neha,Female,38.0,Unknown,2023-04-23,,3854.82,2.0,,,India
3415,Kiran,Male,43.0,Mumbai,2021-07-22,,2460.355,3.0,,9928926386,Unknown
3416,Ravi,Female,32.0,Hyderabad,,,2460.355,3.0,,,UK
3417,Priya,Female,43.0,Unknown,,2024-09-30,2460.355,3.0,,9133090566,Australia
3418,Sneha,Female,43.0,Hyderabad,2024-02-19,2025-08-19,2460.355,5.0,,,Australia
,Unknown,Male,43.0,Bangalore,2024-10-17,2023-04-13,1492.24,2.0,,,India
3420,Unknown,Male,43.0,Ahmedabad,2025-01-07,,2460.355,3.0,,,Canada
C3421,Neha,Unknown,43.0,Delhi,,,2460.355,3.0,,,Australia
3422,Rahul,Female,43.0,Kolkata,2020-12-30,2022-06-27,2802.76,3.0,,,USA
3423,Rahul,Female,65.0,Bangalore,2025-12-15,,2460.355,5.0,user3422@mail.com,9690225333,Australia
3424,Pooja,Female,43.0,Hyderabad,,2023-02-16,2460.355,2.0,,9795610605,USA
3425,Unknown,Male,64.0,Delhi,2021-01-13,2023-03-07,2460.355,3.0,,,Canada
,Ravi,Male,43.0,Kolkata,2022-11-08,,2460.355,3.0,,9155947904,UK
3427,Simran,Unknown,43.0,Unknown,,2024-07-29,2460.355,3.0,,9472617267,Australia
C3428,Unknown,Unknown,43.0,Ahmedabad,,,2460.355,3.0,user3427@mail.com,,Canada
3429,Neha,Female,54.0,Hyderabad,,2024-07-25,1690.11,3.0,user3428@mail.com,9255627742,Unknown
,Unknown,Male,43.0,Mumbai,2023-08-26,,2460.355,3.0,,9134142328,Australia
3431,Ankit,Female,43.0,Bangalore,2022-10-11,2025-12-06,1285.78,3.0,,,Canada
3432,Ankit,Female,43.0,Hyderabad,2025-02-19,2022-08-15,4700.04,3.0,,,Unknown
C3433,Ravi,Female,43.0,Kolkata,,2021-02-09,2460.355,3.0,user3432@mail.com,,India
3434,Amit,Male,43.0,Ahmedabad,2024-04-10,,2460.355,3.0,,,USA
3435,Neha,Male,43.0,Ahmedabad,2023-05-04,2023-01-14,2460.355,3.0,user3434@mail.com,,Unknown
3436,Sneha,Female,43.0,Bangalore,2024-09-10,,2460.355,3.0,user3435@mail.com,,Australia
C3437,Unknown,Unknown,43.0,Unknown,2026-01-17,2020-10-19,2460.355,3.0,user3436@mail.com,,Unknown
3438,Unknown,Male,18.0,Hyderabad,2020-12-27,,4893.38,3.0,,,Australia
,Neha,Unknown,43.0,Hyderabad,2025-03-28,,2460.355,3.0,user3438@mail.com,9533902316,India
3440,Amit,Male,43.0,Unknown,,,2460.355,3.0,,9313432066,Australia
,Ravi,Unknown,43.0,Kolkata,,,2460.355,3.0,user3440@mail.com,,UK
3442,Simran,Female,43.0,Hyderabad,,,2460.355,3.0,,,Unknown
C3443,Ravi,Male,53.0,Delhi,,,2460.355,3.0,,,Australia
,Ravi,Female,66.0,Unknown,2023-12-16,,2460.355,3.0,,,India
3445,Kiran,Female,43.0,Hyderabad,2023-04-14,2021-12-09,2460.355,3.0,,,UK
C3446,Unknown,Male,25.0,Kolkata,2025-03-22,,2460.355,3.0,,,UK
3447,Neha,Unknown,43.0,Bangalore,,,2460.355,3.0,,9889215683,Unknown
3448,Simran,Unknown,43.0,Unknown,2024-02-26,2022-04-01,2460.355,3.0,,,UK
C3449,Kiran,Male,43.0,Delhi,2024-07-15,,708.5,2.0,,,USA
,Amit,Female,63.0,Unknown,,2025-06-30,2460.355,3.0,,,Canada
C3451,Unknown,Male,43.0,Unknown,,,2460.355,3.0,,9759433352,Canada
3452,Sneha,Female,43.0,Unknown,,2023-03-22,2460.355,2.0,user3451@mail.com,,India
C3453,Ravi,Male,29.0,Chennai,,2022-09-21,2460.355,2.0,,,UK
C3454,Kiran,Unknown,43.0,Unknown,,2024-02-21,2460.355,3.0,user3453@mail.com,,UK
C3455,Unknown,Unknown,43.0,Delhi,2023-06-08,2023-02-23,2460.355,3.0,,,Australia
3456,Priya,Female,39.0,Unknown,,,2460.355,5.0,,,USA
3457,Rahul,Unknown,43.0,Hyderabad,,2022-09-29,2460.355,3.0,,9955851392,UK
,Sneha,Male,43.0,Ahmedabad,,,4318.89,3.0,,9322565136,India
C3459,Priya,Female,43.0,Unknown,2023-05-26,,2460.355,3.0,,,Unknown
3460,Unknown,Female,43.0,Unknown,2020-11-04,,2460.355,3.0,,,Canada
C3461,Amit,Unknown,43.0,Bangalore,2023-12-26,,2460.355,3.0,,,Unknown
,Kiran,Unknown,43.0,Kolkata,,2022-08-10,2460.355,3.0,,,Canada
3463,Unknown,Female,43.0,Bangalore,,,109.07,3.0,,,USA
3464,Unknown,Male,43.0,Mumbai,2024-04-26,2024-08-25,2460.355,4.0,user3463@mail.com,,Australia
3465,Unknown,Female,43.0,Delhi,,2022-04-16,2460.355,3.0,,,India
C3466,Unknown,Unknown,43.0,Chennai,2024-08-24,,2460.355,3.0,,,Unknown
3467,Ankit,Male,43.0,Bangalore,,,2460.355,3.0,,9114171270,India
C3468,Ravi,Female,43.0,Chennai,2023-04-25,,2460.355,3.0,,,India
C3469,Sneha,Female,43.0,Kolkata,,2024-11-07,656.48,3.0,,9602163396,USA
,Priya,Unknown,30.0,Mumbai,,2025-04-19,2460.355,1.0,,9750561911,UK
3471,Ravi,Male,43.0,Pune,2025-08-10,,3833.02,3.0,user3470@mail.com,,Canada
C3472,Simran,Male,43.0,Hyderabad,2024-09-09,2021-11-18,2460.355,2.0,,,UK
3473,Unknown,Male,43.0,Unknown,,,2460.355,3.0,,,UK
C3474,Rahul,Female,30.0,Kolkata,,2022-10-29,2460.355,3.0,,,USA
C3475,Rahul,Female,43.0,Unknown,2021-01-03,,2460.355,4.0,,,Australia
,Unknown,Female,55.0,Ahmedabad,2023-04-18,,2460.355,3.0,,9382181285,USA
C3477,Pooja,Male,43.0,Kolkata,,2021-12-30,1544.04,3.0,,,Canada
,Priya,Male,43.0,Pune,2024-02-24,,2460.355,3.0,,,India
,Sneha,Unknown,43.0,Mumbai,2023-10-02,2024-04-26,4260.1,3.0,,,USA
3480,Amit,Unknown,43.0,Chennai,,,1556.01,3.0,,,Unknown
C3481,Rahul,Unknown,43.0,Chennai,2025-09-13,,2460.355,5.0,,,USA
C3482,Rahul,Male,59.0,Pune,,,2460.355,4.0,user3481@mail.com,,Australia
,Simran,Unknown,43.0,Hyderabad,2021-08-03,2023-05-20,2460.355,3.0,,,India
,Simran,Female,43.0,Mumbai,2024-04-02,,2997.83,4.0,,,UK
3485,Simran,Female,43.0,Ahmedabad,2025-04-17,,1781.99,3.0,,,Australia
3486,Simran,Female,43.0,Chennai,2024-06-15,2023-03-30,2460.355,3.0,,9968016006,Australia
3487,Kiran,Female,43.0,Unknown,,2022-11-30,2460.355,2.0,,,Canada
3488,Unknown,Female,43.0,Mumbai,2022-12-04,2022-06-07,2460.355,5.0,,,Unknown
3489,Rahul,Unknown,43.0,Unknown,,,2460.355,3.0,,9128539198,USA
C3490,Ankit,Unknown,43.0,Mumbai,,,2460.355,3.0,,,UK
,Kiran,Female,43.0,Unknown,2022-02-12,2025-05-17,2460.355,3.0,,,Canada
C3492,Ankit,Female,44.0,Ahmedabad,2025-09-18,,1151.93,1.0,user3491@mail.com,,Unknown
3493,Simran,Unknown,43.0,Bangalore,,2022-01-19,118.24,3.0,,,USA
C3494,Ravi,Female,43.0,Delhi,2025-05-01,2020-08-16,2460.355,3.0,,,Canada
C3495,Simran,Male,43.0,Hyderabad,2021-01-02,,2460.355,3.0,,,India
,Amit,Unknown,43.0,Delhi,,,2460.355,3.0,user3495@mail.com,,Canada
C3497,Unknown,Unknown,43.0,Bangalore,2022-03-28,2022-10-16,2460.355,3.0,user3496@mail.com,,USA
3498,Ankit,Female,23.0,Bangalore,2024-11-27,2023-05-20,2460.355,3.0,,,UK
3499,Priya,Male,43.0,Hyderabad,2022-11-04,2022-07-22,2460.355,2.0,user3498@mail.com,9874469735,USA
3500,Simran,Female,22.0,Unknown,,2023-02-08,2460.355,3.0,,9449622584,Australia
3501,Neha,Male,43.0,Hyderabad,2021-04-17,,2460.355,3.0,user3500@mail.com,,UK
3502,Kiran,Unknown,28.0,Kolkata,,,1316.46,3.0,user3501@mail.com,,Unknown
3503,Sneha,Female,43.0,Unknown,2024-10-02,,2460.355,3.0,user3502@mail.com,9664821829,USA
3504,Unknown,Female,43.0,Delhi,,,2368.7,3.0,user3503@mail.com,9160878266,Unknown
,Ravi,Male,43.0,Ahmedabad,2020-08-23,2021-12-29,2460.355,3.0,,,UK
C3506,Simran,Male,47.0,Kolkata,2023-12-04,,2460.355,3.0,user3505@mail.com,,Australia
3507,Pooja,Female,40.0,Ahmedabad,2024-02-07,,2460.355,3.0,,9251707927,Canada
C3508,Simran,Female,43.0,Delhi,,,2460.355,3.0,user3507@mail.com,9694844988,Unknown
,Unknown,Female,18.0,Ahmedabad,2025-08-23,,2460.355,3.0,,,UK
C3510,Amit,Male,43.0,Unknown,,,2460.355,3.0,user3509@mail.com,,UK
3511,Neha,Male,40.0,Delhi,2023-07-18,2025-12-25,2460.355,3.0,,,Canada
3512,Kiran,Unknown,43.0,Delhi,,,513.36,3.0,user3511@mail.com,9891260327,Unknown
3513,Priya,Male,43.0,Delhi,2023-05-23,,2460.355,3.0,,,USA
3514,Neha,Unknown,47.0,Delhi,,2023-07-01,2460.355,3.0,,,India
3515,Ravi,Male,43.0,Bangalore,2025-12-12,2025-03-20,885.24,5.0,user3514@mail.com,,USA
C3516,Unknown,Female,43.0,Bangalore,2024-09-27,2025-08-17,2460.355,1.0,,9709440037,Canada
,Amit,Female,65.0,Bangalore,,2022-07-07,2460.355,3.0,,,Unknown
3518,Kiran,Male,70.0,Chennai,2025-10-18,2024-02-17,2460.355,1.0,,,Canada
,Unknown,Female,43.0,Unknown,,2021-11-18,2460.355,3.0,,,India
,Ravi,Female,64.0,Hyderabad,2020-11-21,2023-11-28,2460.355,3.0,,,Canada
C3521,Kiran,Male,43.0,Pune,,,2460.355,1.0,,,India
3522,Rahul,Female,24.0,Hyderabad,2024-05-11,,1186.6,3.0,,,India
3523,Unknown,Male,43.0,Delhi,,,2460.355,3.0,user3522@mail.com,,Canada
3524,Neha,Male,43.0,Hyderabad,,,2460.355,3.0,user3523@mail.com,,India
,Priya,Male,43.0,Ahmedabad,,,2460.355,3.0,user3524@mail.com,,UK
,Neha,Female,19.0,Kolkata,,2024-06-10,2460.355,3.0,user3525@mail.com,,UK
3527,Sneha,Male,25.0,Kolkata,2023-10-28,2022-10-26,2460.355,3.0,,,Unknown
3528,Simran,Male,41.0,Mumbai,2025-05-28,,2460.355,3.0,,,USA
,Unknown,Female,43.0,Bangalore,2023-07-02,2022-12-26,2460.355,3.0,user3528@mail.com,,USA
3530,Priya,Female,43.0,Ahmedabad,2023-02-13,,2460.355,4.0,,9901734678,Unknown
,Unknown,Unknown,43.0,Chennai,,,2181.69,5.0,,,Canada
3532,Neha,Male,48.0,Pune,2022-05-16,,2460.355,3.0,,9206929858,UK
,Sneha,Female,58.0,Hyderabad,2022-04-08,,2460.355,3.0,,,UK
C3534,Kiran,Unknown,29.0,Ahmedabad,2020-10-02,2022-10-05,2460.355,3.0,,,UK
3535,Amit,Female,43.0,Delhi,2020-09-24,,1914.11,3.0,,,Unknown
,Ankit,Female,43.0,Mumbai,2022-12-28,,2460.355,3.0,,9418567635,Canada
,Unknown,Unknown,43.0,Unknown,2022-06-10,2021-11-12,2460.355,4.0,user3536@mail.com,,Australia
3538,Sneha,Female,53.0,Pune,2021-05-19,2024-07-12,2460.355,3.0,,9292802631,India
3539,Rahul,Male,30.0,Bangalore,2024-10-15,,2460.355,3.0,,,USA
3540,Priya,Male,43.0,Unknown,2022-04-11,2021-12-17,2460.355,3.0,user3539@mail.com,9893580640,UK
3541,Unknown,Male,43.0,Pune,2025-08-19,,2460.355,2.0,,,Australia
3542,Sneha,Male,43.0,Chennai,,,2460.355,1.0,,9897723127,Canada
3543,Sneha,Female,43.0,Hyderabad,,,2460.355,3.0,,,Unknown
C3544,Ankit,Male,43.0,Chennai,2024-06-27,2022-11-08,2460.355,3.0,,,Australia
C3545,Simran,Female,43.0,Pune,2021-09-20,,2460.355,3.0,,,Australia
,Unknown,Male,43.0,Kolkata,,,2460.355,3.0,user3545@mail.com,,India
3547,Pooja,Female,43.0,Delhi,,2021-09-10,2460.355,1.0,user3546@mail.com,,USA
C3548,Rahul,Unknown,43.0,Ahmedabad,2025-03-20,2023-04-15,2460.355,3.0,,,USA
3549,Simran,Female,43.0,Ahmedabad,2024-07-18,,2460.355,4.0,,9487542304,Unknown
3550,Simran,Unknown,43.0,Kolkata,2021-08-24,2020-08-12,2460.355,3.0,,,USA
3551,Simran,Female,43.0,Delhi,2022-11-27,,2460.355,3.0,,,USA
3552,Amit,Female,43.0,Chennai,,,2460.355,3.0,,,UK
3553,Sneha,Female,61.0,Mumbai,,2023-12-01,2460.355,3.0,user3552@mail.com,9230019504,Unknown
3554,Simran,Unknown,43.0,Mumbai,,2021-08-27,4472.8,3.0,,,Australia
C3555,Priya,Unknown,43.0,Pune,2021-03-02,,2875.03,3.0,,9744925839,Unknown
,Ravi,Male,43.0,Pune,,,4362.71,3.0,user3555@mail.com,,Australia
3557,Ravi,Unknown,43.0,Mumbai,,,30.76,5.0,,,Unknown
3558,Rahul,Male,43.0,Bangalore,,2024-02-06,2460.355,3.0,user3557@mail.com,9562013288,Australia
C3559,Priya,Female,43.0,Mumbai,2023-11-14,,2460.355,1.0,user3558@mail.com,9919934149,Unknown
C3560,Rahul,Unknown,43.0,Delhi,,,2581.62,3.0,,,Canada
C3561,Priya,Unknown,43.0,Chennai,2022-10-14,,2460.355,3.0,user3560@mail.com,,Canada
3562,Rahul,Male,43.0,Unknown,,,2460.355,3.0,,,Australia
,Rahul,Male,43.0,Chennai,,2024-11-21,2163.36,3.0,,,USA
3564,Rahul,Male,43.0,Bangalore,2024-08-03,,2460.355,3.0,,,Canada
,Rahul,Male,41.0,Delhi,2024-07-06,,2460.355,3.0,,,UK
3566,Priya,Unknown,43.0,Unknown,2021-05-23,,2460.355,3.0,,,India
,Sneha,Female,43.0,Delhi,,,2460.355,1.0,user3566@mail.com,,Unknown
C3568,Sneha,Female,43.0,Unknown,,2022-05-05,2460.355,3.0,,9363385715,UK
3569,Unknown,Unknown,43.0,Bangalore,,2021-11-16,2460.355,3.0,,,Australia
,Ravi,Male,43.0,Pune,2024-12-13,,2460.355,3.0,,,Australia
3571,Pooja,Male,43.0,Ahmedabad,2023-08-19,,2460.355,3.0,,9357817804,Unknown
3572,Unknown,Unknown,43.0,Delhi,2025-11-05,,2460.355,3.0,user3571@mail.com,9542097844,India
,Ravi,Female,43.0,Kolkata,,,2460.355,3.0,user3572@mail.com,,UK
C3574,Simran,Male,43.0,Delhi,2021-02-03,,4262.42,3.0,,,USA
,Pooja,Male,43.0,Pune,2021-02-19,2025-07-13,2460.355,3.0,user3574@mail.com,,Australia
3576,Kiran,Unknown,43.0,Bangalore,,,2460.355,2.0,,,Canada
3577,Ankit,Unknown,43.0,Delhi,,2023-11-09,2460.355,3.0,,,UK
C3578,Ankit,Male,43.0,Chennai,2021-11-27,,2460.355,3.0,user3577@mail.com,,Unknown
C3579,Ankit,Unknown,61.0,Mumbai,,2024-08-31,4328.18,3.0,user3578@mail.com,9141552642,Australia
C3580,Ankit,Unknown,43.0,Bangalore,2023-11-01,2021-11-27,2460.355,1.0,,,UK
3581,Unknown,Female,43.0,Bangalore,,2024-04-29,2460.355,3.0,,,USA
C3582,Priya,Female,43.0,Mumbai,,,2460.355,4.0,user3581@mail.com,,India
C3583,Rahul,Female,43.0,Bangalore,2021-06-07,,2460.355,3.0,user3582@mail.com,,India
3584,Sneha,Male,56.0,Chennai,,,2460.355,3.0,,9427656524,UK
3585,Amit,Female,43.0,Kolkata,2021-06-04,,2460.355,3.0,,9430025393,Canada
,Rahul,Unknown,43.0,Hyderabad,2023-01-03,2020-08-07,2460.355,3.0,,,India
3587,Amit,Male,43.0,Bangalore,,2023-08-18,2460.355,5.0,user3586@mail.com,,Unknown
3588,Neha,Female,43.0,Chennai,,,2460.355,3.0,,,India
,Ravi,Unknown,43.0,Ahmedabad,,2024-11-20,2460.355,3.0,,,USA
,Amit,Female,39.0,Hyderabad,2020-12-12,2022-02-17,2460.355,3.0,,,India
3591,Kiran,Female,43.0,Mumbai,,,2460.355,3.0,,,Canada
3592,Pooja,Male,43.0,Pune,2023-01-06,,2460.355,3.0,,,UK
3593,Priya,Female,43.0,Pune,2024-07-21,2024-02-02,2460.355,3.0,,9199764207,UK
3594,Rahul,Female,43.0,Bangalore,2023-01-02,2021-05-15,251.96,5.0,,,Australia
3595,Unknown,Male,43.0,Hyderabad,,2025-01-02,2460.355,2.0,,,Unknown
3596,Amit,Male,43.0,Unknown,2023-12-28,2024-09-12,2460.355,2.0,user3595@mail.com,,India
C3597,Ankit,Female,43.0,Unknown,2024-11-04,2024-06-11,2460.355,4.0,,,Canada
,Simran,Unknown,43.0,Pune,,,4266.6,2.0,,9860973590,UK
,Sneha,Female,43.0,Delhi,2021-04-19,,2460.355,3.0,,,Canada
,Ankit,Male,35.0,Pune,,,2460.355,3.0,user3599@mail.com,,Unknown
,Pooja,Female,63.0,Unknown,,2023-01-11,1129.35,3.0,,,India
C3602,Sneha,Male,62.0,Bangalore,,,226.59,1.0,user3601@mail.com,9382365697,Canada
3603,Ravi,Male,43.0,Hyderabad,2021-02-28,,2460.355,3.0,,,UK
,Ankit,Unknown,43.0,Pune,,2025-10-29,3433.37,3.0,,,Canada
3605,Neha,Female,48.0,Bangalore,2021-08-08,2020-09-10,287.59,5.0,,9890159873,UK
C3606,Amit,Female,43.0,Bangalore,,,2460.355,3.0,,,Unknown
3607,Unknown,Male,43.0,Pune,,,2460.355,3.0,,9329715749,USA
,Simran,Unknown,43.0,Mumbai,2024-11-30,,2460.355,3.0,,,Canada
3609,Neha,Male,43.0,Bangalore,,,2460.355,3.0,,9621736617,USA
,Amit,Unknown,43.0,Hyderabad,,2021-02-16,2460.355,3.0,user3609@mail.com,,Unknown
3611,Amit,Female,43.0,Ahmedabad,2025-03-22,,2460.355,3.0,,,Australia
3612,Pooja,Male,43.0,Bangalore,,,940.3,3.0,,,USA
3613,Unknown,Unknown,43.0,Pune,,,2460.355,3.0,user3612@mail.com,,India
3614,Kiran,Female,65.0,Hyderabad,,2022-06-20,2460.355,3.0,,,UK
3615,Simran,Male,43.0,Pune,,,4362.73,3.0,user3614@mail.com,,Australia
,Amit,Female,66.0,Unknown,,,3614.75,3.0,,9646797499,India
3617,Unknown,Male,43.0,Ahmedabad,2025-11-01,2024-06-22,2460.355,3.0,,9304617520,USA
C3618,Rahul,Male,43.0,Hyderabad,,2025-09-26,2460.355,3.0,user3617@mail.com,,USA
C3619,Amit,Male,41.0,Pune,2020-10-11,2023-02-27,2460.355,3.0,,9650654916,India
3620,Amit,Female,25.0,Bangalore,2025-03-22,2024-10-21,2460.355,3.0,,9311408283,Australia
C3621,Ankit,Female,43.0,Ahmedabad,,,2460.355,3.0,user3620@mail.com,,Australia
C3622,Unknown,Female,43.0,Delhi,2025-11-13,2025-03-08,2460.355,3.0,,,Australia
C3623,Simran,Unknown,19.0,Bangalore,,,3180.67,3.0,,,Australia
3624,Simran,Male,43.0,Ahmedabad,,,2460.355,3.0,user3623@mail.com,,India
3625,Unknown,Male,43.0,Ahmedabad,,,2460.355,2.0,,,UK
C3626,Kiran,Male,43.0,Ahmedabad,,2024-10-06,2460.355,3.0,,9497865014,Australia
3627,Rahul,Unknown,43.0,Bangalore,,,2460.355,3.0,user3626@mail.com,,Australia
3628,Unknown,Female,43.0,Kolkata,,2022-08-01,2460.355,3.0,,,Canada
C3629,Neha,Unknown,43.0,Chennai,,,2460.355,3.0,user3628@mail.com,,UK
3630,Amit,Female,27.0,Kolkata,2022-07-08,,1568.91,3.0,,,USA
,Ankit,Unknown,43.0,Delhi,2022-09-05,2021-11-09,2460.355,3.0,user3630@mail.com,,Canada
C3632,Kiran,Male,18.0,Delhi,2022-05-05,2024-07-06,2460.355,3.0,,9147231373,UK
3633,Kiran,Female,27.0,Unknown,,,2460.355,3.0,,,Canada
3634,Amit,Female,59.0,Ahmedabad,,,2460.355,3.0,user3633@mail.com,9160318209,India
C3635,Amit,Male,43.0,Unknown,,,4866.38,3.0,,,Unknown
C3636,Rahul,Male,43.0,Kolkata,,,2460.355,2.0,,,UK
C3637,Ravi,Female,37.0,Delhi,2020-09-23,,2460.355,2.0,user3636@mail.com,,Australia
C3638,Simran,Male,43.0,Unknown,2021-01-16,,3063.55,3.0,,,USA
,Kiran,Female,43.0,Mumbai,,,2460.355,1.0,user3638@mail.com,,Australia
3640,Neha,Male,43.0,Chennai,,2020-11-24,2460.355,3.0,,,UK
3641,Ravi,Male,43.0,Delhi,2025-11-06,,866.53,3.0,,,Australia
3642,Unknown,Female,43.0,Ahmedabad,2021-06-16,,2460.355,3.0,,9160160405,Unknown
,Unknown,Female,43.0,Bangalore,,,2460.355,3.0,,,Unknown
C3644,Neha,Female,36.0,Mumbai,,,2460.355,1.0,,,Unknown
C3645,Neha,Female,43.0,Ahmedabad,,2022-12-05,2460.355,3.0,,9841314414,Unknown
C3646,Priya,Female,43.0,Pune,,,2460.355,3.0,,,Canada
,Kiran,Unknown,43.0,Ahmedabad,2021-10-30,,2460.355,3.0,user3646@mail.com,9814548762,India
C3648,Simran,Male,43.0,Bangalore,,2022-05-22,2460.355,3.0,user3647@mail.com,9714425266,India
3649,Neha,Female,47.0,Pune,2022-09-18,2020-10-26,2460.355,3.0,,9400873206,Australia
C3650,Neha,Unknown,43.0,Chennai,2021-12-22,,2460.355,3.0,user3649@mail.com,,India
C3651,Kiran,Unknown,43.0,Pune,,,2460.355,3.0,user3650@mail.com,,Canada
3652,Ankit,Unknown,43.0,Mumbai,,2021-12-04,2614.63,3.0,,,Canada
,Ravi,Unknown,43.0,Pune,,,2460.355,3.0,user3652@mail.com,,India
3654,Amit,Female,43.0,Bangalore,2024-04-04,,2460.355,3.0,user3653@mail.com,,Unknown
C3655,Ravi,Unknown,43.0,Hyderabad,,,2460.355,3.0,user3654@mail.com,,Canada
3656,Ravi,Male,38.0,Bangalore,,2021-03-28,2460.355,3.0,,,Unknown
3657,Sneha,Female,43.0,Bangalore,2021-01-18,,2460.355,3.0,user3656@mail.com,,Canada
3658,Kiran,Female,43.0,Mumbai,,2025-11-07,207.65,3.0,,,Unknown
3659,Unknown,Unknown,43.0,Pune,2022-08-16,2023-08-29,2460.355,3.0,,,UK
3660,Ankit,Unknown,43.0,Bangalore,2022-07-13,,1151.28,3.0,user3659@mail.com,,India
3661,Neha,Unknown,48.0,Bangalore,,2025-05-25,2460.355,3.0,,9223330796,USA
C3662,Amit,Unknown,59.0,Chennai,2022-02-28,2025-03-10,2460.355,3.0,,,Australia
C3663,Unknown,Unknown,43.0,Pune,,,2460.355,4.0,user3662@mail.com,,Australia
3664,Unknown,Male,30.0,Kolkata,,2021-06-30,2460.355,4.0,,9914553112,India
C3665,Ankit,Unknown,43.0,Kolkata,,2023-01-03,2460.355,3.0,,,Unknown
,Pooja,Unknown,43.0,Pune,,,2460.355,3.0,,9933634787,India
3667,Pooja,Female,43.0,Hyderabad,,2023-07-31,2460.355,3.0,,9494225265,UK
3668,Sneha,Female,43.0,Ahmedabad,2023-11-27,,3945.49,3.0,,,Australia
3669,Kiran,Female,44.0,Mumbai,2023-05-16,2023-05-10,889.95,3.0,,9446630076,UK
3670,Simran,Unknown,43.0,Pune,2020-08-10,,2460.355,1.0,user3669@mail.com,,UK
3671,Sneha,Female,43.0,Hyderabad,2025-05-16,2022-09-29,2460.355,3.0,,9784618328,Canada
3672,Rahul,Male,43.0,Delhi,,,2460.355,3.0,,,Australia
,Rahul,Male,43.0,Delhi,,2020-08-24,2460.355,2.0,user3672@mail.com,9507546517,India
,Priya,Female,43.0,Chennai,2025-11-15,2020-09-19,2460.355,3.0,,,USA
3675,Kiran,Male,43.0,Chennai,,,2460.355,3.0,,,UK
,Simran,Unknown,43.0,Ahmedabad,2025-01-31,,2460.355,3.0,user3675@mail.com,,Canada
3677,Amit,Male,56.0,Bangalore,,,2460.355,2.0,,9590482463,Unknown
3678,Unknown,Male,24.0,Delhi,,,3557.56,5.0,user3677@mail.com,9246344559,UK
3679,Simran,Unknown,43.0,Pune,,2022-11-26,2460.355,3.0,,,UK
3680,Amit,Female,43.0,Bangalore,,,3350.79,3.0,,,Canada
C3681,Pooja,Male,43.0,Ahmedabad,2022-07-16,,2460.355,3.0,,,Australia
3682,Amit,Unknown,53.0,Mumbai,,,2460.355,3.0,user3681@mail.com,,UK
3683,Priya,Male,43.0,Delhi,,2022-12-01,2460.355,3.0,,9338763132,Australia
3684,Amit,Male,43.0,Unknown,,,2460.355,1.0,,,Australia
3685,Kiran,Female,43.0,Chennai,2023-02-09,2023-09-22,2460.355,3.0,,,USA
,Amit,Male,43.0,Unknown,,,2460.355,3.0,,,Australia
,Ravi,Female,43.0,Delhi,,2022-08-22,2301.13,3.0,,,Canada
C3688,Priya,Female,43.0,Bangalore,2021-02-06,2023-10-25,2460.355,3.0,,,Canada
C3689,Priya,Female,43.0,Chennai,2025-08-26,2021-05-17,2460.355,3.0,,9167420192,Australia
3690,Unknown,Female,43.0,Hyderabad,,,2460.355,3.0,user3689@mail.com,,Canada
3691,Amit,Female,61.0,Bangalore,,2025-11-24,3939.0,3.0,user3690@mail.com,,India
C3692,Rahul,Unknown,43.0,Pune,2026-01-26,,2460.355,3.0,,,India
3693,Amit,Male,42.0,Pune,2023-02-27,2021-07-20,2460.355,3.0,,,USA
C3694,Neha,Unknown,43.0,Kolkata,2021-10-31,,2460.355,5.0,,,Australia
3695,Neha,Male,43.0,Bangalore,,,2460.355,3.0,,,USA
3696,Neha,Male,43.0,Kolkata,,,2460.355,3.0,user3695@mail.com,,UK
3697,Unknown,Male,43.0,Unknown,,,3144.32,3.0,,9644014849,India
C3698,Rahul,Female,43.0,Unknown,2023-04-09,,2460.355,5.0,,,Australia
,Pooja,Female,43.0,Pune,2023-01-10,,2483.59,1.0,,,Australia
3700,Simran,Female,43.0,Mumbai,2025-08-05,,3753.55,3.0,,,Unknown
C3701,Unknown,Male,43.0,Chennai,2024-05-19,,2460.355,3.0,,,Unknown
,Unknown,Male,43.0,Hyderabad,,,2460.355,3.0,,,Australia
C3703,Ankit,Female,43.0,Bangalore,,2023-07-18,2460.355,3.0,user3702@mail.com,,India
3704,Ravi,Female,18.0,Unknown,,,913.29,3.0,,,UK
3705,Pooja,Male,43.0,Chennai,2021-09-02,2022-10-27,3359.33,1.0,user3704@mail.com,,Canada
3706,Amit,Male,43.0,Hyderabad,2022-06-08,,1345.77,3.0,,,USA
,Unknown,Male,43.0,Delhi,,2022-08-31,2370.84,3.0,,,Canada
3708,Simran,Female,43.0,Mumbai,,,2460.355,3.0,,9885383844,Australia
3709,Sneha,Male,43.0,Pune,,,2460.355,3.0,,,Unknown
,Unknown,Female,43.0,Mumbai,2022-01-15,2021-02-21,2460.355,3.0,,9146147253,UK
C3711,Ravi,Unknown,43.0,Bangalore,,2021-08-20,2460.355,3.0,user3710@mail.com,,USA
3712,Neha,Female,43.0,Hyderabad,,,2460.355,3.0,,9675482271,USA
,Neha,Male,39.0,Bangalore,2022-04-22,,2460.355,3.0,,,Australia
3714,Pooja,Unknown,43.0,Chennai,,,2714.1,3.0,,,USA
3715,Amit,Male,43.0,Hyderabad,,,2460.355,3.0,,,Canada
,Rahul,Female,43.0,Chennai,,2022-04-28,2460.355,3.0,,,USA
,Sneha,Female,53.0,Hyderabad,2023-07-26,2024-07-21,983.51,3.0,,,Unknown
C3718,Unknown,Male,24.0,Ahmedabad,2023-12-10,2022-09-26,2460.355,3.0,,9528735449,India
3719,Sneha,Unknown,28.0,Kolkata,,,598.99,3.0,,9998227320,Australia
,Ankit,Female,29.0,Kolkata,2025-10-19,,2460.355,3.0,,,Australia
,Ravi,Unknown,43.0,Bangalore,,2020-10-13,2460.355,3.0,user3720@mail.com,,India
3722,Kiran,Male,43.0,Pune,,,2460.355,5.0,user3721@mail.com,,Australia
C3723,Ankit,Female,43.0,Kolkata,,,2460.355,3.0,user3722@mail.com,9307708862,Canada
3724,Sneha,Male,43.0,Mumbai,,2025-05-20,1042.56,1.0,,,UK
C3725,Unknown,Female,25.0,Delhi,2020-09-04,,2460.355,3.0,user3724@mail.com,,UK
C3726,Amit,Male,43.0,Kolkata,2024-02-16,,2460.355,3.0,,,India
3727,Sneha,Male,43.0,Bangalore,2022-01-12,2024-01-14,2460.355,5.0,,,Canada
3728,Sneha,Female,43.0,Ahmedabad,,,2460.355,1.0,,,Unknown
3729,Priya,Female,43.0,Unknown,,,2460.355,3.0,,,India
C3730,Neha,Female,43.0,Unknown,,,2460.355,2.0,,,Unknown
C3731,Amit,Female,43.0,Delhi,2023-05-01,,503.87,1.0,,,Australia
3732,Kiran,Unknown,43.0,Unknown,,2020-10-10,138.75,2.0,,,India
3733,Ravi,Female,59.0,Mumbai,2021-05-11,,2460.355,3.0,,,Unknown
C3734,Kiran,Male,43.0,Kolkata,,2024-02-29,2460.355,3.0,,,Australia
3735,Rahul,Female,43.0,Unknown,2023-12-13,,2460.355,3.0,user3734@mail.com,,Canada
3736,Neha,Unknown,43.0,Mumbai,,,4863.85,3.0,,,Unknown
C3737,Ravi,Female,43.0,Kolkata,2025-04-15,,2460.355,3.0,,9471772549,Australia
C3738,Neha,Male,69.0,Hyderabad,2021-11-25,,2460.355,3.0,,,Unknown
3739,Neha,Female,43.0,Delhi,,,2076.94,3.0,,,USA
3740,Ankit,Male,43.0,Bangalore,,,2460.355,3.0,,9406359520,USA
3741,Rahul,Female,47.0,Delhi,,,2460.355,3.0,,,Australia
3742,Rahul,Unknown,43.0,Chennai,2022-12-07,2024-01-20,2460.355,5.0,,,India
3743,Ankit,Male,66.0,Ahmedabad,,2020-08-21,2460.355,3.0,,,UK
3744,Rahul,Female,43.0,Delhi,2025-05-15,,3883.32,2.0,,,Australia
3745,Unknown,Male,43.0,Ahmedabad,2021-05-20,2024-03-30,2505.13,5.0,,,Australia
,Ravi,Female,43.0,Delhi,,2024-05-17,1327.29,3.0,,,UK
3747,Ravi,Female,69.0,Delhi,2020-10-19,2023-08-04,2460.355,5.0,,,UK
C3748,Unknown,Unknown,43.0,Bangalore,,2024-03-16,2460.355,3.0,user3747@mail.com,,UK
C3749,Rahul,Unknown,43.0,Ahmedabad,,,2460.355,1.0,,,Australia
3750,Kiran,Unknown,43.0,Chennai,,,2460.355,3.0,user3749@mail.com,9760072883,Australia
C3751,Simran,Male,43.0,Delhi,2024-08-03,,2460.355,3.0,user3750@mail.com,9184425190,India
,Priya,Male,43.0,Kolkata,,,2460.355,3.0,user3751@mail.com,,India
3753,Unknown,Male,43.0,Unknown,2022-12-11,,2460.355,3.0,user3752@mail.com,9360140497,Canada
C3754,Simran,Male,43.0,Chennai,,,2460.355,2.0,user3753@mail.com,,India
3755,Ankit,Unknown,43.0,Pune,2021-08-05,2024-08-17,2460.355,3.0,,,USA
3756,Unknown,Female,43.0,Chennai,2023-04-24,2022-03-16,2460.355,3.0,,9297827775,Canada
,Simran,Female,43.0,Hyderabad,2022-10-08,2024-07-21,2460.355,3.0,user3756@mail.com,,Canada
3758,Kiran,Female,43.0,Ahmedabad,,2022-09-11,2460.355,4.0,,9334509873,Unknown
3759,Neha,Female,43.0,Mumbai,,,2460.355,3.0,,,Unknown
C3760,Rahul,Male,43.0,Pune,,,2460.355,3.0,,,UK
3761,Unknown,Male,43.0,Chennai,2025-01-20,,2460.355,3.0,,,UK
C3762,Priya,Male,43.0,Hyderabad,2021-10-13,,2460.355,3.0,,,India
,Neha,Female,43.0,Ahmedabad,,2023-08-22,2460.355,3.0,,,Canada
C3764,Priya,Male,43.0,Mumbai,2022-07-04,,2460.355,3.0,,9964247774,Australia
3765,Amit,Male,43.0,Chennai,,,2460.355,3.0,,,Canada
3766,Unknown,Male,67.0,Ahmedabad,,,3705.51,3.0,,9376634690,Australia
,Sneha,Female,43.0,Unknown,2025-09-18,,2460.355,3.0,,,Canada
C3768,Pooja,Unknown,43.0,Unknown,2022-06-19,2024-12-23,2460.355,4.0,,,UK
3769,Rahul,Female,18.0,Mumbai,2022-11-13,,4284.28,3.0,,,India
3770,Sneha,Female,66.0,Kolkata,2022-07-18,,954.85,1.0,,9905586129,Australia
,Sneha,Male,43.0,Chennai,,,2460.355,5.0,,9783120332,Australia
,Ankit,Female,43.0,Delhi,2024-03-13,,3076.11,2.0,,,Canada
3773,Priya,Female,43.0,Hyderabad,2020-10-27,,1639.23,3.0,user3772@mail.com,9868734837,India
,Unknown,Male,43.0,Ahmedabad,,2022-06-24,2460.355,3.0,,,UK
3775,Unknown,Female,43.0,Hyderabad,2022-10-15,,3803.1,3.0,,,UK
,Pooja,Unknown,43.0,Mumbai,2022-11-14,2025-10-23,2460.355,3.0,,,Australia
3777,Sneha,Male,43.0,Ahmedabad,2021-03-17,,2460.355,1.0,user3776@mail.com,,UK
C3778,Simran,Unknown,43.0,Ahmedabad,2025-04-09,,2460.355,1.0,,,Australia
3779,Kiran,Female,22.0,Delhi,,,424.92,3.0,,,India
C3780,Priya,Female,43.0,Delhi,,,2460.355,3.0,,,Canada
3781,Ankit,Female,43.0,Hyderabad,2020-09-27,,2460.355,3.0,,,Unknown
3782,Amit,Unknown,43.0,Chennai,,,2460.355,3.0,user3781@mail.com,9989860525,Canada
3783,Rahul,Male,43.0,Mumbai,2022-04-21,2023-11-10,2460.355,3.0,user3782@mail.com,,Unknown
C3784,Pooja,Male,43.0,Hyderabad,2023-02-18,2023-08-17,302.42,3.0,,,Unknown
3785,Simran,Female,43.0,Chennai,2024-08-11,,2460.355,3.0,,,Australia
3786,Unknown,Female,43.0,Pune,,2022-07-20,2460.355,5.0,,,Unknown
3787,Ravi,Unknown,43.0,Bangalore,2025-02-27,,4530.78,3.0,,,Australia
,Amit,Male,28.0,Unknown,,2025-02-26,2460.355,3.0,,,Canada
C3789,Kiran,Female,43.0,Pune,2021-08-18,2023-06-15,4202.05,3.0,,,Canada
3790,Unknown,Female,43.0,Unknown,,,2460.355,5.0,,,UK
3791,Priya,Male,43.0,Ahmedabad,2023-04-19,2025-10-31,2460.355,1.0,,,USA
,Amit,Male,43.0,Delhi,2022-08-14,2024-10-21,2460.355,3.0,,,Unknown
,Rahul,Female,43.0,Mumbai,,,2460.355,2.0,,,UK
C3794,Simran,Male,43.0,Chennai,,2024-12-20,2460.355,3.0,,9467932507,Unknown
3795,Amit,Female,49.0,Mumbai,2020-10-11,,2460.355,5.0,,9308255607,Australia
,Amit,Unknown,41.0,Hyderabad,2022-08-07,,2460.355,3.0,user3795@mail.com,,USA
3797,Rahul,Male,43.0,Unknown,2023-06-08,,2460.355,3.0,,,Unknown
C3798,Simran,Female,42.0,Unknown,2025-11-19,,2460.355,3.0,,,Unknown
,Unknown,Female,43.0,Bangalore,,2023-01-28,2460.355,3.0,,,UK
3800,Unknown,Female,43.0,Kolkata,2024-07-15,,2460.355,5.0,,,Unknown
3801,Kiran,Unknown,43.0,Ahmedabad,,,1197.21,3.0,,,Unknown
C3802,Sneha,Female,43.0,Kolkata,,,2460.355,3.0,,,UK
3803,Amit,Female,60.0,Chennai,2022-01-02,2026-01-17,4600.93,3.0,,9923959679,Unknown
3804,Unknown,Male,43.0,Pune,2024-08-02,,3807.97,3.0,,9101963737,UK
C3805,Pooja,Female,43.0,Bangalore,2022-10-26,,2460.355,3.0,,,Unknown
3806,Neha,Unknown,68.0,Chennai,,2023-11-19,4126.51,3.0,,9970402284,Canada
C3807,Kiran,Male,44.0,Hyderabad,,,4005.85,3.0,,,India
,Kiran,Male,43.0,Unknown,,2024-02-18,2460.355,3.0,,9805767464,UK
3809,Ankit,Male,43.0,Unknown,,2020-11-02,2460.355,1.0,,,Australia
3810,Simran,Male,43.0,Unknown,2021-03-29,,2460.355,3.0,,,UK
3811,Neha,Male,43.0,Hyderabad,,,2460.355,5.0,,9155049248,Unknown
,Kiran,Female,43.0,Pune,,,2460.355,3.0,,,Australia
3813,Amit,Unknown,59.0,Delhi,,,2460.355,3.0,,9263621273,Australia
3814,Ravi,Unknown,43.0,Chennai,,,2460.355,3.0,user3813@mail.com,9217245261,Canada
C3815,Simran,Unknown,65.0,Pune,2023-01-28,,2460.355,5.0,user3814@mail.com,,USA
,Sneha,Female,43.0,Ahmedabad,,,2460.355,3.0,,,Unknown
3817,Kiran,Male,43.0,Pune,,,2460.355,3.0,,,USA
,Ravi,Unknown,43.0,Hyderabad,2022-08-27,,2460.355,3.0,,,Australia
C3819,Rahul,Female,56.0,Pune,,2025-06-30,2460.355,3.0,,9823797969,Unknown
C3820,Kiran,Male,63.0,Mumbai,,,2460.355,3.0,,,Canada
C3821,Rahul,Female,43.0,Pune,2023-02-22,,1320.62,5.0,,,Australia
3822,Sneha,Male,43.0,Chennai,,2021-06-24,2460.355,3.0,,,UK
C3823,Rahul,Male,43.0,Kolkata,2024-07-10,2022-08-05,4818.62,3.0,,,India
3824,Sneha,Male,43.0,Pune,,,2460.355,3.0,,,Australia
3825,Sneha,Male,43.0,Ahmedabad,,,2460.355,3.0,,,USA
3826,Pooja,Female,39.0,Bangalore,,2023-11-10,2460.355,3.0,,,India
3827,Kiran,Male,43.0,Mumbai,,2024-08-08,1535.71,3.0,,9237065842,USA
3828,Priya,Male,43.0,Kolkata,2024-10-18,,2460.355,4.0,,9182903167,Australia
3829,Sneha,Unknown,43.0,Bangalore,2022-10-01,,2460.355,5.0,,,Australia
3830,Sneha,Unknown,58.0,Bangalore,2021-09-01,,2460.355,3.0,,,Unknown
C3831,Unknown,Female,43.0,Kolkata,2025-02-23,,2460.355,3.0,,,USA
,Priya,Male,43.0,Hyderabad,,,2460.355,3.0,user3831@mail.com,,Canada
C3833,Priya,Female,43.0,Bangalore,,,2460.355,3.0,,,UK
3834,Pooja,Female,43.0,Delhi,2020-09-25,,2460.355,3.0,,9374902101,Canada
,Neha,Female,43.0,Ahmedabad,,,2460.355,1.0,user3834@mail.com,,Canada
C3836,Amit,Male,43.0,Delhi,,,4992.4,4.0,,,USA
C3837,Ankit,Unknown,43.0,Unknown,,2024-03-30,2460.355,3.0,,,UK
,Neha,Female,43.0,Pune,2023-11-16,2025-03-15,2460.355,3.0,,,India
,Sneha,Male,21.0,Ahmedabad,2025-01-18,2022-09-24,2460.355,5.0,,,USA
C3840,Priya,Male,43.0,Unknown,,,2460.355,3.0,,,Canada
3841,Kiran,Male,43.0,Hyderabad,,2024-04-26,2460.355,3.0,user3840@mail.com,,Unknown
C3842,Kiran,Male,43.0,Bangalore,2023-02-13,,1887.07,1.0,,,UK
C3843,Pooja,Female,43.0,Delhi,,,1697.58,3.0,,9644250578,USA
,Kiran,Male,43.0,Delhi,2024-12-05,,2460.355,3.0,,9833077998,Australia
,Kiran,Unknown,43.0,Hyderabad,,,2460.355,3.0,,9434665393,USA
,Rahul,Female,43.0,Ahmedabad,2024-12-07,,2460.355,3.0,,9166788091,Australia
C3847,Rahul,Female,43.0,Bangalore,,,2460.355,3.0,,,USA
C3848,Sneha,Unknown,43.0,Ahmedabad,,,2460.355,3.0,user3847@mail.com,,UK
3849,Pooja,Male,43.0,Delhi,2025-07-31,2021-05-27,2460.355,3.0,,,Australia
C3850,Kiran,Female,43.0,Chennai,,2022-01-17,2460.355,3.0,user3849@mail.com,,UK
3851,Simran,Male,43.0,Bangalore,2024-08-30,,2460.355,3.0,,,USA
3852,Kiran,Female,43.0,Ahmedabad,2024-04-27,,2460.355,3.0,,9800534363,UK
C3853,Ankit,Unknown,36.0,Unknown,,2024-12-13,2666.07,5.0,user3852@mail.com,9522384313,Unknown
,Rahul,Unknown,43.0,Delhi,2024-08-30,,2460.355,3.0,,,Australia
3855,Pooja,Male,38.0,Chennai,2024-12-20,,2460.355,3.0,user3854@mail.com,,India
3856,Rahul,Male,43.0,Chennai,2024-03-12,,2460.355,3.0,,9488914684,Unknown
,Kiran,Male,43.0,Delhi,2025-12-28,,3178.28,3.0,,,USA
3858,Kiran,Unknown,43.0,Delhi,,,2460.355,3.0,,,USA
3859,Ravi,Unknown,43.0,Mumbai,2020-12-22,2021-05-18,2460.355,3.0,user3858@mail.com,,Unknown
C3860,Ankit,Male,43.0,Mumbai,2025-10-23,,2460.355,3.0,,,Australia
C3861,Amit,Female,43.0,Kolkata,2020-11-09,,2460.355,3.0,,,UK
3862,Ravi,Male,43.0,Ahmedabad,,2022-10-26,2460.355,3.0,,,USA
,Priya,Male,43.0,Chennai,,,2460.355,2.0,user3862@mail.com,9922872010,UK
C3864,Unknown,Male,43.0,Bangalore,,,3696.02,3.0,,9770365790,Unknown
C3865,Neha,Unknown,43.0,Hyderabad,2021-12-28,,2460.355,3.0,,,USA
3866,Kiran,Male,43.0,Unknown,2022-03-28,2022-02-07,2460.355,3.0,,,USA
,Unknown,Unknown,19.0,Chennai,,,4399.06,4.0,,,India
C3868,Rahul,Unknown,55.0,Delhi,2023-10-30,2021-03-16,2460.355,3.0,,9824926665,USA
3869,Ravi,Male,43.0,Hyderabad,,,2579.87,3.0,,,Australia
,Ankit,Male,43.0,Pune,2023-02-22,2022-07-20,2460.355,3.0,,9915117940,UK
3871,Kiran,Male,43.0,Kolkata,,,296.71,3.0,,,USA
,Neha,Male,50.0,Pune,,,3755.86,3.0,,9454293657,Canada
3873,Sneha,Female,43.0,Kolkata,2021-05-16,,2460.355,4.0,user3872@mail.com,,India
,Sneha,Female,43.0,Kolkata,,,2460.355,3.0,,,UK
C3875,Kiran,Female,43.0,Delhi,,,979.07,4.0,,9465828411,Unknown
,Unknown,Male,43.0,Bangalore,2024-12-08,,4631.43,3.0,user3875@mail.com,,UK
,Simran,Unknown,47.0,Ahmedabad,2024-01-08,2020-08-27,2460.355,3.0,,9887863058,UK
,Ravi,Unknown,43.0,Pune,,2022-08-13,2460.355,3.0,,,India
,Priya,Female,19.0,Pune,,,2460.355,3.0,user3878@mail.com,,Canada
3880,Sneha,Male,43.0,Mumbai,2022-01-01,2022-02-09,2460.355,3.0,user3879@mail.com,9456722744,Unknown
,Rahul,Male,43.0,Hyderabad,2023-01-13,2024-04-26,2460.355,3.0,user3880@mail.com,,India
,Amit,Male,43.0,Kolkata,2025-07-17,2025-11-01,2460.355,1.0,,,USA
3883,Unknown,Female,43.0,Ahmedabad,,2023-06-30,2460.355,3.0,,,UK
3884,Amit,Male,43.0,Kolkata,2020-08-31,,2460.355,3.0,user3883@mail.com,,USA
3885,Simran,Unknown,43.0,Kolkata,,,357.54,3.0,,,Unknown
,Simran,Male,43.0,Ahmedabad,2022-01-17,,2460.355,3.0,,9476560041,UK
,Pooja,Female,43.0,Kolkata,2022-08-21,,2460.355,3.0,,,Unknown
3888,Ravi,Male,43.0,Pune,2021-02-24,,2527.01,3.0,user3887@mail.com,,India
3889,Unknown,Female,21.0,Kolkata,2024-06-13,,2148.1,3.0,user3888@mail.com,,USA
C3890,Ravi,Male,43.0,Hyderabad,2024-10-09,2020-08-29,2460.355,3.0,,,Canada
C3891,Simran,Unknown,43.0,Mumbai,2022-10-07,2025-11-12,2460.355,3.0,user3890@mail.com,,Unknown
3892,Simran,Male,43.0,Delhi,,2022-02-04,2460.355,3.0,,,USA
3893,Simran,Unknown,43.0,Unknown,2025-07-09,,2460.355,3.0,user3892@mail.com,,India
,Unknown,Female,43.0,Pune,2023-03-19,2022-04-11,2460.355,3.0,user3893@mail.com,,Unknown
,Amit,Male,43.0,Delhi,,,2460.355,2.0,,,USA
3896,Pooja,Male,33.0,Kolkata,2023-06-12,2020-09-02,2460.355,3.0,,,Australia
3897,Simran,Male,43.0,Delhi,2022-06-23,,2460.355,3.0,,,Unknown
3898,Pooja,Female,59.0,Ahmedabad,2022-07-07,2021-10-29,2460.355,3.0,,,Canada
C3899,Rahul,Male,43.0,Hyderabad,2021-06-24,,47.89,3.0,,,Australia
3900,Sneha,Unknown,43.0,Bangalore,2022-09-08,2024-07-19,2460.355,2.0,,9465357777,India
3901,Kiran,Female,43.0,Hyderabad,2024-10-30,,2460.355,3.0,user3900@mail.com,9358382591,Unknown
C3902,Unknown,Male,43.0,Unknown,2020-09-13,2025-11-15,2460.355,3.0,user3901@mail.com,,Canada
3903,Simran,Female,52.0,Kolkata,,2021-01-17,2460.355,3.0,,,Australia
3904,Amit,Unknown,41.0,Delhi,,,2460.355,3.0,,,UK
3905,Priya,Female,43.0,Mumbai,2023-05-12,,2460.355,3.0,,,USA
C3906,Rahul,Male,43.0,Mumbai,,2023-01-06,2460.355,3.0,,,India
,Neha,Male,68.0,Ahmedabad,2021-12-06,2021-10-25,2460.355,3.0,,,Canada
C3908,Priya,Female,43.0,Mumbai,,,2460.355,4.0,,,Unknown
3909,Unknown,Female,43.0,Pune,2025-09-04,,2460.355,4.0,,9270360237,Unknown
,Ravi,Unknown,43.0,Unknown,2021-04-30,,2460.355,2.0,user3909@mail.com,9297912890,UK
3911,Unknown,Male,43.0,Pune,,,2460.355,3.0,user3910@mail.com,,Australia
,Sneha,Male,43.0,Unknown,,,2460.355,3.0,,,Australia
,Simran,Female,43.0,Bangalore,,,2460.355,3.0,user3912@mail.com,,Canada
C3914,Unknown,Unknown,43.0,Unknown,,,2460.355,3.0,,,Unknown
3915,Amit,Male,57.0,Unknown,,,1802.39,4.0,user3914@mail.com,,India
3917,Ankit,Female,39.0,Kolkata,2022-01-12,,3387.66,3.0,user3916@mail.com,9353674977,India
3918,Priya,Male,43.0,Kolkata,,2025-10-16,4802.54,3.0,,,India
3919,Unknown,Unknown,43.0,Mumbai,2024-02-27,,2460.355,1.0,,,India
C3920,Rahul,Female,56.0,Pune,2025-01-17,,2460.355,3.0,,9566163849,Australia
C3921,Ankit,Male,43.0,Bangalore,,,2460.355,3.0,,,Unknown
3922,Pooja,Unknown,43.0,Kolkata,,,3381.59,3.0,,,USA
,Pooja,Male,43.0,Delhi,,,1766.24,3.0,,,Australia
3924,Sneha,Male,43.0,Delhi,2023-10-26,,2460.355,5.0,,,India
,Unknown,Male,53.0,Ahmedabad,,,2460.355,3.0,,9776712147,Australia
C3926,Ravi,Female,30.0,Delhi,,,2460.355,3.0,user3925@mail.com,,India
3927,Simran,Male,43.0,Ahmedabad,,2025-06-22,2460.355,2.0,,,Unknown
,Priya,Male,43.0,Kolkata,2021-04-11,,2460.355,3.0,,,UK
C3929,Unknown,Female,43.0,Delhi,2024-01-16,,2460.355,3.0,,,UK
C3930,Kiran,Unknown,54.0,Hyderabad,,,1588.5,3.0,user3929@mail.com,9453409523,UK
3931,Pooja,Male,43.0,Mumbai,2023-12-09,2025-12-26,1407.28,1.0,,9609339611,Canada
3932,Pooja,Unknown,43.0,Mumbai,2021-02-14,,2460.355,1.0,,,UK
,Sneha,Male,43.0,Mumbai,2024-03-23,,2494.53,3.0,,,UK
C3934,Ravi,Male,43.0,Unknown,,,4575.83,3.0,user3933@mail.com,,Canada
3935,Unknown,Male,43.0,Ahmedabad,2021-06-29,,2460.355,3.0,,,UK
,Kiran,Male,60.0,Bangalore,,,2460.355,3.0,,,India
,Sneha,Unknown,43.0,Delhi,,,2460.355,4.0,,,UK
3938,Unknown,Unknown,43.0,Kolkata,,,2460.355,3.0,,,Unknown
,Priya,Female,43.0,Pune,,2024-12-08,2460.355,3.0,,,Canada
C3940,Priya,Male,43.0,Chennai,,,2460.355,3.0,,9972394776,USA
C3941,Sneha,Female,43.0,Chennai,,,2460.355,3.0,,9101394218,Canada
3942,Ravi,Female,43.0,Bangalore,2024-06-04,2025-06-10,2460.355,3.0,,,Australia
3943,Rahul,Male,69.0,Kolkata,2024-02-15,,2460.355,3.0,,,Unknown
C3944,Unknown,Male,43.0,Bangalore,,2025-12-06,2460.355,4.0,user3943@mail.com,,Australia
3945,Unknown,Female,52.0,Bangalore,2024-07-17,,2460.355,5.0,,,India
3946,Unknown,Female,43.0,Unknown,2024-11-05,,2460.355,3.0,,,UK
C3947,Ravi,Male,45.0,Hyderabad,,2022-02-20,3859.96,3.0,,,UK
C3948,Amit,Unknown,43.0,Bangalore,,,2460.355,3.0,,9838715825,USA
C3949,Amit,Male,43.0,Mumbai,2021-06-22,,2460.355,1.0,,,USA
3950,Ankit,Unknown,43.0,Chennai,2025-06-01,,2460.355,3.0,,9181264814,USA
3951,Simran,Male,43.0,Pune,2024-12-31,,2460.355,3.0,user3950@mail.com,,Canada
3952,Amit,Female,43.0,Mumbai,2022-01-18,2025-10-09,2460.355,3.0,,,UK
3953,Unknown,Unknown,43.0,Chennai,,2025-02-22,1104.29,3.0,user3952@mail.com,,Unknown
C3954,Pooja,Male,43.0,Ahmedabad,,,2460.355,3.0,user3953@mail.com,,USA
3955,Rahul,Unknown,43.0,Delhi,,2022-12-03,2460.355,3.0,user3954@mail.com,9437951815,India
3956,Unknown,Female,47.0,Delhi,,2022-05-01,1030.64,2.0,,,USA
,Simran,Female,43.0,Kolkata,2021-04-17,,2812.22,1.0,,9781954018,UK
,Neha,Unknown,43.0,Hyderabad,2021-12-15,,2700.59,3.0,,,India
,Simran,Female,43.0,Kolkata,2023-08-04,2025-02-28,2460.355,1.0,,,UK
3960,Ravi,Female,69.0,Hyderabad,,,2460.355,3.0,,,Canada
3961,Neha,Unknown,21.0,Unknown,,2025-10-27,2460.355,3.0,,,Unknown
3962,Unknown,Male,43.0,Hyderabad,,,2460.355,3.0,,,Australia
,Sneha,Female,43.0,Bangalore,2023-06-29,,2460.355,3.0,,9191365774,USA
3964,Sneha,Male,43.0,Hyderabad,2021-03-12,2022-04-14,1570.41,3.0,,,Unknown
C3965,Unknown,Unknown,43.0,Hyderabad,2021-12-29,,2835.63,3.0,user3964@mail.com,,USA
3966,Amit,Male,43.0,Kolkata,,,2460.355,3.0,user3965@mail.com,,UK
,Amit,Female,43.0,Bangalore,,2023-11-17,2460.355,1.0,,,Canada
3968,Ankit,Unknown,47.0,Unknown,2023-03-17,2025-05-10,3829.81,3.0,,,Unknown
3969,Amit,Male,43.0,Bangalore,,,4089.73,4.0,,,USA
3970,Unknown,Male,43.0,Bangalore,2025-01-29,,2460.355,1.0,,,USA
,Priya,Male,56.0,Delhi,,,2460.355,3.0,,,Unknown
3972,Amit,Unknown,59.0,Unknown,,,2460.355,2.0,,9696891430,Australia
3973,Pooja,Female,43.0,Bangalore,2023-05-23,,2460.355,3.0,,,India
3974,Amit,Unknown,43.0,Mumbai,2020-10-23,,2460.355,3.0,user3973@mail.com,,Unknown
3975,Pooja,Male,43.0,Ahmedabad,2023-09-09,2024-04-15,2460.355,2.0,,,USA
3976,Simran,Unknown,43.0,Kolkata,2024-10-26,,2460.355,3.0,,,Unknown
,Pooja,Female,43.0,Ahmedabad,2023-02-10,,2460.355,3.0,user3976@mail.com,,UK
C3978,Unknown,Male,43.0,Mumbai,2024-08-03,,2460.355,1.0,,,UK
3979,Amit,Male,43.0,Ahmedabad,2022-11-14,,3640.91,2.0,,9953905681,UK
,Unknown,Unknown,43.0,Mumbai,2021-05-14,,2460.355,5.0,user3979@mail.com,,USA
C3981,Ravi,Female,43.0,Hyderabad,,,2896.46,2.0,,,Unknown
3982,Priya,Female,43.0,Pune,,,4447.81,3.0,,9172149003,Canada
3983,Kiran,Unknown,43.0,Mumbai,2021-08-24,,2990.65,3.0,user3982@mail.com,,Unknown
3984,Priya,Female,43.0,Chennai,2022-05-04,2025-05-21,2460.355,3.0,,9655847753,Australia
,Sneha,Male,43.0,Hyderabad,,,2460.355,3.0,user3984@mail.com,,India
3986,Unknown,Female,61.0,Delhi,2021-02-05,,3079.71,5.0,,,India
3987,Neha,Male,43.0,Kolkata,2021-10-15,,2460.355,3.0,user3986@mail.com,,Unknown
,Kiran,Female,43.0,Ahmedabad,2023-01-20,2021-01-15,2460.355,3.0,,,UK
C3989,Neha,Female,43.0,Kolkata,,,507.95,3.0,,,India
3990,Kiran,Male,57.0,Kolkata,,,495.88,3.0,,,Canada
C3991,Neha,Unknown,43.0,Ahmedabad,,,2460.355,3.0,,9655640232,Australia
3992,Ankit,Female,43.0,Ahmedabad,2025-01-11,,2460.355,2.0,user3991@mail.com,,USA
,Kiran,Male,35.0,Kolkata,,,2460.355,3.0,,,Australia
3994,Amit,Male,43.0,Hyderabad,,,2460.355,3.0,,,India
,Amit,Male,43.0,Bangalore,,2025-07-30,2460.355,3.0,,9707228061,UK
,Rahul,Male,43.0,Pune,,,2460.355,3.0,,,Australia
,Priya,Male,43.0,Delhi,,2022-07-05,2460.355,3.0,user3996@mail.com,9844444848,Unknown
3998,Neha,Unknown,43.0,Ahmedabad,2024-09-24,2021-01-01,2984.94,3.0,,,Australia
3999,Amit,Male,43.0,Mumbai,2025-02-21,,2460.355,3.0,,,Canada
,Unknown,Female,43.0,Chennai,2025-04-27,,4197.11,3.0,,,Canada
,Unknown,Female,43.0,Chennai,,,4094.87,3.0,,,India
4002,Kiran,Unknown,43.0,Kolkata,,2021-07-30,2460.355,3.0,,9124793104,Canada
,Ankit,Unknown,43.0,Pune,2022-04-14,,2460.355,5.0,,9920668301,UK
,Pooja,Unknown,43.0,Delhi,2020-11-22,2023-01-25,2460.355,3.0,,,USA
C4005,Ankit,Male,43.0,Unknown,2021-04-01,2022-10-02,2460.355,3.0,user4004@mail.com,9694633250,India
4006,Amit,Unknown,43.0,Chennai,,2024-09-07,2616.07,3.0,,,Australia
4007,Simran,Female,43.0,Mumbai,2021-10-05,2024-03-31,2460.355,3.0,,9867664590,Canada
C4008,Amit,Unknown,43.0,Chennai,,,2460.355,3.0,,,UK
C4009,Priya,Male,36.0,Kolkata,,,2460.355,3.0,user4008@mail.com,,India
,Ankit,Unknown,43.0,Pune,2025-04-22,2024-10-30,2711.38,3.0,,,Unknown
,Amit,Female,43.0,Hyderabad,2023-02-12,2024-01-08,2460.355,3.0,,,Unknown
4012,Neha,Unknown,47.0,Unknown,,,2460.355,3.0,,,UK
4013,Kiran,Unknown,43.0,Pune,2025-03-08,,2525.94,4.0,user4012@mail.com,,Canada
4014,Simran,Unknown,43.0,Hyderabad,2021-03-09,,2460.355,3.0,user4013@mail.com,9435689283,Australia
4015,Neha,Male,43.0,Unknown,,,1012.5,3.0,user4014@mail.com,,Unknown
,Pooja,Female,43.0,Delhi,2025-05-19,,2460.355,3.0,,9693664466,UK
4017,Amit,Male,43.0,Bangalore,2023-02-22,,2460.355,3.0,,9155823981,Australia
4018,Kiran,Male,43.0,Hyderabad,,,3878.97,1.0,user4017@mail.com,,Australia
,Sneha,Female,69.0,Pune,,,2261.92,3.0,,9796700278,USA
4020,Amit,Female,43.0,Mumbai,,2025-01-18,2460.355,3.0,,9521697261,UK
4021,Priya,Female,43.0,Kolkata,,2022-11-25,1117.91,3.0,,,Unknown
,Rahul,Male,43.0,Chennai,2025-09-30,,2460.355,3.0,,,Unknown
4023,Sneha,Male,43.0,Chennai,,2025-05-26,2460.355,3.0,user4022@mail.com,,USA
,Unknown,Male,40.0,Hyderabad,2022-03-10,2021-09-19,2460.355,3.0,,,Unknown
4025,Ravi,Male,43.0,Bangalore,2021-02-04,,2460.355,3.0,,,Unknown
4026,Amit,Female,43.0,Mumbai,2021-07-03,,2460.355,3.0,,,Australia
4027,Amit,Unknown,32.0,Unknown,,,2460.355,4.0,,,USA
4028,Ankit,Unknown,25.0,Unknown,,,2460.355,4.0,,,India
C4029,Simran,Male,69.0,Mumbai,,,2460.355,3.0,user4028@mail.com,,Canada
4030,Pooja,Male,43.0,Hyderabad,,2024-09-21,2460.355,3.0,,,Canada
,Rahul,Female,43.0,Hyderabad,2024-09-30,,2553.66,3.0,,,USA
4032,Ankit,Male,43.0,Bangalore,,,2460.355,3.0,user4031@mail.com,9811199025,USA
4033,Kiran,Male,43.0,Pune,2023-02-18,2021-08-01,2460.355,1.0,user4032@mail.com,,USA
C4034,Rahul,Female,43.0,Delhi,,2022-10-14,2460.355,3.0,,,UK
,Unknown,Unknown,43.0,Kolkata,,,3773.47,3.0,,,Canada
C4036,Simran,Unknown,43.0,Bangalore,,,2460.355,3.0,,,Canada
C4037,Simran,Female,58.0,Bangalore,2021-04-14,2024-07-19,881.08,5.0,,9867929830,Australia
4038,Rahul,Male,43.0,Mumbai,2023-04-03,,1841.27,3.0,,9362957655,Canada
4039,Neha,Unknown,56.0,Pune,,,2460.355,3.0,,,India
,Rahul,Male,43.0,Pune,2025-02-11,,2428.08,3.0,,,USA
4041,Kiran,Male,43.0,Pune,,,647.41,3.0,,9490428199,India
4042,Ankit,Female,43.0,Hyderabad,2023-10-31,,2460.355,3.0,,,USA
4043,Unknown,Male,43.0,Kolkata,,,2460.355,3.0,,,India
,Neha,Female,43.0,Hyderabad,2022-11-22,,2460.355,3.0,,,Australia
,Sneha,Male,43.0,Chennai,2022-11-29,,2460.355,3.0,,,Canada
,Pooja,Unknown,54.0,Bangalore,2020-10-17,2025-05-10,2460.355,3.0,user4045@mail.com,,USA
C4047,Unknown,Male,43.0,Chennai,,,2460.355,3.0,user4046@mail.com,,Unknown
4048,Pooja,Male,43.0,Kolkata,2024-12-31,,2460.355,3.0,user4047@mail.com,,Unknown
4049,Rahul,Male,43.0,Chennai,2023-11-14,,2460.355,3.0,,,USA
,Neha,Male,43.0,Pune,2024-08-10,,2460.355,3.0,,9472386847,India
,Ankit,Unknown,43.0,Chennai,2022-07-26,2025-02-28,2460.355,3.0,,9315517409,Australia
,Neha,Male,43.0,Kolkata,2025-03-28,,455.26,1.0,,,USA
4053,Amit,Male,43.0,Mumbai,,,2460.355,3.0,user4052@mail.com,,Canada
4054,Rahul,Unknown,43.0,Kolkata,,,2039.53,3.0,,,Canada
4055,Priya,Female,43.0,Pune,,,2460.355,3.0,,,Unknown
C4056,Ankit,Male,43.0,Chennai,,,2460.355,3.0,,,USA
,Sneha,Female,43.0,Ahmedabad,,,2460.355,1.0,,,Australia
C4058,Priya,Female,43.0,Mumbai,,,2460.355,3.0,user4057@mail.com,,UK
4059,Ankit,Male,26.0,Chennai,2021-06-13,,2324.81,5.0,user4058@mail.com,,India
,Simran,Female,43.0,Pune,2024-03-30,,2460.355,3.0,,,Canada
C4061,Ravi,Female,43.0,Chennai,2022-07-13,2022-07-17,2460.355,5.0,user4060@mail.com,,USA
4062,Kiran,Unknown,43.0,Chennai,2021-07-28,2025-11-19,2460.355,3.0,,9934937540,Unknown
4063,Ankit,Male,43.0,Mumbai,2020-11-23,2025-09-12,2460.355,3.0,,,USA
,Sneha,Male,43.0,Ahmedabad,,,2460.355,3.0,user4063@mail.com,,Unknown
C4065,Ankit,Female,43.0,Unknown,,,2460.355,3.0,,,Australia
,Sneha,Female,43.0,Kolkata,,,2460.355,3.0,,9412730823,India
4067,Pooja,Unknown,43.0,Delhi,,2023-06-25,2460.355,3.0,,,UK
4068,Kiran,Female,22.0,Pune,,2021-09-12,2460.355,5.0,user4067@mail.com,,Unknown
4069,Ravi,Unknown,43.0,Pune,,,2628.73,3.0,,,UK
C4070,Simran,Male,43.0,Bangalore,2023-12-02,2022-07-14,424.11,3.0,user4069@mail.com,,Canada
C4071,Neha,Female,43.0,Hyderabad,2021-07-24,,2460.355,3.0,,,USA
4072,Simran,Male,43.0,Hyderabad,,2025-03-30,3332.36,4.0,,,Australia
C4073,Kiran,Male,43.0,Bangalore,,,2460.355,3.0,,,India
4074,Simran,Male,20.0,Hyderabad,2024-09-18,2025-12-06,2460.355,4.0,user4073@mail.com,9612708089,Canada
4075,Simran,Female,43.0,Kolkata,2020-12-08,,2460.355,3.0,,,Canada
4076,Amit,Unknown,50.0,Kolkata,2023-08-10,,2533.1,3.0,,,India
4077,Amit,Male,43.0,Kolkata,,,2460.355,4.0,,,Australia
C4078,Unknown,Female,48.0,Bangalore,2022-02-01,2024-10-01,4367.83,3.0,user4077@mail.com,,USA
4079,Sneha,Male,45.0,Hyderabad,,,4353.08,3.0,,,Unknown
4080,Ankit,Female,23.0,Unknown,,,2460.355,3.0,,9396924043,India
C4081,Sneha,Unknown,38.0,Delhi,2022-03-04,,2460.355,3.0,,,UK
,Rahul,Female,69.0,Kolkata,2023-11-02,,2460.355,3.0,user4081@mail.com,,Canada
C4083,Amit,Male,43.0,Chennai,2025-11-12,,2460.355,3.0,,,UK
C4084,Sneha,Female,40.0,Mumbai,,,2460.355,3.0,,,Australia
4085,Ravi,Female,43.0,Mumbai,2023-12-23,,249.32,3.0,,,USA
,Kiran,Unknown,43.0,Kolkata,,,2843.81,4.0,,,India
4087,Pooja,Female,43.0,Delhi,2025-06-14,,2460.355,3.0,,,Australia
,Unknown,Male,43.0,Mumbai,2024-07-09,,4144.4,1.0,,,USA
,Sneha,Male,35.0,Kolkata,,,2460.355,3.0,user4088@mail.com,,UK
C4090,Priya,Female,43.0,Hyderabad,,2024-10-26,2460.355,3.0,,9878352126,USA
C4091,Unknown,Unknown,43.0,Hyderabad,,,1360.18,3.0,,,Australia
4092,Pooja,Female,43.0,Delhi,2024-06-05,2023-06-17,2460.355,3.0,,,Canada
4093,Ankit,Female,37.0,Kolkata,2024-06-09,2021-11-15,2460.355,3.0,,,Australia
C4094,Kiran,Male,43.0,Kolkata,,,646.8,2.0,,,Canada
,Ankit,Male,43.0,Delhi,2021-01-14,,2460.355,3.0,,,Unknown
,Rahul,Male,43.0,Ahmedabad,,2025-03-03,1096.59,3.0,,,Unknown
4097,Rahul,Unknown,30.0,Bangalore,,2020-09-16,2460.355,3.0,,,Australia
4098,Pooja,Female,38.0,Delhi,,,3262.12,5.0,,,Unknown
4099,Unknown,Female,43.0,Bangalore,2024-03-15,,4520.98,5.0,,9566782919,USA
4100,Neha,Male,43.0,Mumbai,2022-06-11,,2460.355,3.0,,9300288124,Unknown
,Unknown,Male,43.0,Chennai,2024-02-20,,4293.74,5.0,,,UK
,Unknown,Unknown,43.0,Chennai,,2020-10-28,1434.07,3.0,,,Unknown
C4103,Unknown,Unknown,43.0,Unknown,,,2460.355,3.0,user4102@mail.com,,USA
C4104,Priya,Male,38.0,Kolkata,,,83.43,2.0,,9443731924,Australia
4105,Unknown,Male,43.0,Hyderabad,2020-09-12,2021-01-27,2460.355,5.0,user4104@mail.com,9874571543,Australia
4106,Sneha,Female,43.0,Unknown,,2025-11-13,2460.355,3.0,,,Unknown
C4107,Ankit,Unknown,43.0,Ahmedabad,,,4692.77,3.0,,,USA
4108,Unknown,Unknown,43.0,Unknown,2024-03-30,,2460.355,3.0,,,Australia
4109,Kiran,Female,43.0,Bangalore,2025-11-25,,2460.355,4.0,,,UK
4110,Unknown,Female,43.0,Chennai,,,4142.18,5.0,,9893478138,Australia
,Sneha,Unknown,43.0,Pune,,,2460.355,1.0,user4110@mail.com,,India
4112,Unknown,Male,43.0,Delhi,,2023-12-18,2460.355,3.0,,,India
,Simran,Male,37.0,Unknown,2025-07-14,,2460.355,3.0,,,Australia
4114,Neha,Female,43.0,Bangalore,2021-12-09,2023-12-16,2460.355,3.0,,,Canada
C4115,Sneha,Unknown,43.0,Unknown,2022-03-26,,2460.355,3.0,user4114@mail.com,,USA
,Priya,Male,43.0,Bangalore,2023-11-10,,163.26,3.0,user4115@mail.com,9680728855,Unknown
4117,Ravi,Unknown,35.0,Hyderabad,2021-12-24,,2460.355,3.0,user4116@mail.com,,Australia
4118,Ankit,Female,38.0,Chennai,,2023-09-13,2828.75,3.0,,,India
C4119,Kiran,Male,43.0,Chennai,,,2793.23,3.0,user4118@mail.com,,Australia
C4120,Ankit,Unknown,43.0,Bangalore,2020-10-17,2022-09-15,2460.355,3.0,,9941405084,Australia
4121,Simran,Female,43.0,Pune,,,2460.355,2.0,user4120@mail.com,,Unknown
4122,Rahul,Male,65.0,Pune,2024-11-20,2020-11-19,3205.77,3.0,user4121@mail.com,,Unknown
C4123,Unknown,Unknown,43.0,Unknown,,2024-10-12,2460.355,3.0,,,India
4124,Pooja,Unknown,43.0,Ahmedabad,,2022-05-07,2460.355,3.0,,,USA
,Rahul,Female,43.0,Pune,,2022-06-09,2460.355,3.0,,,Canada
4126,Priya,Female,43.0,Mumbai,,,2460.355,3.0,,,Canada
C4127,Pooja,Unknown,43.0,Mumbai,,2024-10-11,3333.3,3.0,,,India
C4128,Rahul,Unknown,42.0,Chennai,2022-03-10,,2460.355,3.0,,,Canada
4129,Rahul,Male,43.0,Unknown,2022-03-05,2023-04-28,2460.355,3.0,,,Canada
4130,Neha,Male,53.0,Kolkata,,,4575.57,3.0,user4129@mail.com,,UK
,Rahul,Female,43.0,Pune,,,2460.355,3.0,,,Unknown
C4132,Simran,Unknown,43.0,Pune,2022-03-26,2022-07-14,2460.355,3.0,,9753551300,Unknown
,Pooja,Male,43.0,Pune,2023-04-08,2024-10-23,2460.355,1.0,,,Canada
4134,Ankit,Male,69.0,Unknown,2021-09-22,,4005.08,3.0,,9614312006,Unknown
,Ankit,Female,43.0,Hyderabad,,,2460.355,3.0,user4134@mail.com,,USA
,Rahul,Unknown,43.0,Ahmedabad,,,2623.81,3.0,,9223500594,Unknown
,Pooja,Female,43.0,Hyderabad,,,2809.6,3.0,user4136@mail.com,,Canada
,Rahul,Male,43.0,Kolkata,,,1639.77,3.0,user4137@mail.com,,Unknown
,Priya,Male,43.0,Pune,,,2460.355,3.0,user4138@mail.com,9466967707,USA
4140,Unknown,Female,43.0,Kolkata,2022-03-09,2024-01-08,856.76,3.0,user4139@mail.com,,Australia
C4141,Kiran,Male,43.0,Unknown,2025-10-07,2023-10-29,2460.355,3.0,,,India
4142,Sneha,Male,43.0,Mumbai,,,4963.94,3.0,,,UK
C4143,Pooja,Male,30.0,Hyderabad,2025-07-19,,2083.48,3.0,user4142@mail.com,9679908653,UK
C4144,Priya,Male,43.0,Mumbai,,2026-01-01,4992.81,4.0,user4143@mail.com,9741573490,UK
4145,Ankit,Male,43.0,Delhi,2021-09-05,,2460.355,3.0,,,India
C4146,Sneha,Female,43.0,Delhi,2020-11-10,2025-03-25,1594.18,3.0,,9440951895,Australia
4147,Rahul,Male,43.0,Ahmedabad,,,2460.355,3.0,user4146@mail.com,,Unknown
C4148,Unknown,Male,36.0,Kolkata,2022-07-16,,2460.355,3.0,user4147@mail.com,,Australia
4149,Kiran,Female,43.0,Pune,2021-08-22,,2460.355,3.0,,9958245248,Unknown
,Amit,Male,43.0,Chennai,,,2460.355,3.0,,,Australia
C4151,Neha,Female,43.0,Mumbai,,2022-01-07,4004.97,4.0,,,India
4152,Sneha,Male,43.0,Pune,2024-02-03,,2460.355,3.0,,9801839864,USA
C4153,Amit,Female,43.0,Delhi,,,2460.355,3.0,user4152@mail.com,,India
C4154,Priya,Male,43.0,Ahmedabad,,2020-08-06,2460.355,3.0,,,Australia
C4155,Neha,Male,43.0,Hyderabad,2023-01-18,,3293.82,3.0,,,USA
,Ankit,Male,43.0,Mumbai,,,2460.355,3.0,,9903017150,UK
4157,Ankit,Female,43.0,Chennai,,,2460.355,3.0,,,UK
C4158,Pooja,Male,43.0,Bangalore,,2025-11-14,2460.355,3.0,,,USA
4159,Priya,Female,43.0,Kolkata,2024-03-04,,2460.355,3.0,,,UK
,Neha,Female,36.0,Kolkata,,,2719.35,3.0,,,USA
4161,Amit,Female,62.0,Pune,,,2460.355,1.0,user4160@mail.com,,Unknown
4162,Priya,Female,54.0,Kolkata,2025-04-01,2020-12-14,2460.355,1.0,,9834562836,USA
C4163,Priya,Male,43.0,Ahmedabad,,,2460.355,3.0,,,Australia
4164,Sneha,Female,43.0,Bangalore,,,2460.355,3.0,,,Australia
,Rahul,Female,43.0,Mumbai,2021-02-03,2026-01-25,2460.355,3.0,,,USA
4166,Ankit,Female,18.0,Hyderabad,,,2460.355,4.0,,,India
C4167,Rahul,Female,43.0,Unknown,,2020-09-09,2460.355,3.0,,,India
4168,Ravi,Male,69.0,Ahmedabad,,,2460.355,4.0,,,Unknown
4169,Neha,Female,51.0,Mumbai,,2023-09-25,944.01,4.0,user4168@mail.com,9932867854,Australia
4170,Rahul,Male,43.0,Mumbai,2022-04-20,,1351.23,1.0,,,Canada
C4171,Ravi,Male,43.0,Bangalore,2023-05-09,,2460.355,5.0,user4170@mail.com,,Unknown
,Neha,Male,43.0,Hyderabad,,2021-03-01,2460.355,3.0,user4171@mail.com,,USA
C4173,Rahul,Male,48.0,Kolkata,2023-04-21,,2460.355,3.0,,9794351646,Unknown
,Unknown,Unknown,43.0,Unknown,,2020-11-16,2460.355,3.0,user4173@mail.com,9887937691,Unknown
,Pooja,Female,43.0,Ahmedabad,2022-11-15,,2460.355,3.0,,9981379208,Unknown
4176,Neha,Female,61.0,Bangalore,2022-04-22,,2460.355,3.0,,9602801656,India
C4177,Simran,Unknown,43.0,Chennai,,,2514.95,3.0,,,Canada
C4178,Amit,Female,52.0,Ahmedabad,,,2460.355,3.0,,,Australia
4179,Unknown,Male,43.0,Mumbai,,,2460.355,3.0,,,USA
,Sneha,Male,43.0,Chennai,2023-09-13,,4492.66,3.0,user4179@mail.com,9306375787,USA
C4181,Neha,Unknown,43.0,Bangalore,2024-02-18,,2460.355,3.0,user4180@mail.com,,USA
4182,Unknown,Female,43.0,Pune,,,1813.99,3.0,,,India
,Neha,Male,43.0,Ahmedabad,,,2460.355,3.0,,,India
C4184,Kiran,Male,43.0,Hyderabad,,,2460.355,1.0,,,Canada
4185,Neha,Male,41.0,Chennai,,,2460.355,3.0,,,USA
4186,Unknown,Female,43.0,Delhi,,,2460.355,3.0,,,Unknown
C4187,Unknown,Unknown,43.0,Pune,2021-06-17,2024-07-13,2460.355,3.0,user4186@mail.com,,Canada
C4188,Ravi,Female,43.0,Ahmedabad,2025-02-28,,3811.94,3.0,user4187@mail.com,,Australia
4189,Rahul,Male,50.0,Hyderabad,2022-12-25,,2460.355,3.0,user4188@mail.com,,Australia
,Rahul,Female,52.0,Pune,2023-12-26,2025-12-09,3855.25,3.0,,,Unknown
C4191,Sneha,Unknown,56.0,Unknown,,2024-07-23,2460.355,2.0,,,UK
4192,Sneha,Unknown,43.0,Mumbai,2024-11-10,2025-08-07,2460.355,4.0,,,India
4193,Amit,Female,23.0,Pune,,2025-01-08,2460.355,3.0,,9924822903,UK
4194,Simran,Female,43.0,Mumbai,,,2460.355,3.0,,9298657489,USA
,Kiran,Unknown,43.0,Pune,2021-09-12,,4381.08,3.0,user4194@mail.com,,India
C4196,Rahul,Male,43.0,Ahmedabad,,,2460.355,3.0,,,UK
C4197,Rahul,Male,43.0,Mumbai,,,2460.355,3.0,,9170098281,USA
4198,Unknown,Female,43.0,Unknown,,,2460.355,3.0,,,UK
,Ankit,Female,43.0,Pune,2025-03-01,,4085.43,3.0,user4198@mail.com,9364196916,UK
,Simran,Female,43.0,Hyderabad,,,2460.355,3.0,,,USA
C4201,Priya,Female,43.0,Mumbai,2025-02-05,,2460.355,3.0,user4200@mail.com,,Canada
C4202,Ankit,Unknown,43.0,Chennai,2023-08-05,,2460.355,3.0,user4201@mail.com,,UK
C4203,Sneha,Unknown,43.0,Mumbai,,,2460.355,3.0,user4202@mail.com,,India
C4204,Unknown,Female,62.0,Kolkata,2020-10-20,,2460.355,3.0,user4203@mail.com,,Australia
4205,Ankit,Unknown,43.0,Chennai,,2020-12-20,2460.355,3.0,,,India
4206,Neha,Male,38.0,Pune,2025-07-10,,2460.355,3.0,,,India
4207,Ravi,Male,43.0,Hyderabad,,,2460.355,3.0,,,UK
C4208,Unknown,Male,43.0,Pune,,,725.49,3.0,,,USA
4209,Pooja,Female,64.0,Chennai,2023-08-12,,2460.355,4.0,,,Canada
C4210,Ravi,Unknown,43.0,Pune,,,2460.355,3.0,,,India
,Unknown,Female,43.0,Hyderabad,,,2460.355,3.0,,,USA
,Neha,Unknown,43.0,Mumbai,,,2460.355,3.0,user4211@mail.com,9461594048,USA
C4213,Unknown,Female,54.0,Hyderabad,,,2460.355,3.0,,,USA
4214,Pooja,Male,58.0,Unknown,,2020-10-22,2203.12,3.0,,,Australia
4215,Rahul,Unknown,43.0,Unknown,2021-09-05,,3940.26,3.0,user4214@mail.com,,USA
4216,Unknown,Unknown,43.0,Unknown,2021-10-08,2025-12-23,3318.35,3.0,user4215@mail.com,9383651992,Unknown
,Rahul,Male,54.0,Chennai,,2022-02-11,2460.355,3.0,,,Unknown
,Sneha,Female,43.0,Chennai,2024-10-19,,2460.355,3.0,user4217@mail.com,,India
,Rahul,Female,44.0,Pune,2023-12-24,,2460.355,3.0,,9782000080,India
,Unknown,Female,43.0,Hyderabad,2024-12-23,,2460.355,3.0,,,UK
C4221,Kiran,Unknown,28.0,Ahmedabad,2023-08-05,,2460.355,3.0,user4220@mail.com,9528065267,India
4222,Amit,Female,43.0,Bangalore,,,3928.62,3.0,,,UK
4223,Simran,Female,45.0,Bangalore,2025-02-09,2021-08-20,2460.355,3.0,,,UK
4224,Priya,Female,43.0,Delhi,,2024-11-24,2460.355,3.0,,,Unknown
,Kiran,Unknown,43.0,Delhi,2022-03-14,,2460.355,1.0,user4224@mail.com,,Australia
4226,Ravi,Unknown,43.0,Mumbai,,,2460.355,3.0,user4225@mail.com,,Canada
4227,Neha,Unknown,43.0,Mumbai,,2022-03-28,2460.355,1.0,,,Canada
,Ankit,Male,43.0,Bangalore,,,1974.79,1.0,,,Unknown
,Rahul,Male,43.0,Bangalore,2021-06-28,,4237.4,3.0,user4228@mail.com,9432402656,Unknown
,Unknown,Female,43.0,Pune,,,2460.355,2.0,user4229@mail.com,,India
4231,Unknown,Unknown,43.0,Mumbai,,2020-12-08,2460.355,3.0,,9635538772,Unknown
C4232,Sneha,Male,43.0,Mumbai,,2024-10-31,2460.355,3.0,,9788905579,Canada
C4233,Simran,Male,43.0,Kolkata,2023-08-27,,2460.355,3.0,,,UK
,Unknown,Unknown,43.0,Unknown,,,2460.355,3.0,,9303673762,Unknown
C4235,Sneha,Male,43.0,Delhi,2024-12-03,,2460.355,4.0,,9503908076,Unknown
C4236,Priya,Female,43.0,Chennai,,,1778.46,3.0,,,India
,Pooja,Female,43.0,Hyderabad,2024-09-13,,2460.355,3.0,user4236@mail.com,,UK
4238,Unknown,Male,47.0,Unknown,2024-10-03,,771.76,3.0,,,India
C4239,Pooja,Male,43.0,Ahmedabad,,2021-09-27,2460.355,3.0,,,UK
4240,Sneha,Female,43.0,Bangalore,,2025-01-20,502.23,3.0,,,Unknown
C4241,Sneha,Male,43.0,Pune,,,2460.355,3.0,,,Canada
4242,Amit,Male,43.0,Ahmedabad,,2023-11-30,2460.355,3.0,,9426300678,UK
C4243,Kiran,Male,43.0,Delhi,2024-05-07,,2460.355,1.0,,,USA
4244,Kiran,Female,40.0,Pune,2024-07-12,,2460.355,1.0,,9221419034,India
C4245,Kiran,Female,43.0,Bangalore,2023-11-01,,2460.355,3.0,,,India
,Rahul,Female,52.0,Mumbai,,,2460.355,3.0,,9674931879,Australia
4247,Kiran,Unknown,43.0,Pune,2025-09-13,,3322.86,3.0,,9797179058,Canada
,Ravi,Male,43.0,Unknown,,2024-01-11,2460.355,4.0,user4247@mail.com,,Unknown
,Unknown,Male,57.0,Unknown,2024-06-23,,2460.355,1.0,user4248@mail.com,,India
4250,Rahul,Unknown,43.0,Kolkata,2025-02-21,,2460.355,3.0,user4249@mail.com,,UK
4251,Kiran,Male,43.0,Delhi,2024-02-29,,2460.355,3.0,,9593780873,Australia
4252,Kiran,Female,43.0,Ahmedabad,2023-10-30,,2460.355,3.0,user4251@mail.com,9195721761,Australia
4253,Unknown,Female,43.0,Delhi,2025-12-14,2024-12-08,2460.355,3.0,user4252@mail.com,,USA
C4254,Ankit,Male,43.0,Ahmedabad,2020-10-21,,259.64,3.0,,,Canada
4255,Amit,Unknown,43.0,Mumbai,,2021-01-12,2460.355,3.0,,,Australia
,Rahul,Male,43.0,Hyderabad,,2023-06-23,56.38,3.0,,,Unknown
C4257,Pooja,Female,29.0,Hyderabad,2025-11-06,,2460.355,3.0,,,Australia
C4258,Ankit,Female,43.0,Delhi,,,2460.355,3.0,,,India
C4259,Rahul,Unknown,43.0,Kolkata,2025-06-26,,2460.355,2.0,user4258@mail.com,,UK
C4260,Pooja,Male,43.0,Hyderabad,,,2460.355,3.0,,,USA
4261,Neha,Male,64.0,Hyderabad,,,2460.355,2.0,,,UK
4262,Rahul,Female,43.0,Unknown,,2021-06-15,1142.35,3.0,,9478968407,UK
,Unknown,Unknown,26.0,Kolkata,,,2460.355,3.0,,9799147536,Canada
4264,Simran,Unknown,38.0,Unknown,,,2619.39,3.0,,,UK
C4265,Unknown,Unknown,43.0,Hyderabad,2022-02-09,,2460.355,3.0,,,Canada
,Ankit,Male,43.0,Pune,2021-04-23,,2460.355,3.0,user4265@mail.com,,Unknown
,Sneha,Unknown,43.0,Hyderabad,,2022-07-21,2460.355,4.0,,,UK
4268,Simran,Unknown,43.0,Mumbai,2025-12-26,2022-05-19,2460.355,4.0,,,India
C4269,Pooja,Male,43.0,Unknown,2021-04-26,,4153.44,3.0,,9889804817,Unknown
4270,Unknown,Female,43.0,Ahmedabad,2025-11-03,,2460.355,3.0,,,Canada
4271,Sneha,Male,65.0,Ahmedabad,2024-11-06,2023-04-24,2460.355,3.0,,9458383729,UK
4272,Amit,Female,43.0,Unknown,2025-08-02,,2460.355,3.0,,,UK
4273,Priya,Female,43.0,Kolkata,2020-11-02,,2460.355,1.0,user4272@mail.com,9394841177,Canada
,Amit,Female,43.0,Delhi,,,2460.355,3.0,,,India
4275,Rahul,Unknown,43.0,Mumbai,2023-02-21,,2460.355,4.0,,9714471851,Unknown
C4276,Simran,Female,43.0,Unknown,2025-04-22,2025-11-09,1397.82,3.0,,9546860623,Unknown
4277,Unknown,Female,43.0,Kolkata,,,927.7,5.0,,,Canada
C4278,Sneha,Female,43.0,Ahmedabad,,,2460.355,3.0,,9804830229,Canada
,Ankit,Male,43.0,Bangalore,,,2460.355,2.0,,9431400274,India
4280,Kiran,Female,43.0,Kolkata,,2023-07-09,2460.355,3.0,,,USA
C4281,Sneha,Female,51.0,Pune,2021-09-14,,2460.355,2.0,,,USA
C4282,Simran,Male,43.0,Pune,2023-04-30,,2460.355,3.0,,,India
4283,Simran,Male,43.0,Mumbai,,2020-12-27,2460.355,3.0,user4282@mail.com,,Canada
4284,Kiran,Male,43.0,Pune,2024-05-23,2022-07-22,2460.355,3.0,,9601361892,Canada
4285,Simran,Female,43.0,Pune,2022-04-30,,4798.43,3.0,,,UK
4286,Simran,Male,43.0,Kolkata,,2024-12-14,2396.2,5.0,,9654432991,India
C4287,Kiran,Male,43.0,Bangalore,,2020-12-24,2460.355,3.0,,,USA
C4288,Rahul,Unknown,59.0,Hyderabad,2022-10-21,,2460.355,3.0,,,USA
C4289,Simran,Male,28.0,Chennai,,,3984.15,3.0,,,USA
4290,Rahul,Unknown,43.0,Pune,,,4173.27,1.0,,9634762793,Canada
4291,Unknown,Female,43.0,Mumbai,2021-04-24,,2460.355,3.0,,,Unknown
4292,Unknown,Male,43.0,Bangalore,2020-10-10,,1534.65,3.0,user4291@mail.com,,Canada
C4293,Unknown,Female,43.0,Unknown,2020-12-30,,2460.355,3.0,,,Canada
,Kiran,Male,51.0,Bangalore,2025-11-27,,4772.31,1.0,,,India
4295,Priya,Unknown,38.0,Bangalore,2025-09-24,2025-05-03,1074.63,4.0,user4294@mail.com,,Australia
,Simran,Male,43.0,Ahmedabad,2022-03-12,,2460.355,3.0,user4295@mail.com,,UK
C4297,Kiran,Unknown,43.0,Bangalore,2023-10-25,2024-05-21,2460.355,2.0,,,Unknown
C4298,Rahul,Male,43.0,Hyderabad,,,2460.355,3.0,,9426152954,USA
4299,Amit,Unknown,43.0,Pune,2025-12-04,,2460.355,4.0,user4298@mail.com,9164040760,Canada
C4300,Kiran,Female,43.0,Delhi,,,2460.355,3.0,,,Australia
,Sneha,Male,55.0,Mumbai,,,2460.355,3.0,user4300@mail.com,9129158659,Canada
C4302,Sneha,Male,49.0,Delhi,,,2460.355,3.0,,9759264360,Australia
4303,Neha,Unknown,43.0,Hyderabad,,,2460.355,3.0,,,USA
,Amit,Unknown,49.0,Bangalore,,,2460.355,3.0,user4303@mail.com,,Canada
4305,Priya,Male,43.0,Pune,,2023-02-27,3680.6,3.0,user4304@mail.com,,Unknown
4306,Kiran,Female,43.0,Pune,,,2460.355,3.0,,,India
,Ravi,Female,43.0,Pune,2023-06-20,,3630.5,3.0,,,Australia
C4308,Priya,Unknown,43.0,Delhi,2022-10-08,,767.81,5.0,,,UK
4309,Kiran,Unknown,43.0,Chennai,,2025-12-23,2887.84,3.0,user4308@mail.com,,UK
C4310,Rahul,Male,43.0,Chennai,,,2460.355,3.0,,,Canada
4311,Ankit,Male,43.0,Hyderabad,,,2460.355,2.0,,,Canada
4312,Kiran,Male,43.0,Unknown,2021-10-05,2020-09-30,2460.355,2.0,,,UK
,Rahul,Female,43.0,Bangalore,,2021-06-09,2460.355,3.0,,,UK
,Rahul,Female,32.0,Mumbai,,,2460.355,5.0,,9330331533,Unknown
C4315,Pooja,Female,25.0,Ahmedabad,2024-11-02,2025-12-14,2957.01,3.0,user4314@mail.com,,Australia
C4316,Amit,Female,43.0,Delhi,2025-10-03,,1924.45,3.0,,9723875131,UK
4317,Sneha,Male,43.0,Bangalore,,,2460.355,3.0,,,USA
,Sneha,Male,43.0,Kolkata,2021-03-01,,2460.355,3.0,,9363872697,Canada
4319,Neha,Female,43.0,Unknown,,,2460.355,3.0,,9505770062,Australia
4320,Amit,Female,43.0,Delhi,2024-02-29,2021-07-05,2460.355,3.0,,,Unknown
4321,Ravi,Male,43.0,Delhi,,,2460.355,3.0,,,Unknown
4322,Sneha,Male,43.0,Delhi,,,2460.355,4.0,,9829347299,USA
4323,Pooja,Female,27.0,Bangalore,,,2460.355,3.0,,,UK
4324,Neha,Male,43.0,Mumbai,,,2460.355,5.0,,9873636983,USA
4325,Priya,Unknown,43.0,Delhi,,2023-03-14,4689.94,1.0,,,Australia
4326,Sneha,Male,43.0,Mumbai,,,116.78,3.0,,9181605435,Australia
4327,Ravi,Male,43.0,Kolkata,2021-03-25,,2460.355,3.0,user4326@mail.com,,USA
4328,Simran,Male,43.0,Delhi,,,2460.355,5.0,user4327@mail.com,,USA
C4329,Rahul,Female,43.0,Delhi,2024-02-03,,2460.355,3.0,user4328@mail.com,9814527030,Canada
,Rahul,Male,43.0,Unknown,,,2460.355,3.0,user4329@mail.com,,Unknown
C4331,Simran,Unknown,43.0,Delhi,2025-06-24,2022-10-07,893.63,3.0,,9265797363,Unknown
,Amit,Unknown,43.0,Ahmedabad,,,2460.355,2.0,user4331@mail.com,,Canada
4333,Unknown,Male,43.0,Kolkata,,,2460.355,3.0,user4332@mail.com,,India
4334,Priya,Female,43.0,Kolkata,2021-10-02,,2460.355,5.0,user4333@mail.com,9377124863,India
C4335,Simran,Male,58.0,Delhi,2021-03-03,2023-05-25,2460.355,3.0,,9175400132,UK
4336,Rahul,Unknown,43.0,Bangalore,2024-08-17,,2460.355,3.0,user4335@mail.com,,Canada
,Kiran,Female,32.0,Delhi,2025-07-16,2025-09-24,2460.355,2.0,,,Unknown
4338,Sneha,Female,43.0,Delhi,,,2460.355,3.0,,9458355922,USA
4339,Simran,Female,42.0,Hyderabad,2024-02-14,2023-09-24,2460.355,3.0,user4338@mail.com,,Canada
4340,Ankit,Female,43.0,Chennai,,,2460.355,3.0,,,UK
4341,Unknown,Female,43.0,Mumbai,,2022-01-09,2460.355,3.0,user4340@mail.com,,Canada
C4342,Ankit,Male,43.0,Chennai,,2021-10-28,2460.355,3.0,,,UK
,Rahul,Male,43.0,Unknown,2025-11-23,2021-08-13,2460.355,3.0,,9339576750,Unknown
4344,Unknown,Female,43.0,Ahmedabad,,,1010.0,3.0,user4343@mail.com,9787949625,India
4345,Unknown,Male,43.0,Delhi,2024-02-15,,3115.01,3.0,,,Canada
4346,Unknown,Male,43.0,Chennai,,2025-03-21,2460.355,3.0,,,USA
,Unknown,Unknown,69.0,Mumbai,2021-12-15,,4560.51,2.0,user4346@mail.com,9644413655,Australia
4348,Unknown,Female,43.0,Kolkata,2022-03-28,,2460.355,4.0,,,Australia
C4349,Neha,Male,43.0,Pune,,2023-09-01,2460.355,3.0,,,USA
4350,Unknown,Male,43.0,Chennai,,2023-04-11,2460.355,3.0,,9574437789,Canada
4351,Ravi,Unknown,43.0,Hyderabad,,,2460.355,3.0,user4350@mail.com,,Unknown
4352,Simran,Male,32.0,Ahmedabad,2021-05-30,2021-10-04,2460.355,3.0,,,UK
C4353,Priya,Unknown,43.0,Hyderabad,2024-12-17,2022-10-18,2460.355,3.0,,,Unknown
4354,Sneha,Unknown,43.0,Chennai,2022-09-24,,2460.355,3.0,,,India
4355,Ankit,Male,43.0,Bangalore,,2023-03-23,2460.355,3.0,,,UK
,Sneha,Male,65.0,Delhi,2020-12-05,,791.43,3.0,,,Australia
C4357,Unknown,Male,43.0,Pune,,2020-10-23,2460.355,3.0,,,USA
,Kiran,Male,43.0,Delhi,,,4905.82,3.0,,,UK
,Kiran,Female,43.0,Hyderabad,,2025-03-05,2460.355,3.0,,,Unknown
,Unknown,Female,45.0,Mumbai,2021-06-30,2022-10-14,2460.355,3.0,,9195192062,Australia
,Pooja,Male,35.0,Kolkata,,2022-11-11,2460.355,3.0,user4360@mail.com,,India
,Ankit,Male,43.0,Mumbai,,,2857.17,3.0,user4361@mail.com,,Australia
C4363,Sneha,Male,43.0,Kolkata,,,753.53,4.0,,9196726463,Unknown
C4364,Amit,Unknown,43.0,Ahmedabad,2021-07-29,,1284.14,1.0,user4363@mail.com,,Unknown
4365,Sneha,Unknown,43.0,Delhi,2025-07-18,,3197.28,3.0,,,India
4366,Rahul,Female,43.0,Kolkata,2020-12-11,,2460.355,3.0,,9932275814,UK
4367,Ravi,Unknown,39.0,Mumbai,2022-12-19,,2460.355,3.0,,9865734761,India
C4368,Kiran,Female,43.0,Hyderabad,2024-02-17,2020-10-17,2460.355,3.0,user4367@mail.com,9599218880,Canada
C4369,Pooja,Unknown,43.0,Mumbai,,,2460.355,2.0,,,Unknown
,Priya,Unknown,43.0,Pune,2025-07-21,,2460.355,3.0,,,Unknown
4371,Sneha,Female,43.0,Unknown,,,2460.355,3.0,,,UK
,Ravi,Male,43.0,Unknown,2022-01-03,,2460.355,3.0,,,Australia
4373,Amit,Female,43.0,Mumbai,2022-05-11,,2460.355,3.0,,,UK
C4374,Rahul,Unknown,43.0,Chennai,,,2460.355,5.0,user4373@mail.com,,Canada
,Priya,Female,43.0,Delhi,2025-03-25,2022-03-14,2460.355,3.0,user4374@mail.com,,Canada
4376,Amit,Male,43.0,Ahmedabad,2023-04-23,,2460.355,3.0,user4375@mail.com,9421469790,UK
,Sneha,Female,43.0,Ahmedabad,2023-03-03,,2460.355,3.0,,,Canada
4378,Ravi,Male,63.0,Kolkata,,,2460.355,2.0,,,Australia
4379,Amit,Female,43.0,Delhi,,,2460.355,3.0,user4378@mail.com,9965567724,UK
4380,Sneha,Unknown,62.0,Unknown,2020-12-25,,177.66,3.0,user4379@mail.com,,Unknown
,Pooja,Male,33.0,Hyderabad,2022-02-27,,2460.355,3.0,,9937407124,Canada
4382,Simran,Female,43.0,Ahmedabad,2021-06-25,2024-08-20,2460.355,3.0,user4381@mail.com,9799440615,Unknown
,Priya,Unknown,43.0,Mumbai,,,2460.355,3.0,user4382@mail.com,,Australia
4384,Neha,Male,43.0,Ahmedabad,,,2460.355,3.0,,9480396766,UK
C4385,Sneha,Male,43.0,Mumbai,,2025-06-23,2460.355,3.0,user4384@mail.com,9508219386,Australia
,Neha,Male,43.0,Delhi,2024-10-18,,1426.77,2.0,,9165112462,Unknown
,Unknown,Female,43.0,Delhi,2024-04-02,,2460.355,3.0,user4386@mail.com,,Australia
4388,Unknown,Female,66.0,Unknown,,,4052.55,3.0,,,Australia
4389,Rahul,Unknown,43.0,Hyderabad,2022-09-30,2025-05-29,1747.69,3.0,,,Canada
4390,Pooja,Male,43.0,Delhi,2023-10-29,2024-03-07,2460.355,5.0,,,UK
4391,Neha,Male,63.0,Mumbai,,,2460.355,3.0,user4390@mail.com,9544011894,India
C4392,Ankit,Unknown,43.0,Delhi,2023-08-12,,3082.17,4.0,,,Unknown
4393,Neha,Male,43.0,Delhi,2024-09-27,,4630.51,3.0,,9213278656,India
C4394,Simran,Male,43.0,Pune,,,2460.355,1.0,,9983529127,Canada
,Ravi,Female,43.0,Delhi,,,2460.355,3.0,user4394@mail.com,,Unknown
C4396,Ravi,Male,43.0,Chennai,,2022-12-13,2460.355,3.0,,,USA
4397,Kiran,Male,43.0,Unknown,,,979.5,3.0,user4396@mail.com,9603556333,USA
,Rahul,Male,30.0,Bangalore,,,2460.355,3.0,,,Australia
,Unknown,Female,43.0,Chennai,,2024-01-18,2460.355,3.0,,,India
4400,Priya,Unknown,43.0,Bangalore,2023-03-31,,2638.95,3.0,,,UK
4401,Unknown,Male,43.0,Unknown,2021-11-05,2023-06-22,2460.355,3.0,,,Unknown
C4402,Unknown,Male,43.0,Unknown,,,2460.355,3.0,user4401@mail.com,,Unknown
4403,Rahul,Male,43.0,Pune,,2024-04-11,2460.355,3.0,,,Canada
4404,Sneha,Male,43.0,Unknown,,2021-09-15,2460.355,3.0,,,UK
,Amit,Female,43.0,Kolkata,2022-06-05,,2460.355,3.0,,,USA
4406,Amit,Male,52.0,Delhi,2024-05-01,,157.64,3.0,,9633665122,Unknown
,Priya,Female,49.0,Kolkata,2025-10-12,2022-05-25,2460.355,1.0,user4406@mail.com,,USA
C4408,Amit,Male,60.0,Kolkata,,,2460.355,2.0,,,UK
4409,Simran,Female,43.0,Mumbai,,,2239.97,3.0,user4408@mail.com,9253463828,Unknown
,Unknown,Female,43.0,Chennai,2026-01-10,2023-02-06,2460.355,3.0,user4409@mail.com,,USA
C4411,Pooja,Male,45.0,Ahmedabad,,2021-05-27,2460.355,3.0,,,UK
4412,Sneha,Male,43.0,Pune,,,3375.26,1.0,,9378662993,USA
4413,Unknown,Male,43.0,Pune,2021-01-15,,2460.355,3.0,user4412@mail.com,9503876865,India
4414,Simran,Unknown,43.0,Chennai,2024-01-23,,2460.355,3.0,user4413@mail.com,,India
C4415,Pooja,Unknown,43.0,Unknown,2024-07-13,,2460.355,3.0,,,Australia
4416,Unknown,Unknown,43.0,Bangalore,,,1757.23,3.0,,9926945313,Canada
4417,Ravi,Unknown,52.0,Chennai,2025-05-28,2024-04-03,2460.355,3.0,,,Unknown
C4418,Unknown,Female,43.0,Chennai,2021-02-01,2025-08-18,2460.355,3.0,,9966690525,Canada
4419,Unknown,Male,43.0,Delhi,,2022-08-26,2460.355,3.0,,9994254985,USA
C4420,Ankit,Male,43.0,Kolkata,2022-12-07,,1916.88,3.0,,,Unknown
4421,Neha,Female,43.0,Chennai,,,2460.355,3.0,,9420980814,India
,Neha,Male,43.0,Unknown,,2025-09-14,907.41,3.0,user4421@mail.com,9305278887,Australia
C4423,Neha,Male,43.0,Bangalore,2025-05-10,,2460.355,3.0,,,Canada
4424,Kiran,Female,43.0,Unknown,2024-10-01,,2460.355,3.0,,9464030313,India
4425,Unknown,Female,60.0,Chennai,2024-03-16,,2460.355,3.0,,,Unknown
C4426,Amit,Female,43.0,Ahmedabad,2021-10-22,2025-10-10,2460.355,3.0,,9361616186,Unknown
C4427,Unknown,Unknown,43.0,Bangalore,,,2460.355,3.0,,,India
,Sneha,Male,43.0,Bangalore,,,2460.355,3.0,,,India
4429,Sneha,Male,43.0,Unknown,,,3375.38,3.0,,,Canada
4430,Priya,Female,43.0,Ahmedabad,,,2460.355,3.0,user4429@mail.com,9904888153,Unknown
4431,Sneha,Female,43.0,Unknown,,,2460.355,5.0,,,India
4432,Kiran,Male,43.0,Pune,2024-10-16,,2460.355,4.0,,,India
,Pooja,Unknown,70.0,Delhi,,2022-12-26,2460.355,3.0,,,Canada
,Unknown,Unknown,43.0,Hyderabad,2020-08-13,,3045.72,3.0,,,Australia
,Ankit,Male,43.0,Ahmedabad,2021-12-12,2022-04-23,2460.355,3.0,,,India
4436,Pooja,Unknown,43.0,Bangalore,,,2460.355,3.0,user4435@mail.com,9846141034,Unknown
4437,Neha,Unknown,44.0,Kolkata,2022-09-30,,2460.355,3.0,user4436@mail.com,9777096149,Australia
4438,Ravi,Male,43.0,Hyderabad,2021-01-29,,2460.355,3.0,,,India
,Priya,Unknown,43.0,Delhi,,2021-10-03,2460.355,3.0,,,Australia
C4440,Neha,Female,43.0,Pune,,2021-12-30,3686.94,3.0,,,India
,Simran,Female,60.0,Hyderabad,2025-12-04,,2543.57,3.0,,,Unknown
C4442,Pooja,Unknown,50.0,Hyderabad,,,2460.355,3.0,,,Australia
C4443,Kiran,Female,53.0,Bangalore,,,2460.355,3.0,,,USA
4444,Rahul,Female,43.0,Mumbai,,,2460.355,1.0,,,Australia
C4445,Simran,Male,43.0,Ahmedabad,2021-11-05,,2460.355,3.0,,,UK
C4446,Rahul,Female,43.0,Ahmedabad,,2022-04-04,2460.355,3.0,,,India
4447,Unknown,Female,22.0,Kolkata,,,2460.355,5.0,,,UK
C4448,Unknown,Male,43.0,Unknown,,,2460.355,3.0,user4447@mail.com,,UK
4449,Ravi,Male,43.0,Pune,,2025-12-14,2460.355,2.0,user4448@mail.com,,Unknown
4450,Simran,Male,43.0,Delhi,,2023-03-18,2460.355,1.0,,,Australia
C4451,Unknown,Male,43.0,Hyderabad,,2025-07-29,298.19,3.0,,9864066996,Canada
,Kiran,Male,43.0,Pune,2022-01-26,,2460.355,1.0,,,Australia
,Neha,Male,43.0,Pune,,2025-11-10,2460.355,3.0,user4452@mail.com,,Canada
4454,Unknown,Male,43.0,Kolkata,2021-07-15,,2460.355,3.0,,9764248809,Australia
4455,Priya,Female,43.0,Ahmedabad,,,2460.355,3.0,user4454@mail.com,,Australia
C4456,Unknown,Female,43.0,Hyderabad,,2024-08-17,2460.355,3.0,,,Australia
C4457,Pooja,Male,43.0,Hyderabad,2020-12-12,2025-01-17,2460.355,3.0,,9125843146,Australia
,Simran,Unknown,43.0,Pune,2021-10-25,2025-09-08,266.81,3.0,user4457@mail.com,,UK
4459,Amit,Female,43.0,Pune,2023-03-06,2023-07-03,3255.83,3.0,,,UK
4460,Kiran,Female,43.0,Mumbai,,2023-05-29,2460.355,3.0,,,Australia
C4461,Simran,Unknown,43.0,Chennai,2020-09-03,2025-10-06,2460.355,3.0,,9179163299,USA
4462,Unknown,Male,43.0,Unknown,2023-06-02,,2460.355,3.0,,9110504390,Canada
4463,Unknown,Female,43.0,Hyderabad,,,2460.355,3.0,,,Canada
,Ankit,Unknown,43.0,Delhi,2023-07-25,,2460.355,3.0,user4463@mail.com,,Australia
4465,Sneha,Male,43.0,Unknown,2021-03-11,,1340.16,3.0,,9583330174,USA
4466,Priya,Unknown,60.0,Bangalore,2025-06-29,2020-09-26,2460.355,3.0,,9196671762,USA
,Amit,Male,22.0,Unknown,,,1694.78,3.0,,,Canada
4468,Pooja,Male,43.0,Ahmedabad,2024-02-07,,2460.355,3.0,,,USA
4469,Neha,Unknown,43.0,Pune,2021-09-10,2025-08-15,3812.67,1.0,user4468@mail.com,,UK
4470,Simran,Female,43.0,Ahmedabad,2024-12-31,,2460.355,3.0,,,UK
C4471,Unknown,Unknown,43.0,Ahmedabad,,2024-06-29,2460.355,3.0,user4470@mail.com,,Canada
C4472,Sneha,Unknown,43.0,Ahmedabad,,,2460.355,5.0,user4471@mail.com,9182883845,Canada
4473,Sneha,Unknown,43.0,Hyderabad,,2021-12-21,2460.355,4.0,,,Australia
4474,Ankit,Male,37.0,Pune,,2022-11-24,805.15,3.0,,,UK
,Sneha,Male,57.0,Pune,2020-11-28,2023-03-02,2460.355,3.0,,,Australia
4476,Unknown,Female,43.0,Bangalore,2022-09-09,2020-12-05,2460.355,3.0,user4475@mail.com,,Australia
,Unknown,Unknown,43.0,Unknown,2023-12-15,,3230.6,3.0,,9282646599,Australia
4478,Unknown,Female,41.0,Pune,,2022-01-24,3978.48,3.0,,9167575794,USA
4479,Pooja,Male,43.0,Chennai,,,2460.355,3.0,,,Unknown
C4480,Ankit,Unknown,43.0,Chennai,,2022-05-31,2460.355,3.0,user4479@mail.com,,India
4481,Sneha,Female,43.0,Kolkata,2024-08-02,,2460.355,1.0,user4480@mail.com,,USA
4482,Simran,Male,43.0,Ahmedabad,,2023-12-05,2460.355,3.0,,,Australia
4483,Priya,Unknown,43.0,Unknown,2025-10-02,2023-01-19,2460.355,3.0,,,USA
4484,Unknown,Female,43.0,Kolkata,2024-11-18,,2460.355,3.0,,9232931755,UK
,Ankit,Unknown,43.0,Ahmedabad,,,2460.355,1.0,user4484@mail.com,,UK
C4486,Sneha,Unknown,41.0,Kolkata,,,2460.355,2.0,,9545376055,Australia
4487,Ankit,Male,34.0,Unknown,,,2460.355,3.0,,,India
,Kiran,Female,43.0,Unknown,2024-09-06,,2460.355,3.0,,,Unknown
C4489,Priya,Unknown,43.0,Bangalore,,,2460.355,3.0,,9258634051,Unknown
4490,Priya,Female,43.0,Delhi,2023-05-30,2023-01-27,358.25,3.0,,,India
C4491,Neha,Unknown,31.0,Bangalore,2023-05-21,,2460.355,3.0,user4490@mail.com,,USA
,Ravi,Male,43.0,Bangalore,2020-10-09,,1974.46,3.0,user4491@mail.com,9370520065,Australia
4493,Amit,Female,43.0,Mumbai,,,1236.03,3.0,,,India
4494,Sneha,Female,43.0,Delhi,,2023-07-01,1975.94,3.0,user4493@mail.com,,Australia
C4495,Unknown,Female,43.0,Pune,2024-04-24,,2803.72,3.0,,,USA
C4496,Ravi,Male,43.0,Ahmedabad,2023-05-29,,2460.355,3.0,,,Unknown
,Simran,Female,43.0,Chennai,2022-05-01,2020-08-31,2460.355,3.0,,9778451262,Australia
C4498,Unknown,Female,43.0,Hyderabad,,2022-02-24,2460.355,1.0,user4497@mail.com,,Canada
4499,Rahul,Male,43.0,Mumbai,2021-07-12,2023-10-15,2460.355,3.0,,,Australia
C4500,Unknown,Male,43.0,Ahmedabad,,,2460.355,3.0,,,Australia
4501,Neha,Unknown,43.0,Kolkata,2023-03-20,,65.27,3.0,,,Australia
,Unknown,Male,66.0,Ahmedabad,2024-04-01,,2460.355,3.0,user4501@mail.com,,Canada
4503,Neha,Female,43.0,Mumbai,2026-01-22,,4384.25,3.0,user4502@mail.com,,Unknown
4504,Ravi,Male,43.0,Hyderabad,2024-04-11,2025-01-09,2460.355,3.0,,,UK
4505,Unknown,Unknown,43.0,Mumbai,,2021-10-25,3438.52,3.0,,,Canada
4506,Amit,Female,43.0,Ahmedabad,2021-07-14,2020-10-04,2683.12,3.0,,9966019446,Unknown
C4507,Priya,Unknown,43.0,Bangalore,,,312.0,3.0,user4506@mail.com,9100381609,Unknown
4508,Rahul,Female,23.0,Bangalore,2022-12-04,,2460.355,3.0,user4507@mail.com,,India
4509,Kiran,Female,43.0,Delhi,2022-09-07,,2460.355,3.0,,,Canada
4510,Sneha,Female,43.0,Ahmedabad,,,2460.355,3.0,,,Canada
4511,Unknown,Male,63.0,Kolkata,2021-05-26,,2460.355,3.0,user4510@mail.com,9496167111,UK
4512,Rahul,Unknown,43.0,Unknown,2020-11-04,,2460.355,3.0,,9854577762,Canada
4513,Rahul,Unknown,43.0,Pune,2021-04-22,,2460.355,3.0,,,India
4514,Unknown,Male,43.0,Mumbai,,2025-09-05,2460.355,2.0,,,UK
,Ravi,Unknown,43.0,Ahmedabad,2025-05-21,,2460.355,3.0,,9776567450,UK
C4516,Rahul,Unknown,43.0,Unknown,,,3128.03,3.0,,9876448779,Unknown
C4517,Unknown,Female,45.0,Kolkata,2023-06-11,,2460.355,3.0,,,Unknown
4518,Ankit,Male,43.0,Ahmedabad,,,2460.355,2.0,,,Unknown
4519,Amit,Female,43.0,Chennai,2025-01-11,,2460.355,3.0,user4518@mail.com,9968669287,India
,Rahul,Male,43.0,Mumbai,,,2460.355,3.0,,9625256505,USA
4521,Amit,Unknown,43.0,Hyderabad,,2025-12-17,2460.355,4.0,user4520@mail.com,,Unknown
4522,Unknown,Female,43.0,Hyderabad,,,2460.355,3.0,,,Unknown
4523,Priya,Female,52.0,Bangalore,2021-03-19,,2460.355,4.0,user4522@mail.com,,Australia
4524,Amit,Female,43.0,Ahmedabad,,,2460.355,3.0,user4523@mail.com,,India
4525,Neha,Unknown,43.0,Hyderabad,,,2460.355,3.0,,,India
4526,Rahul,Unknown,43.0,Bangalore,2022-11-16,,2460.355,3.0,user4525@mail.com,,India
4527,Neha,Female,43.0,Bangalore,2025-07-02,,2460.355,3.0,user4526@mail.com,,Australia
,Unknown,Unknown,43.0,Hyderabad,,,2460.355,3.0,,,UK
,Neha,Unknown,43.0,Kolkata,2024-12-14,,2460.355,3.0,,,USA
4530,Unknown,Female,32.0,Pune,,,2460.355,2.0,,9540216064,UK
4531,Ankit,Male,43.0,Kolkata,,,2460.355,3.0,,,Australia
4532,Sneha,Unknown,43.0,Hyderabad,,2023-06-15,2460.355,5.0,,,USA
4533,Neha,Male,66.0,Hyderabad,,,58.14,3.0,,,Australia
4534,Neha,Unknown,43.0,Mumbai,2022-10-30,,2460.355,3.0,,,UK
4535,Ravi,Female,66.0,Delhi,2024-09-16,,2460.355,3.0,,9696077447,Unknown
,Neha,Unknown,43.0,Delhi,,2023-04-05,3162.3,3.0,,9299326077,India
4537,Ravi,Unknown,43.0,Pune,2021-12-21,,2460.355,1.0,,,Canada
,Pooja,Male,43.0,Delhi,2020-09-11,2021-05-03,2460.355,3.0,,,UK
4539,Kiran,Unknown,43.0,Unknown,2024-03-29,,2460.355,3.0,,,Unknown
,Ravi,Male,54.0,Hyderabad,2024-12-01,,2460.355,3.0,,9452672107,Canada
,Unknown,Male,43.0,Unknown,,,2460.355,3.0,user4540@mail.com,,USA
C4542,Ankit,Male,43.0,Unknown,2021-12-24,,2460.355,3.0,user4541@mail.com,9139743549,Unknown
4543,Kiran,Female,43.0,Delhi,,,2460.355,3.0,user4542@mail.com,,USA
C4544,Ravi,Female,43.0,Ahmedabad,,,2460.355,3.0,,,India
,Priya,Unknown,43.0,Delhi,,,2460.355,3.0,,,Canada
C4546,Pooja,Female,43.0,Unknown,2022-04-24,,2460.355,1.0,user4545@mail.com,,UK
,Unknown,Female,44.0,Kolkata,,2021-06-09,1376.82,3.0,,,Unknown
C4548,Kiran,Male,43.0,Ahmedabad,2023-02-11,,2460.355,3.0,user4547@mail.com,9691365102,Unknown
4549,Unknown,Female,59.0,Hyderabad,,,2460.355,3.0,,,UK
C4550,Ankit,Male,43.0,Pune,,,2460.355,3.0,,9258016497,USA
4551,Simran,Male,43.0,Kolkata,2023-06-22,,2460.355,3.0,,9195272549,Unknown
,Amit,Unknown,43.0,Chennai,2025-06-06,,2460.355,3.0,,,Australia
4553,Rahul,Unknown,43.0,Pune,2021-04-25,,2460.355,3.0,,,India
4554,Ankit,Female,67.0,Pune,,,1163.28,3.0,,,USA
4555,Kiran,Female,43.0,Ahmedabad,2020-12-02,,2460.355,3.0,,,USA
,Neha,Female,23.0,Unknown,2024-05-19,2020-12-11,2460.355,3.0,,,India
C4557,Ankit,Female,45.0,Kolkata,,,2460.355,3.0,,,Australia
,Simran,Unknown,65.0,Chennai,,2024-03-15,2460.355,3.0,,,Australia
4559,Unknown,Male,43.0,Ahmedabad,2022-02-06,,2460.355,3.0,,,Unknown
C4560,Unknown,Male,62.0,Delhi,2025-02-01,2025-07-28,2460.355,3.0,,,Unknown
4561,Pooja,Male,43.0,Delhi,2025-08-28,2023-02-11,2460.355,3.0,,9963291939,Canada
4562,Unknown,Male,43.0,Delhi,2025-02-23,,2460.355,3.0,,,Unknown
4563,Priya,Unknown,43.0,Delhi,2021-09-10,,2460.355,5.0,user4562@mail.com,,Australia
,Ankit,Female,43.0,Ahmedabad,2024-09-07,,3176.61,3.0,,,Australia
4565,Pooja,Female,43.0,Ahmedabad,,,2460.355,3.0,,,Australia
C4566,Unknown,Unknown,28.0,Pune,,,2460.355,3.0,user4565@mail.com,,Australia
C4567,Pooja,Unknown,61.0,Kolkata,2020-11-13,,2460.355,3.0,,,USA
C4568,Pooja,Female,43.0,Delhi,,,2460.355,3.0,,,Unknown
4569,Unknown,Unknown,43.0,Unknown,,,4374.25,3.0,,,Unknown
4570,Rahul,Unknown,43.0,Pune,,2020-09-11,2460.355,3.0,,,Australia
4571,Unknown,Male,43.0,Ahmedabad,2023-04-05,2021-10-31,2460.355,3.0,user4570@mail.com,,Australia
4572,Priya,Female,33.0,Bangalore,,,2460.355,3.0,,,Canada
,Rahul,Female,43.0,Kolkata,,2025-07-15,2460.355,3.0,,9693503303,India
4574,Simran,Male,43.0,Mumbai,2023-09-30,,2460.355,3.0,,9491698685,Unknown
4575,Rahul,Male,39.0,Delhi,,2024-07-10,2460.355,3.0,user4574@mail.com,,India
,Kiran,Female,38.0,Unknown,2021-11-11,,2460.355,3.0,user4575@mail.com,,USA
4577,Rahul,Female,69.0,Pune,2023-01-26,,2460.355,3.0,,,UK
4578,Unknown,Unknown,43.0,Delhi,2024-04-24,,4735.15,3.0,,,India
,Simran,Male,29.0,Mumbai,2022-09-29,,87.42,3.0,,9747525058,Australia
,Ravi,Male,43.0,Bangalore,,,2460.355,5.0,user4579@mail.com,,USA
4581,Pooja,Female,43.0,Chennai,2024-02-18,,2460.355,3.0,,,UK
4582,Pooja,Female,43.0,Pune,,,462.5,5.0,,,Unknown
C4583,Pooja,Unknown,43.0,Pune,2022-03-19,2024-08-28,2460.355,4.0,,,India
,Pooja,Unknown,43.0,Hyderabad,2021-12-09,,2460.355,3.0,,,Australia
4585,Sneha,Female,59.0,Delhi,2021-09-30,2021-06-01,2460.355,3.0,,9473401879,Unknown
4586,Neha,Male,43.0,Mumbai,,,2460.355,3.0,,,Unknown
C4587,Pooja,Male,67.0,Pune,2023-05-19,,2460.355,3.0,,9973247446,UK
,Unknown,Female,43.0,Chennai,,,2460.355,3.0,,9649782646,Canada
4589,Kiran,Male,43.0,Mumbai,,,2460.355,3.0,,,Australia
C4590,Simran,Female,46.0,Ahmedabad,,,2460.355,3.0,,,Australia
C4591,Ravi,Unknown,28.0,Chennai,,2023-06-20,2460.355,3.0,,,India
4592,Priya,Male,43.0,Unknown,,,2460.355,3.0,user4591@mail.com,,UK
4593,Neha,Male,59.0,Unknown,2023-11-11,,2460.355,3.0,,,USA
4594,Neha,Male,60.0,Unknown,2022-04-18,,2460.355,3.0,user4593@mail.com,,UK
4595,Priya,Unknown,63.0,Mumbai,,,4377.7,3.0,user4594@mail.com,,Canada
4596,Amit,Female,43.0,Pune,2021-01-28,,3830.83,3.0,,,USA
C4597,Sneha,Male,43.0,Chennai,,,2460.355,5.0,,,India
4598,Priya,Male,43.0,Pune,2024-04-15,,2460.355,3.0,user4597@mail.com,,Canada
,Unknown,Female,43.0,Hyderabad,,,2460.355,3.0,,,UK
4600,Priya,Male,43.0,Pune,2021-10-03,,2460.355,3.0,,,Canada
C4601,Sneha,Unknown,43.0,Bangalore,2024-06-19,2021-08-05,2460.355,3.0,,,UK
4602,Neha,Male,43.0,Pune,2021-03-29,,2460.355,3.0,,,Canada
,Simran,Female,43.0,Kolkata,,2020-12-09,2460.355,3.0,,9343605326,Canada
4604,Ankit,Female,43.0,Hyderabad,2026-01-08,,2460.355,3.0,,,India
C4605,Unknown,Male,43.0,Kolkata,,2025-04-12,2460.355,3.0,user4604@mail.com,,USA
4606,Neha,Female,43.0,Pune,,,2460.355,5.0,,,USA
C4607,Ankit,Female,43.0,Delhi,2024-08-26,,2460.355,3.0,,,USA
4608,Ankit,Male,43.0,Chennai,2023-04-01,2021-10-26,3021.0,3.0,user4607@mail.com,9545926313,UK
4609,Kiran,Female,43.0,Bangalore,2024-04-15,,2460.355,3.0,user4608@mail.com,,Unknown
4610,Sneha,Unknown,52.0,Delhi,2023-11-13,,2460.355,3.0,,,Unknown
4611,Ravi,Unknown,59.0,Kolkata,2021-03-04,,4351.72,3.0,,,USA
C4612,Unknown,Male,43.0,Chennai,2024-12-20,,592.92,3.0,,9832685178,USA
C4613,Ankit,Male,38.0,Bangalore,2023-04-04,,2460.355,3.0,,,Unknown
4614,Simran,Unknown,43.0,Bangalore,,,961.52,1.0,user4613@mail.com,,Unknown
4615,Sneha,Female,43.0,Chennai,2023-11-06,2023-06-26,2460.355,3.0,,,India
C4616,Sneha,Female,43.0,Unknown,2025-03-22,2022-11-23,4351.37,3.0,,,Canada
4617,Sneha,Female,23.0,Mumbai,,,2460.355,3.0,user4616@mail.com,,India
4618,Ankit,Female,43.0,Bangalore,,,2460.355,3.0,user4617@mail.com,,USA
4619,Sneha,Unknown,43.0,Chennai,,,2460.355,3.0,,,Australia
4620,Simran,Male,45.0,Ahmedabad,2020-09-04,,3125.45,3.0,,,Canada
4621,Simran,Unknown,43.0,Delhi,2021-01-05,,2460.355,3.0,,9605234171,India
C4622,Ankit,Unknown,43.0,Kolkata,2023-09-03,,2460.355,3.0,user4621@mail.com,,UK
4623,Rahul,Female,43.0,Bangalore,,,2460.355,3.0,,,UK
4624,Kiran,Unknown,35.0,Mumbai,2020-12-15,,2460.355,3.0,,,Canada
C4625,Unknown,Male,43.0,Hyderabad,,,3045.64,3.0,,,India
,Kiran,Female,35.0,Pune,2022-11-22,2021-02-02,2460.355,4.0,user4625@mail.com,,India
C4627,Rahul,Female,43.0,Chennai,2023-05-14,2022-10-23,4039.16,4.0,user4626@mail.com,,Australia
4628,Priya,Male,43.0,Unknown,,2021-06-22,2460.355,3.0,user4627@mail.com,,Australia
,Simran,Male,29.0,Bangalore,,2021-03-22,2460.355,3.0,,,Unknown
,Simran,Unknown,29.0,Pune,,,2460.355,4.0,user4629@mail.com,,India
C4631,Sneha,Male,43.0,Pune,,,2460.355,3.0,,,Unknown
,Unknown,Male,43.0,Kolkata,2022-02-07,,2460.355,1.0,,9218995103,India
4633,Simran,Male,24.0,Pune,,,2460.355,3.0,,,USA
4634,Ravi,Female,43.0,Mumbai,,2022-01-18,4854.25,3.0,,,Unknown
4635,Kiran,Unknown,43.0,Delhi,2021-11-07,2022-07-02,2460.355,3.0,,,Unknown
C4636,Neha,Male,43.0,Chennai,2021-11-02,2020-08-22,2460.355,3.0,,,Unknown
,Ankit,Male,43.0,Bangalore,,,4014.36,3.0,,9647626550,Australia
4638,Ravi,Female,18.0,Delhi,,2024-09-25,2460.355,4.0,,9765263745,India
4639,Neha,Unknown,43.0,Delhi,2024-03-01,,2460.355,3.0,,,Australia
4640,Rahul,Male,43.0,Chennai,2023-06-23,2025-10-22,2460.355,3.0,,,India
C4641,Amit,Male,58.0,Unknown,2021-05-28,,3743.55,3.0,,9445881760,Unknown
,Sneha,Unknown,43.0,Delhi,,,2460.355,4.0,user4641@mail.com,,India
C4643,Kiran,Male,43.0,Hyderabad,2020-12-06,2023-02-26,2460.355,3.0,user4642@mail.com,9722872625,India
4644,Unknown,Male,43.0,Unknown,,,979.16,3.0,,9992673260,India
4645,Priya,Unknown,43.0,Delhi,2024-04-22,,3548.7,2.0,,,India
4646,Sneha,Male,43.0,Pune,2025-02-28,2023-05-24,2460.355,3.0,,9870238225,Unknown
4647,Rahul,Female,43.0,Hyderabad,,,3794.53,3.0,,,USA
C4648,Simran,Unknown,43.0,Delhi,,,2460.355,3.0,,,USA
,Priya,Female,43.0,Pune,,2022-08-03,2460.355,3.0,,,Australia
,Pooja,Unknown,43.0,Hyderabad,2022-01-26,,3819.4,3.0,user4649@mail.com,,USA
,Kiran,Unknown,43.0,Mumbai,,,2460.355,3.0,,,UK
C4652,Neha,Male,35.0,Unknown,2025-03-09,,2460.355,5.0,,,Australia
4653,Unknown,Male,43.0,Bangalore,,,2460.355,2.0,,,Australia
4654,Priya,Female,43.0,Kolkata,,,2460.355,3.0,,,USA
4655,Priya,Female,42.0,Chennai,2020-10-01,2024-07-22,2460.355,3.0,,9410670920,UK
C4656,Unknown,Female,43.0,Kolkata,,,4756.57,3.0,,,Unknown
,Pooja,Female,43.0,Unknown,2021-09-21,,2460.355,3.0,,,India
,Sneha,Male,43.0,Delhi,,2023-01-10,2460.355,3.0,,,UK
,Unknown,Female,43.0,Kolkata,,,2460.355,3.0,,,UK
4660,Ankit,Unknown,43.0,Bangalore,2025-07-22,2024-03-11,3082.47,1.0,,9196331342,USA
4661,Sneha,Male,43.0,Ahmedabad,2024-01-05,2023-09-06,2460.355,5.0,,9507503011,India
4662,Ravi,Female,43.0,Chennai,,2025-04-12,2460.355,3.0,user4661@mail.com,9153987452,Canada
C4663,Unknown,Male,43.0,Kolkata,,,2460.355,3.0,,,Canada
C4664,Sneha,Male,43.0,Unknown,,,2460.355,3.0,,,India
4665,Unknown,Unknown,43.0,Ahmedabad,2022-08-18,2025-08-18,2460.355,3.0,,,USA
,Rahul,Male,43.0,Chennai,,,2460.355,3.0,,,Unknown
C4667,Unknown,Female,43.0,Pune,,,2460.355,4.0,,9103701172,UK
4668,Rahul,Unknown,29.0,Unknown,2021-11-20,,2460.355,3.0,,,Canada
4669,Priya,Male,42.0,Delhi,2025-02-24,,2460.355,3.0,user4668@mail.com,,Canada
4670,Ravi,Male,43.0,Kolkata,2020-08-21,,3468.36,3.0,,,Australia
,Kiran,Male,43.0,Delhi,2022-04-06,,2460.355,3.0,,,Canada
4672,Ravi,Male,43.0,Mumbai,,,2460.355,3.0,,,USA
4673,Unknown,Female,43.0,Chennai,2025-10-16,,2530.58,3.0,,,UK
C4674,Unknown,Female,43.0,Hyderabad,2020-09-14,2021-10-10,2460.355,3.0,,,UK
4675,Neha,Female,54.0,Hyderabad,,,2460.355,3.0,,,USA
4676,Kiran,Unknown,19.0,Unknown,2025-03-15,2020-12-14,2460.355,5.0,,,UK
4677,Kiran,Female,43.0,Delhi,,,2737.68,2.0,user4676@mail.com,9241208972,UK
,Pooja,Female,44.0,Chennai,,2025-10-10,2460.355,3.0,user4677@mail.com,,UK
,Ankit,Female,43.0,Bangalore,2020-10-16,2022-09-29,2460.355,3.0,,9556046752,UK
4680,Pooja,Unknown,43.0,Ahmedabad,,,2460.355,3.0,,,Canada
4681,Unknown,Male,43.0,Bangalore,,,2460.355,3.0,,,India
C4682,Pooja,Male,31.0,Kolkata,,,2653.94,3.0,,,Australia
4683,Priya,Female,43.0,Kolkata,2022-02-10,2024-01-10,2460.355,3.0,,9481696013,UK
4684,Kiran,Female,67.0,Hyderabad,,,2460.355,3.0,,,Australia
4685,Sneha,Female,43.0,Ahmedabad,,,2460.355,3.0,,,USA
C4686,Unknown,Female,20.0,Pune,,,2460.355,3.0,user4685@mail.com,,UK
4687,Pooja,Female,45.0,Hyderabad,2021-04-19,,2460.355,3.0,user4686@mail.com,,India
4688,Amit,Male,43.0,Delhi,2023-09-28,,4353.73,3.0,,,India
4689,Kiran,Unknown,43.0,Hyderabad,,,1363.72,3.0,,,UK
,Priya,Unknown,43.0,Pune,,,2460.355,4.0,,,Unknown
4691,Ravi,Unknown,43.0,Delhi,,,58.78,3.0,,,USA
4692,Unknown,Female,43.0,Unknown,2022-08-14,,2460.355,3.0,,,Unknown
,Priya,Female,43.0,Pune,2022-11-28,,1952.1,3.0,,9690553943,Canada
,Pooja,Male,43.0,Delhi,2022-05-23,,2460.355,1.0,,,Canada
4695,Simran,Male,43.0,Mumbai,2020-10-12,2022-07-22,1537.27,3.0,,,UK
,Ankit,Male,43.0,Ahmedabad,,,2460.355,1.0,user4695@mail.com,,Canada
4697,Ankit,Unknown,43.0,Mumbai,2025-09-02,,2460.355,3.0,,,India
4698,Ravi,Male,43.0,Hyderabad,,2025-04-21,2460.355,3.0,,,UK
4699,Simran,Unknown,43.0,Pune,2023-04-20,2020-10-21,2460.355,5.0,user4698@mail.com,9316115465,UK
4700,Sneha,Female,66.0,Ahmedabad,,,2460.355,3.0,,,Unknown
4701,Rahul,Female,43.0,Hyderabad,,2023-12-28,958.62,3.0,,,India
,Priya,Unknown,43.0,Bangalore,2022-10-15,,2460.355,3.0,,,India
,Pooja,Male,36.0,Chennai,,,2460.355,4.0,,9536194941,Australia
C4704,Amit,Male,43.0,Ahmedabad,,,2460.355,3.0,,,Unknown
,Neha,Female,43.0,Mumbai,2025-01-22,,2460.355,3.0,,,USA
4706,Kiran,Male,43.0,Bangalore,,,2460.355,3.0,user4705@mail.com,,Australia
4707,Simran,Female,18.0,Delhi,2021-08-17,,1057.47,3.0,,,India
,Kiran,Unknown,43.0,Pune,2023-01-09,,4596.15,3.0,user4707@mail.com,,UK
4709,Unknown,Male,43.0,Mumbai,2020-12-07,2025-02-05,450.53,2.0,user4708@mail.com,9159967372,Unknown
C4710,Amit,Male,43.0,Hyderabad,2025-11-21,,2460.355,3.0,,,Australia
C4711,Unknown,Unknown,43.0,Pune,,2023-04-22,2460.355,3.0,,,Australia
,Rahul,Female,43.0,Kolkata,,,2460.355,3.0,,,Unknown
4713,Ravi,Female,43.0,Pune,2023-06-21,,263.7,2.0,,,India
,Neha,Female,30.0,Ahmedabad,2025-05-04,2021-07-26,2460.355,3.0,,,Unknown
4715,Unknown,Male,43.0,Hyderabad,,,2822.65,3.0,,,UK
C4716,Amit,Female,40.0,Mumbai,2023-10-19,,2460.355,3.0,,,UK
C4717,Pooja,Male,43.0,Kolkata,2022-04-24,,1706.41,3.0,,,UK
C4718,Simran,Female,43.0,Hyderabad,2025-06-22,2025-07-17,1194.9,3.0,user4717@mail.com,,Australia
C4719,Kiran,Male,43.0,Pune,,2022-06-19,4884.38,3.0,,,India
4720,Priya,Male,43.0,Pune,2026-01-26,2021-09-11,1048.81,1.0,,9709203273,India
4721,Unknown,Male,43.0,Delhi,,2025-03-13,1671.31,3.0,,,UK
C4722,Ravi,Female,43.0,Bangalore,2023-03-21,,2756.94,3.0,,,India
,Unknown,Male,43.0,Chennai,,,2460.355,3.0,,,USA
C4724,Rahul,Female,68.0,Mumbai,2022-11-28,2020-12-02,1078.08,3.0,user4723@mail.com,,UK
,Priya,Unknown,43.0,Pune,2023-07-21,2024-08-11,2460.355,3.0,user4724@mail.com,,Canada
,Amit,Unknown,43.0,Mumbai,2020-12-23,2022-09-16,421.97,3.0,,9637386768,Australia
C4727,Rahul,Male,43.0,Unknown,2023-03-31,,2460.355,3.0,,,Unknown
4728,Rahul,Female,43.0,Chennai,,,3968.87,3.0,,,UK
4729,Kiran,Female,43.0,Chennai,2025-03-30,,162.75,3.0,user4728@mail.com,9426999003,USA
,Ankit,Male,43.0,Pune,,2021-11-29,417.36,3.0,,,India
,Rahul,Male,43.0,Ahmedabad,,2023-12-25,1985.88,3.0,,,Australia
4732,Simran,Female,43.0,Unknown,,2023-08-14,2460.355,2.0,,,Australia
C4733,Kiran,Male,26.0,Delhi,2022-11-06,,2460.355,3.0,user4732@mail.com,,India
,Ankit,Unknown,43.0,Chennai,,,520.74,3.0,,,UK
4735,Ravi,Male,69.0,Bangalore,,,2460.355,3.0,,,Unknown
4736,Sneha,Male,43.0,Unknown,2024-08-25,,2460.355,3.0,,,Canada
C4737,Ankit,Female,27.0,Mumbai,2022-03-01,,2460.355,3.0,user4736@mail.com,9768746164,UK
4738,Unknown,Unknown,43.0,Mumbai,2023-08-14,,2460.355,3.0,,,Canada
4739,Unknown,Male,43.0,Delhi,2025-06-09,2024-08-12,2460.355,3.0,,9382743890,India
4740,Unknown,Unknown,43.0,Hyderabad,,2020-09-27,2460.355,3.0,,9268596672,Canada
4741,Neha,Male,43.0,Kolkata,,2025-11-26,2460.355,3.0,,9300490083,UK
C4742,Kiran,Male,43.0,Unknown,,,2460.355,3.0,user4741@mail.com,,USA
4743,Unknown,Male,43.0,Delhi,,2025-05-25,2460.355,5.0,,,Unknown
4744,Ravi,Female,43.0,Kolkata,2024-11-26,2022-12-08,2460.355,3.0,user4743@mail.com,,Australia
4745,Unknown,Unknown,43.0,Mumbai,2024-11-05,2020-08-31,1063.74,3.0,,9823559827,India
4746,Ankit,Female,20.0,Bangalore,2020-09-27,,2460.355,3.0,,9221875974,Australia
,Priya,Female,43.0,Mumbai,2021-10-18,,658.3,3.0,user4746@mail.com,,Unknown
4748,Kiran,Unknown,43.0,Ahmedabad,,2025-08-02,2460.355,1.0,,,UK
4749,Priya,Male,24.0,Chennai,,,1827.79,3.0,user4748@mail.com,,Unknown
4750,Sneha,Unknown,43.0,Unknown,2025-12-28,,2278.26,3.0,user4749@mail.com,,USA
,Simran,Male,43.0,Mumbai,2025-10-07,,2460.355,3.0,,9310171963,UK
C4752,Neha,Male,43.0,Hyderabad,,,2460.355,1.0,,9143169987,UK
4753,Ravi,Female,27.0,Delhi,2022-12-24,,2460.355,3.0,,,Canada
4754,Ravi,Unknown,43.0,Pune,2025-11-04,,2460.355,3.0,user4753@mail.com,9966937143,India
,Sneha,Male,43.0,Ahmedabad,,,852.7,3.0,,,India
,Neha,Female,43.0,Kolkata,,,2460.355,1.0,,,India
4757,Priya,Unknown,43.0,Chennai,2023-07-06,,277.58,1.0,,,Australia
4758,Sneha,Female,43.0,Ahmedabad,2020-08-16,,1637.84,1.0,,9984715761,Australia
,Simran,Male,43.0,Hyderabad,2023-02-24,,2460.355,3.0,,,Canada
C4760,Priya,Female,43.0,Bangalore,,,2460.355,3.0,user4759@mail.com,9104623177,Australia
4761,Unknown,Male,39.0,Pune,,2023-12-05,2460.355,3.0,,,India
4762,Priya,Female,43.0,Delhi,2024-01-12,2024-10-03,2135.42,3.0,,,Unknown
4763,Rahul,Unknown,43.0,Kolkata,,,2460.355,3.0,,,Canada
4764,Kiran,Unknown,44.0,Chennai,,,2959.76,3.0,,,Canada
4765,Ankit,Unknown,43.0,Pune,,,2460.355,3.0,,,Unknown
C4766,Unknown,Female,43.0,Ahmedabad,,,2460.355,2.0,,9711734093,Australia
4767,Ankit,Male,43.0,Unknown,,,2460.355,3.0,,,UK
4768,Kiran,Unknown,43.0,Hyderabad,2024-12-28,,2460.355,3.0,,,India
4769,Priya,Female,43.0,Bangalore,2025-01-09,,2460.355,3.0,user4768@mail.com,9669469453,Canada
,Unknown,Male,43.0,Mumbai,2023-02-27,2021-02-19,219.12,3.0,,9359849121,USA
4771,Priya,Female,43.0,Mumbai,2024-01-11,,1505.46,3.0,,,UK
4772,Simran,Male,43.0,Mumbai,,,2460.355,3.0,user4771@mail.com,,USA
C4773,Sneha,Female,43.0,Hyderabad,,,2460.355,4.0,,9154974665,UK
C4774,Neha,Male,27.0,Kolkata,,,2460.355,3.0,,,Unknown
,Unknown,Male,43.0,Mumbai,2023-04-08,2022-06-27,43.56,3.0,,,UK
4776,Unknown,Female,19.0,Unknown,,2023-06-08,2460.355,3.0,user4775@mail.com,,Australia
4777,Sneha,Female,43.0,Pune,2025-11-03,,2460.355,2.0,,,Australia
4778,Ravi,Male,59.0,Mumbai,2025-06-06,,2192.28,1.0,,,Australia
C4779,Simran,Male,43.0,Ahmedabad,2022-05-20,,663.92,3.0,,,USA
4780,Pooja,Female,43.0,Bangalore,2022-02-01,2025-09-06,924.52,3.0,,,Australia
4781,Sneha,Female,43.0,Ahmedabad,2023-04-02,,2460.355,3.0,,9832082154,Canada
4782,Priya,Female,56.0,Bangalore,2025-03-20,,2460.355,3.0,user4781@mail.com,9298363002,UK
4783,Kiran,Male,43.0,Unknown,2025-06-29,,2460.355,3.0,,9146532745,UK
4784,Amit,Male,64.0,Kolkata,2023-04-21,,2460.355,3.0,,,Canada
,Kiran,Male,43.0,Mumbai,2023-09-09,,2460.355,3.0,,,India
4786,Rahul,Female,43.0,Mumbai,2020-10-05,,2460.355,3.0,,,Australia
,Ankit,Male,43.0,Mumbai,2025-08-12,,2460.355,3.0,,9711561725,Canada
4788,Amit,Male,43.0,Hyderabad,2024-09-24,,535.94,3.0,,,Unknown
4789,Rahul,Male,43.0,Pune,,,2460.355,3.0,,,India
4790,Ravi,Female,43.0,Chennai,,2025-03-19,2460.355,3.0,user4789@mail.com,9629562479,USA
4791,Kiran,Unknown,43.0,Ahmedabad,,2024-08-15,2460.355,3.0,,,Unknown
4792,Amit,Unknown,69.0,Bangalore,2024-06-30,,2460.355,1.0,,,UK
C4793,Rahul,Unknown,43.0,Unknown,2022-01-11,,1269.0,1.0,user4792@mail.com,9810377601,Canada
,Neha,Female,21.0,Pune,2022-06-09,,3186.14,3.0,,,UK
4795,Amit,Unknown,43.0,Ahmedabad,,,2460.355,3.0,,,Australia
4796,Sneha,Unknown,22.0,Chennai,2023-06-30,2024-09-17,2460.355,3.0,user4795@mail.com,,Unknown
,Amit,Female,54.0,Delhi,,,2460.355,3.0,,,UK
4798,Simran,Female,36.0,Mumbai,,,2460.355,3.0,,,Unknown
,Amit,Male,43.0,Bangalore,2022-03-06,,1652.77,1.0,,,USA
4800,Priya,Male,43.0,Delhi,2022-12-23,,2460.355,3.0,,,UK
C4801,Simran,Female,43.0,Kolkata,2023-07-15,,2460.355,3.0,,9702489513,Unknown
,Ravi,Female,68.0,Hyderabad,2023-11-11,2023-05-21,2460.355,3.0,user4801@mail.com,9863259656,India
4803,Pooja,Female,43.0,Ahmedabad,2023-12-27,,2460.355,3.0,,,USA
C4804,Ankit,Male,43.0,Unknown,2020-11-22,,2460.355,4.0,,,Unknown
,Unknown,Unknown,41.0,Ahmedabad,,,2460.355,3.0,user4804@mail.com,,USA
4806,Unknown,Male,43.0,Bangalore,2021-12-07,,2460.355,3.0,user4805@mail.com,,Canada
4807,Unknown,Female,43.0,Ahmedabad,2023-08-15,,2460.355,3.0,,9910315230,UK
C4808,Simran,Male,43.0,Unknown,2021-02-08,2022-02-27,2460.355,3.0,,,Unknown
4809,Unknown,Female,43.0,Bangalore,2022-07-09,,1922.14,3.0,,,UK
4810,Amit,Male,43.0,Chennai,,,2460.355,3.0,,,Australia
4811,Amit,Female,43.0,Chennai,,2020-08-19,2460.355,3.0,,,India
4812,Ravi,Female,39.0,Mumbai,2025-07-30,2024-12-31,2848.72,3.0,,9344153497,Unknown
4813,Pooja,Male,64.0,Hyderabad,2022-12-09,2025-10-11,2460.355,3.0,,,USA
C4814,Priya,Female,43.0,Ahmedabad,2021-01-31,,2460.355,3.0,,,UK
,Amit,Male,43.0,Kolkata,,,2460.355,3.0,,9665074267,Australia
4816,Kiran,Male,43.0,Chennai,2023-06-30,,2460.355,3.0,,,UK
,Unknown,Female,20.0,Delhi,,,2460.355,3.0,,9778773822,Canada
4818,Unknown,Male,24.0,Pune,2024-10-12,,2460.355,3.0,user4817@mail.com,,UK
C4819,Kiran,Male,43.0,Pune,,,2460.355,3.0,,9161718025,Australia
4820,Neha,Male,43.0,Delhi,,,2460.355,3.0,,,USA
,Simran,Male,49.0,Hyderabad,,,2460.355,4.0,,,Canada
4822,Unknown,Female,43.0,Delhi,,,2460.355,3.0,,9586813000,Canada
4823,Neha,Unknown,43.0,Bangalore,2022-10-11,,2460.355,3.0,,,Australia
4824,Neha,Male,43.0,Ahmedabad,,2022-07-03,2460.355,3.0,,,UK
4825,Amit,Unknown,43.0,Hyderabad,,,2460.355,3.0,user4824@mail.com,,UK
4826,Sneha,Male,43.0,Kolkata,2025-10-04,2020-10-05,2460.355,3.0,,,Australia
4827,Sneha,Female,43.0,Pune,,2024-10-22,2460.355,2.0,,,Australia
C4828,Pooja,Male,43.0,Delhi,2021-07-07,2022-08-06,2460.355,3.0,user4827@mail.com,9162377201,Canada
C4829,Simran,Male,20.0,Pune,2022-02-11,,2460.355,3.0,user4828@mail.com,,UK
,Pooja,Female,43.0,Delhi,2023-03-18,,2460.355,3.0,user4829@mail.com,,USA
4831,Simran,Male,44.0,Chennai,,2026-01-24,2460.355,3.0,,,Unknown
4832,Amit,Male,62.0,Hyderabad,2024-02-20,,2460.355,1.0,,,Unknown
4833,Ravi,Female,43.0,Delhi,,2025-04-11,2460.355,4.0,user4832@mail.com,,Australia
,Neha,Unknown,43.0,Unknown,,,2460.355,3.0,,,Australia
,Simran,Female,43.0,Bangalore,2021-04-13,,2460.355,3.0,user4834@mail.com,9624377568,Canada
,Sneha,Male,43.0,Unknown,2021-06-02,2023-10-14,2829.82,5.0,,,Unknown
,Priya,Unknown,43.0,Ahmedabad,,,2460.355,5.0,,,Unknown
4838,Kiran,Male,43.0,Ahmedabad,2025-04-13,2024-01-19,2460.355,1.0,,,Unknown
4839,Rahul,Unknown,69.0,Chennai,,,2460.355,3.0,,,Australia
4840,Simran,Female,43.0,Ahmedabad,,2025-11-13,2460.355,3.0,,,Unknown
4841,Ankit,Unknown,41.0,Bangalore,,,3255.24,3.0,,,Australia
C4842,Kiran,Female,43.0,Chennai,2021-04-10,,2460.355,3.0,,9882625765,USA
4843,Pooja,Male,26.0,Pune,2022-11-23,,2460.355,3.0,,,Australia
C4844,Unknown,Female,43.0,Bangalore,2025-03-18,,2460.355,3.0,,9329769781,Canada
4845,Unknown,Male,43.0,Ahmedabad,,2025-08-14,2460.355,2.0,,9391221202,UK
,Kiran,Female,43.0,Unknown,2023-06-23,2022-03-03,3901.62,1.0,user4845@mail.com,9803693487,UK
C4847,Pooja,Male,43.0,Mumbai,2024-05-27,,2460.355,4.0,user4846@mail.com,,USA
C4848,Pooja,Unknown,43.0,Chennai,,,2460.355,3.0,,,Australia
4849,Priya,Female,43.0,Unknown,2021-11-16,,2460.355,5.0,,9957546967,Unknown
,Ankit,Male,43.0,Delhi,,2023-02-28,2460.355,3.0,user4849@mail.com,,USA
4851,Unknown,Unknown,44.0,Hyderabad,2025-01-18,,4937.03,1.0,,9934492002,Canada
4852,Rahul,Female,43.0,Ahmedabad,2023-06-14,,2460.355,3.0,,,India
C4853,Ankit,Female,55.0,Pune,,,2460.355,3.0,,,USA
4854,Priya,Male,43.0,Mumbai,2023-07-11,,2460.355,3.0,,,UK
4855,Unknown,Female,43.0,Unknown,,,2460.355,3.0,,,UK
4856,Simran,Male,37.0,Unknown,2022-07-02,,2460.355,3.0,,,India
4857,Ravi,Male,25.0,Delhi,2020-11-03,,155.7,2.0,user4856@mail.com,,India
C4858,Priya,Male,25.0,Pune,2025-09-18,,2460.355,3.0,,9921916158,India
C4859,Amit,Unknown,43.0,Hyderabad,2021-09-21,,2597.6,3.0,,,Australia
C4860,Neha,Male,43.0,Delhi,2022-07-20,,1170.16,3.0,,,India
4861,Rahul,Unknown,65.0,Mumbai,,,1690.4,3.0,user4860@mail.com,,Unknown
,Sneha,Male,70.0,Delhi,2023-11-14,,2460.355,3.0,,,USA
C4863,Pooja,Female,43.0,Chennai,,,1595.98,1.0,,9323487352,Australia
4864,Neha,Male,43.0,Pune,2025-03-06,2021-05-13,4910.93,3.0,,,Canada
C4865,Ravi,Male,43.0,Chennai,2021-01-08,2024-09-12,2460.355,3.0,,,Australia
4866,Simran,Unknown,43.0,Mumbai,2025-11-26,2022-11-25,2460.355,3.0,,,Canada
,Ankit,Female,53.0,Pune,,,2460.355,3.0,user4866@mail.com,9549933878,Canada
4868,Ankit,Female,43.0,Hyderabad,,,2460.355,3.0,user4867@mail.com,,Unknown
C4869,Ravi,Male,43.0,Delhi,,,2878.7,1.0,user4868@mail.com,,India
C4870,Kiran,Unknown,59.0,Hyderabad,2025-06-16,,263.95,3.0,user4869@mail.com,,Unknown
,Rahul,Female,43.0,Kolkata,2021-05-07,,2460.355,4.0,,9310412304,India
,Neha,Female,35.0,Delhi,2022-07-19,,2460.355,3.0,user4871@mail.com,,Unknown
C4873,Pooja,Male,64.0,Ahmedabad,2022-02-21,2022-12-07,2460.355,3.0,,,UK
C4874,Sneha,Female,43.0,Ahmedabad,,2026-01-04,2537.83,3.0,,,Unknown
4875,Priya,Female,43.0,Hyderabad,2021-10-23,,2460.355,3.0,user4874@mail.com,,Australia
4876,Unknown,Unknown,43.0,Hyderabad,2021-03-17,,1568.29,3.0,,,India
,Pooja,Female,43.0,Pune,2025-05-07,2024-01-13,2460.355,3.0,,,Australia
4878,Unknown,Male,58.0,Bangalore,2024-07-13,2023-03-14,2460.355,3.0,,9775944787,UK
4879,Priya,Male,43.0,Mumbai,2023-11-06,,1271.14,3.0,,,USA
,Kiran,Female,43.0,Hyderabad,2025-05-05,,2460.355,3.0,,,USA
,Neha,Female,43.0,Unknown,2021-09-25,2021-05-14,2460.355,3.0,,,India
C4882,Pooja,Male,43.0,Ahmedabad,,,2460.355,5.0,,,Unknown
,Ravi,Male,34.0,Chennai,,,2440.6,3.0,,,Unknown
4884,Rahul,Female,57.0,Unknown,,2022-03-11,2460.355,3.0,,,Canada
4885,Ankit,Female,43.0,Hyderabad,,2020-08-31,2460.355,3.0,,,Unknown
,Sneha,Unknown,43.0,Pune,,,4359.69,3.0,,9603195444,Canada
4887,Unknown,Female,55.0,Ahmedabad,2023-08-19,,3081.62,3.0,user4886@mail.com,,USA
4888,Amit,Female,43.0,Pune,,,2460.355,3.0,,,Unknown
C4889,Priya,Female,43.0,Mumbai,2024-08-01,,997.76,2.0,,,Unknown
4890,Ravi,Female,43.0,Ahmedabad,2023-04-16,,2460.355,3.0,,9632114216,UK
C4891,Amit,Male,43.0,Bangalore,2022-04-22,2025-03-10,2460.355,3.0,,9256807105,Unknown
C4892,Sneha,Unknown,43.0,Mumbai,,,2460.355,4.0,,,Australia
,Unknown,Male,23.0,Mumbai,2025-10-20,2021-09-07,2460.355,3.0,user4892@mail.com,,Canada
4894,Neha,Male,55.0,Bangalore,2024-09-03,,2460.355,2.0,,,USA
,Ravi,Female,45.0,Hyderabad,2022-03-28,2025-05-13,2460.355,3.0,,,USA
4896,Rahul,Male,43.0,Chennai,2021-12-23,,2460.355,3.0,,,Canada
C4897,Rahul,Female,43.0,Unknown,,,2460.355,3.0,,,India
,Neha,Male,43.0,Kolkata,2023-07-30,2024-08-22,2460.355,3.0,,,UK
,Unknown,Unknown,43.0,Delhi,,,2460.355,2.0,,,Australia
4900,Unknown,Male,43.0,Pune,,,2460.355,3.0,,,India
C4901,Simran,Unknown,43.0,Hyderabad,,,3608.0,3.0,,,UK
,Priya,Male,43.0,Pune,,2022-12-19,2460.355,3.0,,,USA
,Pooja,Male,43.0,Ahmedabad,2025-02-10,2024-06-24,2460.355,3.0,,,Unknown
4904,Ankit,Female,43.0,Hyderabad,2023-04-09,2025-08-10,2460.355,3.0,,9563243499,Unknown
4905,Rahul,Male,43.0,Chennai,2021-10-15,,222.82,3.0,user4904@mail.com,,Unknown
C4906,Ankit,Female,43.0,Hyderabad,,,2460.355,3.0,user4905@mail.com,,Canada
4907,Unknown,Male,43.0,Delhi,2021-03-18,2023-12-09,2460.355,3.0,,,USA
C4908,Unknown,Male,43.0,Bangalore,2023-03-25,,2460.355,2.0,,,UK
C4909,Sneha,Female,43.0,Bangalore,,,2460.355,3.0,user4908@mail.com,,Canada
C4910,Pooja,Female,43.0,Bangalore,2024-10-04,2023-10-06,2460.355,2.0,,,India
4911,Ankit,Female,43.0,Bangalore,,2023-12-26,352.68,4.0,,,UK
,Sneha,Unknown,43.0,Hyderabad,2021-06-22,,4992.23,3.0,,,Unknown
4913,Unknown,Female,43.0,Kolkata,2024-05-23,,3324.66,5.0,,,USA
4914,Kiran,Female,43.0,Ahmedabad,2023-05-12,,2460.355,2.0,,,USA
4915,Unknown,Female,43.0,Chennai,2023-04-23,,2460.355,3.0,,9424375620,UK
4916,Neha,Female,43.0,Mumbai,2021-10-29,,2460.355,3.0,,,India
4917,Rahul,Unknown,43.0,Hyderabad,,,509.67,2.0,,,Canada
4918,Unknown,Male,34.0,Mumbai,,,2460.355,3.0,,,USA
4919,Rahul,Male,43.0,Pune,2023-04-16,,2460.355,3.0,,,USA
C4920,Sneha,Female,43.0,Ahmedabad,,2023-09-06,2460.355,5.0,user4919@mail.com,,USA
4921,Simran,Female,64.0,Pune,2023-08-21,,2460.355,3.0,,,Canada
C4922,Sneha,Female,43.0,Delhi,,,2460.355,3.0,,,UK
4923,Kiran,Female,41.0,Mumbai,,,2460.355,3.0,,9380610713,UK
,Neha,Male,43.0,Kolkata,,2022-10-29,2460.355,3.0,,,Australia
C4925,Unknown,Female,43.0,Unknown,,,2460.355,3.0,user4924@mail.com,,Unknown
C4926,Unknown,Unknown,43.0,Mumbai,2020-10-08,,2460.355,3.0,user4925@mail.com,,India
,Unknown,Unknown,43.0,Chennai,2021-03-03,,2460.355,1.0,,,Unknown
4928,Ankit,Female,43.0,Unknown,,2025-08-21,2460.355,4.0,,9815769810,UK
4929,Priya,Male,38.0,Chennai,2021-02-13,,2460.355,3.0,,,USA
C4930,Unknown,Female,43.0,Mumbai,,,2460.355,1.0,,,India
4931,Ankit,Female,43.0,Unknown,2022-09-13,,4214.72,3.0,,9504189174,Canada
4932,Unknown,Male,57.0,Delhi,,,2460.355,3.0,,,USA
C4933,Priya,Female,43.0,Bangalore,,2025-11-22,2460.355,3.0,,9607259708,Australia
,Unknown,Female,43.0,Chennai,,2020-11-18,1147.25,3.0,,,India
,Simran,Unknown,45.0,Pune,2025-07-04,2025-06-19,2460.355,3.0,,,India
4936,Ankit,Female,63.0,Chennai,,2024-10-20,2460.355,3.0,,9898542010,India
C4937,Ravi,Male,42.0,Unknown,,,2460.355,2.0,,9268412235,UK
C4938,Kiran,Male,43.0,Kolkata,,2020-12-09,2460.355,3.0,,,UK
C4939,Priya,Unknown,59.0,Bangalore,,,2460.355,3.0,,,Canada
,Kiran,Unknown,56.0,Chennai,2023-01-26,,2460.355,2.0,,,Australia
4941,Kiran,Male,43.0,Kolkata,2021-05-17,2023-08-13,2460.355,3.0,,,Australia
4942,Priya,Female,43.0,Kolkata,2021-01-27,,2460.355,3.0,,,Unknown
,Unknown,Female,65.0,Unknown,,,2460.355,3.0,,,Canada
C4944,Ravi,Male,43.0,Bangalore,2023-09-18,,2460.355,3.0,,,Canada
4945,Neha,Female,32.0,Kolkata,2025-02-09,2023-09-24,2460.355,3.0,,,India
,Simran,Female,18.0,Mumbai,2021-09-30,,2460.355,3.0,,,USA
4947,Unknown,Unknown,58.0,Pune,,,2460.355,3.0,user4946@mail.com,9146117362,USA
C4948,Kiran,Male,43.0,Chennai,,,2460.355,3.0,,,UK
4949,Sneha,Unknown,43.0,Pune,2025-08-23,2021-02-01,2460.355,2.0,user4948@mail.com,,Australia
,Rahul,Female,43.0,Unknown,2023-11-29,,2460.355,3.0,user4949@mail.com,,Canada
,Kiran,Female,43.0,Bangalore,2022-08-02,2025-03-13,668.64,3.0,,,Australia
4952,Sneha,Male,43.0,Bangalore,2025-11-18,2021-11-07,3650.24,3.0,,9207920500,USA
C4953,Sneha,Female,43.0,Ahmedabad,2025-09-10,2023-12-27,3872.04,3.0,user4952@mail.com,,Canada
4954,Ankit,Female,43.0,Bangalore,,,2460.355,3.0,user4953@mail.com,,Unknown
,Amit,Unknown,43.0,Pune,,,2460.355,1.0,user4954@mail.com,9318228731,USA
,Unknown,Male,43.0,Hyderabad,2025-10-18,2022-07-05,2578.73,3.0,user4955@mail.com,9825009823,Canada
4957,Neha,Female,43.0,Ahmedabad,,2023-06-21,2460.355,3.0,,,UK
4958,Ravi,Unknown,43.0,Ahmedabad,2022-10-02,2021-09-01,2460.355,3.0,,,India
4959,Unknown,Male,50.0,Bangalore,2023-04-06,,2460.355,3.0,,,Canada
C4960,Pooja,Male,33.0,Chennai,2022-07-23,,2460.355,3.0,user4959@mail.com,,UK
C4961,Priya,Male,43.0,Pune,2024-11-24,,2460.355,3.0,,9857465284,UK
4962,Kiran,Female,43.0,Bangalore,,,2460.355,3.0,,,Unknown
C4963,Ankit,Male,43.0,Hyderabad,2024-04-18,,2460.355,5.0,,,Canada
4964,Sneha,Female,43.0,Ahmedabad,2023-01-05,2025-01-06,1346.63,3.0,user4963@mail.com,9319966633,Australia
C4965,Priya,Unknown,31.0,Ahmedabad,2023-02-23,,4921.09,5.0,user4964@mail.com,9275071491,Canada
,Kiran,Female,24.0,Kolkata,2022-10-18,2022-01-03,2460.355,4.0,user4965@mail.com,,Unknown
4967,Neha,Male,69.0,Ahmedabad,2024-06-18,,2460.355,3.0,,,Australia
4968,Rahul,Female,53.0,Delhi,,2022-08-08,2460.355,3.0,,,USA
,Kiran,Female,43.0,Ahmedabad,2023-03-27,2022-11-28,2460.355,3.0,,,India
,Neha,Male,43.0,Ahmedabad,,2023-07-15,2460.355,3.0,,,Canada
4971,Simran,Female,43.0,Unknown,,,2810.08,5.0,,,USA
,Amit,Male,43.0,Delhi,2025-12-12,,1527.84,3.0,,9434597448,Canada
4973,Priya,Male,43.0,Chennai,,2025-01-10,2460.355,3.0,,9573203722,UK
4974,Kiran,Male,43.0,Chennai,,,2460.355,3.0,,9857087177,UK
C4975,Kiran,Female,30.0,Pune,2021-02-14,2022-02-04,2460.355,3.0,,,Australia
C4976,Unknown,Male,43.0,Chennai,2021-06-29,2022-12-09,2460.355,4.0,,,India
4977,Amit,Male,43.0,Ahmedabad,,2025-09-14,2460.355,3.0,,,USA
4978,Unknown,Unknown,48.0,Bangalore,2023-03-05,2023-12-28,2460.355,3.0,,9733590199,India
,Kiran,Unknown,46.0,Bangalore,2020-09-28,,2460.355,3.0,,,UK
C4980,Ankit,Male,43.0,Ahmedabad,,,2460.355,3.0,,,USA
4981,Sneha,Female,43.0,Unknown,2021-04-15,2024-04-08,2309.64,3.0,,,USA
,Neha,Male,43.0,Mumbai,,,2460.355,5.0,,9169797554,UK
4983,Sneha,Male,43.0,Chennai,2023-10-29,,2460.355,3.0,,,Australia
C4984,Simran,Unknown,43.0,Kolkata,,2023-10-08,949.45,3.0,,,Unknown
4985,Sneha,Unknown,43.0,Delhi,,,2460.355,3.0,user4984@mail.com,9180199408,UK
4986,Neha,Unknown,43.0,Delhi,,2023-02-22,2460.355,3.0,,9744113312,Canada
4987,Simran,Female,43.0,Delhi,2025-01-14,2023-04-02,2460.355,3.0,,,India
C4988,Sneha,Unknown,43.0,Hyderabad,,,2389.92,3.0,,,Unknown
,Simran,Female,34.0,Chennai,2025-01-12,,1890.94,3.0,user4988@mail.com,,Unknown
C4990,Pooja,Male,43.0,Hyderabad,,,4533.29,2.0,,,UK
4991,Ankit,Female,43.0,Ahmedabad,2021-07-28,2020-10-16,2460.355,3.0,,,Unknown
4992,Priya,Unknown,43.0,Chennai,,2025-06-02,2460.355,2.0,,,Unknown
C4993,Simran,Female,24.0,Ahmedabad,,2024-11-27,2460.355,4.0,,,India
C4994,Rahul,Female,43.0,Kolkata,,2021-06-21,2460.355,3.0,,,Australia
,Priya,Unknown,43.0,Delhi,2023-04-03,,2460.355,3.0,user4994@mail.com,,UK
,Sneha,Male,43.0,Kolkata,,,2331.22,3.0,,,USA
C4997,Ravi,Male,34.0,Ahmedabad,2025-01-13,2022-03-23,2460.355,2.0,,,India
4998,Amit,Male,53.0,Hyderabad,,,2460.355,2.0,,9625399615,USA
4999,Pooja,Male,43.0,Unknown,2025-11-19,,2460.355,3.0,,,Unknown
5000,Neha,Male,43.0,Kolkata,,2022-01-12,2460.355,3.0,,,India
5001,Neha,Female,43.0,Bangalore,2025-07-11,2024-06-24,4065.36,3.0,user5000@mail.com,,UK
5002,Amit,Female,43.0,Ahmedabad,2024-01-14,,2460.355,4.0,,,India
,Ankit,Male,43.0,Mumbai,,,2460.355,4.0,,,Canada
5004,Rahul,Male,43.0,Pune,2024-12-19,2021-02-04,2460.355,1.0,,,USA
5005,Sneha,Female,43.0,Pune,2022-09-16,2023-07-12,3297.56,3.0,,,Australia
5006,Ankit,Unknown,43.0,Hyderabad,,2022-09-14,2460.355,2.0,,9475729566,India
C5007,Unknown,Female,43.0,Mumbai,2025-03-25,,2460.355,3.0,,9336706470,USA
5008,Ravi,Unknown,61.0,Ahmedabad,2022-01-29,2024-07-04,2460.355,3.0,user5007@mail.com,,Canada
,Unknown,Unknown,43.0,Mumbai,2024-02-18,2026-01-03,2460.355,3.0,,,Unknown
5010,Simran,Female,43.0,Hyderabad,,,2460.355,3.0,user5009@mail.com,,Unknown
5011,Simran,Female,43.0,Ahmedabad,,,2460.355,3.0,user5010@mail.com,,Australia
5012,Sneha,Male,43.0,Hyderabad,,,2460.355,5.0,user5011@mail.com,,Canada
C5013,Unknown,Male,43.0,Delhi,,2023-04-08,4323.97,3.0,user5012@mail.com,,UK
5014,Sneha,Unknown,39.0,Pune,,2021-06-25,4077.62,3.0,user5013@mail.com,9380082148,Australia
5015,Unknown,Female,43.0,Bangalore,2022-02-23,2025-03-22,2460.355,3.0,,9610003020,Unknown
,Simran,Unknown,60.0,Mumbai,,2023-04-22,518.82,3.0,user5015@mail.com,,Australia
5017,Ravi,Female,43.0,Ahmedabad,2022-09-08,,1959.36,3.0,,9148921227,Canada
,Unknown,Unknown,38.0,Chennai,,2025-11-08,2460.355,3.0,,,Unknown
C5019,Neha,Unknown,58.0,Ahmedabad,2022-07-20,,2460.355,4.0,,,Australia
5020,Neha,Female,22.0,Delhi,2024-02-08,,2460.355,3.0,,9209932097,Australia
C5021,Unknown,Unknown,43.0,Ahmedabad,,,2460.355,3.0,,,Canada
,Ankit,Male,56.0,Delhi,,2020-10-14,2626.43,2.0,,,India
5023,Unknown,Male,43.0,Bangalore,2024-10-25,2022-06-11,2460.355,3.0,user5022@mail.com,,Unknown
5024,Rahul,Male,40.0,Chennai,2022-09-19,,2460.355,5.0,,9864938110,Canada
C5025,Pooja,Female,43.0,Unknown,,,3293.82,3.0,user5024@mail.com,,India
C5026,Amit,Unknown,43.0,Hyderabad,2024-09-15,,3138.18,3.0,user5025@mail.com,9281475975,USA
5027,Ankit,Unknown,43.0,Mumbai,,2020-11-24,2460.355,1.0,user5026@mail.com,9150507828,Canada
,Sneha,Male,43.0,Kolkata,,2021-10-13,2460.355,1.0,,,USA
5029,Rahul,Male,43.0,Mumbai,,,4592.64,5.0,,,Australia
5030,Rahul,Unknown,43.0,Pune,,,2460.355,3.0,user5029@mail.com,,Canada
5031,Priya,Unknown,40.0,Hyderabad,,,2460.355,3.0,,,Unknown
,Unknown,Unknown,43.0,Ahmedabad,2022-04-14,2023-08-05,2460.355,3.0,,9754268436,USA
C5033,Sneha,Female,45.0,Hyderabad,2026-01-08,,2460.355,3.0,,,Canada
,Unknown,Male,43.0,Mumbai,,,2460.355,3.0,,,Unknown
,Neha,Male,28.0,Chennai,2023-10-30,2024-11-30,2460.355,3.0,,9937613368,USA
5036,Unknown,Female,43.0,Bangalore,,2020-12-31,2460.355,3.0,,,India
5037,Unknown,Female,48.0,Pune,,,2945.87,3.0,,,UK
C5038,Amit,Male,43.0,Ahmedabad,,,2460.355,3.0,,,Canada
,Ankit,Unknown,43.0,Hyderabad,2022-10-23,,1671.33,4.0,user5038@mail.com,,UK
5040,Pooja,Female,60.0,Pune,2021-06-17,,950.1,3.0,,,UK
C5041,Unknown,Female,64.0,Pune,2022-06-04,2023-08-24,2281.96,3.0,user5040@mail.com,9726313298,Unknown
5042,Sneha,Female,43.0,Unknown,2024-04-10,2025-08-13,2460.355,3.0,,,Canada
C5043,Unknown,Unknown,43.0,Kolkata,,2023-12-31,2460.355,3.0,,,USA
C5044,Ankit,Unknown,43.0,Unknown,,,2460.355,3.0,,,UK
5045,Unknown,Unknown,27.0,Kolkata,,,2460.355,3.0,user5044@mail.com,,USA
5046,Pooja,Female,43.0,Ahmedabad,,,2460.355,1.0,,,Unknown
C5047,Neha,Male,43.0,Hyderabad,2024-09-28,2024-07-18,2460.355,3.0,,,Australia
,Kiran,Male,39.0,Pune,,,2460.355,3.0,user5047@mail.com,,Unknown
C5049,Amit,Female,43.0,Kolkata,,,2461.3,3.0,,,India
C5050,Simran,Male,43.0,Delhi,,,2460.355,3.0,,,UK
5051,Rahul,Female,43.0,Pune,2023-09-14,,477.32,3.0,,9779968571,Australia
C5052,Sneha,Unknown,43.0,Kolkata,,,2460.355,3.0,,9384452589,Australia
5053,Sneha,Female,43.0,Mumbai,2026-01-25,,2460.355,3.0,user5052@mail.com,,Australia
5054,Unknown,Female,43.0,Unknown,2022-09-20,2024-08-20,2460.355,2.0,,,Canada
C5055,Rahul,Male,70.0,Hyderabad,2021-10-22,2023-04-09,2460.355,1.0,,9399020272,Australia
5056,Amit,Female,43.0,Kolkata,2025-08-15,,4390.84,3.0,user5055@mail.com,,India
5057,Amit,Female,43.0,Kolkata,,2020-11-09,2460.355,3.0,,,Australia
,Unknown,Male,43.0,Kolkata,2020-12-26,,2460.355,3.0,,,UK
5059,Unknown,Male,43.0,Ahmedabad,,,2460.355,2.0,user5058@mail.com,9622252276,UK
C5060,Ankit,Male,43.0,Kolkata,,,2291.4,3.0,,9958096230,UK
5061,Neha,Female,58.0,Chennai,,2023-09-20,2460.355,3.0,,9703435686,Australia
5062,Pooja,Unknown,43.0,Mumbai,2020-11-20,,2460.355,3.0,,9638524708,Unknown
5063,Sneha,Male,49.0,Chennai,,,2460.355,3.0,,,India
5064,Kiran,Unknown,43.0,Mumbai,2024-05-01,,2460.355,1.0,,9472812874,Unknown
5065,Simran,Female,43.0,Unknown,2023-01-16,,2460.355,1.0,,,Australia
5066,Rahul,Male,22.0,Mumbai,,2022-05-01,2460.355,3.0,,9260338938,India
,Ankit,Unknown,43.0,Delhi,2025-07-25,2025-04-23,2460.355,4.0,,9951762968,Unknown
5068,Kiran,Unknown,43.0,Bangalore,,,2460.355,3.0,,9971959892,Australia
5069,Sneha,Unknown,43.0,Bangalore,2023-11-04,,2460.355,3.0,user5068@mail.com,,Canada
C5070,Amit,Female,43.0,Hyderabad,2024-03-24,,2460.355,3.0,,9342886080,UK
5071,Pooja,Male,43.0,Mumbai,2021-10-20,,2460.355,4.0,,,Canada
5072,Rahul,Male,43.0,Kolkata,,2025-07-30,2460.355,3.0,,,Australia
5073,Neha,Male,43.0,Ahmedabad,2023-05-19,2025-04-05,2460.355,3.0,user5072@mail.com,9206732488,Canada
C5074,Ravi,Unknown,43.0,Unknown,,,2460.355,3.0,,,Australia
,Ravi,Female,67.0,Bangalore,2022-06-10,2022-04-07,2460.355,2.0,,,Canada
5076,Sneha,Male,43.0,Bangalore,,,2460.355,3.0,user5075@mail.com,,Australia
5077,Unknown,Male,69.0,Delhi,,,1697.66,5.0,,9815370823,USA
5078,Rahul,Male,43.0,Chennai,,2024-10-22,2460.355,3.0,,,Australia
C5079,Neha,Unknown,43.0,Unknown,,,2460.355,2.0,,9127005526,UK
5080,Pooja,Unknown,43.0,Pune,,2020-11-25,3944.05,1.0,,,India
C5081,Ankit,Male,43.0,Unknown,2020-10-13,,2460.355,3.0,user5080@mail.com,9129701976,India
5082,Unknown,Female,43.0,Hyderabad,2022-03-15,2021-07-29,2460.355,3.0,,,USA
C5083,Unknown,Male,43.0,Hyderabad,,,2460.355,2.0,,,Unknown
C5084,Neha,Male,43.0,Ahmedabad,,,2460.355,3.0,,9422138805,Australia
5085,Priya,Unknown,43.0,Chennai,,,2460.355,3.0,,,India
,Ankit,Unknown,43.0,Bangalore,,,2380.32,3.0,user5085@mail.com,,UK
5087,Sneha,Male,43.0,Mumbai,2021-09-05,2020-12-07,1028.36,3.0,,,Canada
5088,Neha,Male,43.0,Hyderabad,2024-08-31,2022-02-26,2460.355,3.0,,9204320833,USA
5089,Ravi,Female,43.0,Chennai,2022-08-05,2023-11-27,2460.355,3.0,,9863163682,UK
C5090,Amit,Male,43.0,Bangalore,,,2460.355,3.0,,,India
5091,Pooja,Unknown,43.0,Ahmedabad,,,3135.77,5.0,,9236247336,USA
5092,Priya,Unknown,43.0,Hyderabad,2025-06-14,,2931.73,3.0,,9113657241,USA
,Unknown,Unknown,43.0,Delhi,,2023-10-16,2460.355,3.0,,,Unknown
5094,Ankit,Female,43.0,Unknown,2024-03-17,2021-07-24,2460.355,3.0,,9312125079,Unknown
,Unknown,Unknown,43.0,Mumbai,2023-03-09,,2460.355,3.0,,,Australia
C5096,Rahul,Female,66.0,Pune,,,2088.68,3.0,,,India
,Simran,Unknown,43.0,Kolkata,,,2460.355,3.0,,,USA
5098,Ankit,Female,43.0,Chennai,,,1855.43,1.0,,,USA
5099,Unknown,Female,43.0,Bangalore,,,263.94,3.0,,,UK
5100,Rahul,Male,37.0,Mumbai,2022-02-04,2025-09-08,65.83,3.0,,9635651358,Canada
5101,Rahul,Male,43.0,Delhi,,,2460.355,3.0,user5100@mail.com,,India
5102,Unknown,Unknown,18.0,Ahmedabad,2022-09-26,,2460.355,3.0,,,UK
C5103,Sneha,Female,43.0,Mumbai,,,4294.73,3.0,user5102@mail.com,,India
C5104,Pooja,Female,43.0,Hyderabad,,,2460.355,3.0,,,Australia
5105,Amit,Male,24.0,Delhi,,,687.85,3.0,,,USA
5106,Unknown,Female,43.0,Chennai,2020-12-27,,4198.52,3.0,user5105@mail.com,,UK
5107,Unknown,Female,43.0,Ahmedabad,2022-12-03,,2460.355,3.0,,,Unknown
,Kiran,Female,43.0,Kolkata,,,4812.66,5.0,,,UK
C5109,Ankit,Male,43.0,Unknown,,2023-08-02,2460.355,3.0,,,UK
5110,Simran,Female,43.0,Pune,2025-03-01,2025-11-11,652.55,3.0,,9956544750,Unknown
C5111,Priya,Female,43.0,Delhi,,,2460.355,3.0,user5110@mail.com,,Unknown
5112,Unknown,Female,43.0,Delhi,,,3290.48,3.0,,9102007715,India
5113,Unknown,Female,43.0,Chennai,,,2460.355,2.0,,,Australia
5114,Sneha,Male,43.0,Pune,,,2460.355,3.0,user5113@mail.com,9464908700,UK
5115,Rahul,Unknown,43.0,Mumbai,,,2460.355,4.0,,,USA
,Sneha,Unknown,61.0,Hyderabad,2022-03-21,,3362.72,3.0,,9912216658,Unknown
5117,Pooja,Male,43.0,Kolkata,2025-04-15,,2460.355,3.0,user5116@mail.com,,Unknown
5118,Kiran,Unknown,43.0,Delhi,2021-11-18,,1600.85,3.0,,,India
5119,Ravi,Female,43.0,Pune,,2023-07-14,2460.355,1.0,,,UK
C5120,Unknown,Male,43.0,Unknown,,,2460.355,3.0,user5119@mail.com,,Canada
C5121,Rahul,Female,43.0,Bangalore,2022-03-26,,2460.355,3.0,,,UK
,Unknown,Unknown,43.0,Chennai,2021-12-09,,2460.355,3.0,,,UK
,Ravi,Male,43.0,Bangalore,,2023-02-27,2460.355,3.0,,,Unknown
5124,Kiran,Male,43.0,Ahmedabad,2023-12-21,,2460.355,3.0,,,Unknown
5125,Neha,Female,43.0,Chennai,,,2460.355,2.0,,,Canada
5126,Rahul,Female,37.0,Bangalore,2025-11-01,2023-03-28,2104.57,3.0,user5125@mail.com,9289529479,Australia
5127,Pooja,Male,43.0,Kolkata,2022-03-02,2024-10-02,2460.355,3.0,,,UK
5128,Ravi,Female,48.0,Chennai,2024-05-31,2020-11-27,2460.355,3.0,user5127@mail.com,9660063001,India
,Neha,Unknown,43.0,Delhi,2021-01-14,,2460.355,3.0,,9579245751,Unknown
5130,Rahul,Female,43.0,Pune,,,2460.355,5.0,,,Australia
5131,Rahul,Male,43.0,Bangalore,2025-08-01,,2460.355,3.0,,,Unknown
,Pooja,Male,43.0,Pune,2025-08-11,2023-08-28,166.22,3.0,,,India
5133,Amit,Male,43.0,Mumbai,,2025-09-26,2460.355,3.0,user5132@mail.com,,India
5134,Pooja,Unknown,43.0,Delhi,,,2460.355,3.0,,,India
5135,Neha,Female,43.0,Mumbai,,2021-02-07,2763.93,3.0,,9354616722,Australia
,Unknown,Male,43.0,Kolkata,2023-03-29,2026-01-12,2460.355,3.0,,9485611353,Australia
C5137,Pooja,Unknown,55.0,Ahmedabad,,2020-10-01,1104.53,2.0,,9661287402,UK
5138,Simran,Male,43.0,Bangalore,2023-03-14,,2460.355,3.0,,,USA
5139,Ravi,Female,43.0,Unknown,2026-01-01,,2460.355,3.0,,,Australia
,Simran,Unknown,43.0,Mumbai,2021-05-16,2022-04-14,2460.355,3.0,,,USA
,Priya,Unknown,55.0,Kolkata,,2024-02-13,2460.355,3.0,,9823964647,USA
C5142,Priya,Unknown,43.0,Ahmedabad,,2023-07-17,2460.355,3.0,,,Australia
5143,Ankit,Female,43.0,Delhi,,,2460.355,3.0,user5142@mail.com,9696149580,Canada
C5144,Priya,Female,43.0,Chennai,,2021-05-23,2460.355,3.0,,,USA
5145,Rahul,Unknown,43.0,Delhi,,,2460.355,2.0,,,Australia
,Pooja,Female,43.0,Unknown,2022-04-10,2021-08-11,2460.355,3.0,,,Unknown
5147,Kiran,Male,59.0,Bangalore,,2021-06-03,2460.355,3.0,,,UK
5148,Kiran,Female,43.0,Kolkata,2021-07-13,2022-04-01,2460.355,3.0,,9591924551,Unknown
5149,Unknown,Female,43.0,Hyderabad,,,2460.355,1.0,user5148@mail.com,,Australia
C5150,Priya,Female,43.0,Hyderabad,,,2460.355,3.0,,,USA
5151,Ankit,Female,43.0,Delhi,,,2460.355,3.0,,,Unknown
5152,Ankit,Female,43.0,Chennai,,,2460.355,3.0,,,UK
5153,Rahul,Male,34.0,Hyderabad,2024-07-16,,2460.355,3.0,,,UK
5154,Sneha,Unknown,43.0,Pune,2024-10-13,,2460.355,3.0,,9938813941,USA
C5155,Ravi,Male,43.0,Chennai,,,4606.43,3.0,,,Canada
5156,Unknown,Female,28.0,Bangalore,2022-08-30,,2460.355,3.0,,,Unknown
5157,Simran,Male,43.0,Ahmedabad,,,2460.355,3.0,,,India
5158,Amit,Male,52.0,Hyderabad,2021-11-28,,2460.355,3.0,,,India
C5159,Priya,Female,43.0,Delhi,2021-05-23,2025-02-21,2460.355,3.0,,9795455054,India
C5160,Sneha,Female,43.0,Ahmedabad,2025-01-28,2021-08-08,2460.355,2.0,,9126500563,India
5161,Rahul,Unknown,60.0,Mumbai,2025-08-09,,2460.355,3.0,,,Unknown
5162,Unknown,Female,19.0,Bangalore,2023-02-18,2025-01-16,2460.355,3.0,,,Unknown
5163,Unknown,Female,43.0,Bangalore,,,2460.355,4.0,,,USA
C5164,Priya,Unknown,43.0,Pune,,,2460.355,3.0,,,Unknown
5165,Unknown,Male,43.0,Pune,,,595.13,5.0,,,UK
C5166,Amit,Male,43.0,Pune,,,3796.02,3.0,user5165@mail.com,,Canada
5167,Simran,Female,43.0,Mumbai,,2024-12-25,1333.61,2.0,user5166@mail.com,,Unknown
5168,Sneha,Unknown,43.0,Kolkata,,,2460.355,3.0,,,Australia
C5169,Pooja,Male,43.0,Delhi,,,477.84,3.0,,9215654014,Canada
,Amit,Male,43.0,Pune,2024-03-15,,2460.355,3.0,,,Australia
C5171,Ravi,Male,43.0,Pune,2022-11-14,2024-06-21,2460.355,5.0,,,UK
5172,Ravi,Female,44.0,Unknown,,,3780.66,3.0,,,Unknown
,Sneha,Unknown,43.0,Bangalore,2021-11-30,2025-05-03,47.24,3.0,,,India
5174,Pooja,Female,43.0,Mumbai,,,3979.57,3.0,,,India
5175,Ankit,Female,43.0,Hyderabad,2023-09-19,2023-09-25,2460.355,4.0,,,USA
C5176,Unknown,Female,43.0,Unknown,2023-01-27,,2460.355,3.0,,9419935674,Canada
5177,Unknown,Unknown,43.0,Unknown,,2025-11-11,2460.355,3.0,user5176@mail.com,9483516559,Canada
5178,Unknown,Female,38.0,Bangalore,2023-12-22,,2460.355,3.0,,9385553468,Unknown
,Kiran,Female,43.0,Mumbai,,,2460.355,3.0,user5178@mail.com,9571929029,India
5180,Sneha,Unknown,43.0,Delhi,,,2460.355,3.0,,,India
5181,Rahul,Male,52.0,Ahmedabad,2021-05-17,2021-09-12,1457.85,3.0,,,India
5182,Neha,Female,43.0,Delhi,2025-02-17,2024-03-25,2460.355,3.0,,,UK
5183,Sneha,Unknown,43.0,Delhi,2023-08-02,,2460.355,3.0,,,India
5184,Rahul,Male,43.0,Chennai,2022-08-23,2024-12-31,2460.355,3.0,,,Canada
5185,Sneha,Male,25.0,Mumbai,,,2460.355,3.0,,9766168766,Unknown
5186,Neha,Female,43.0,Unknown,2021-06-29,2025-09-03,2460.355,3.0,,,Australia
5187,Ravi,Male,43.0,Chennai,,,2460.355,3.0,user5186@mail.com,,USA
5188,Priya,Male,43.0,Mumbai,,,2460.355,2.0,,,India
5189,Priya,Unknown,43.0,Mumbai,,,2460.355,3.0,,,USA
,Amit,Male,43.0,Hyderabad,2025-05-28,2022-10-07,2460.355,3.0,,9904595060,Canada
5191,Priya,Female,43.0,Delhi,2025-12-05,2022-03-28,2460.355,3.0,,,UK
,Unknown,Female,43.0,Mumbai,,,2460.355,3.0,user5191@mail.com,,India
,Unknown,Male,43.0,Hyderabad,,,2460.355,3.0,,,India
C5194,Unknown,Unknown,55.0,Ahmedabad,2022-05-14,,3298.52,5.0,user5193@mail.com,,Australia
,Unknown,Male,43.0,Chennai,2021-11-26,2023-04-01,2460.355,3.0,,,Canada
,Sneha,Male,43.0,Bangalore,,,2460.355,3.0,,,UK
5197,Ravi,Unknown,49.0,Chennai,,,2460.355,3.0,,,Australia
,Simran,Female,43.0,Delhi,2020-10-04,,1647.65,3.0,,,India
5199,Ravi,Female,43.0,Hyderabad,,,2460.355,3.0,,,UK
5200,Amit,Female,43.0,Chennai,,2022-12-02,2460.355,3.0,,,USA
5201,Neha,Unknown,43.0,Chennai,2022-03-08,,2460.355,2.0,,,Australia
5202,Kiran,Female,43.0,Delhi,,,2460.355,3.0,,9391116987,Canada
,Kiran,Unknown,43.0,Ahmedabad,2022-02-26,,4362.38,3.0,,,USA
,Rahul,Female,43.0,Kolkata,,,2460.355,3.0,,,USA
C5205,Pooja,Female,27.0,Kolkata,,,2460.355,3.0,,9683086462,Canada
5206,Priya,Female,43.0,Ahmedabad,2024-11-01,,2460.355,3.0,user5205@mail.com,,Canada
5207,Unknown,Male,43.0,Pune,2024-01-31,,2460.355,3.0,,,USA
C5208,Pooja,Female,43.0,Pune,2024-07-24,,2460.355,3.0,,9796725646,UK
5209,Ankit,Unknown,43.0,Bangalore,2025-09-04,2025-09-18,2028.68,3.0,user5208@mail.com,,UK
5210,Simran,Male,43.0,Hyderabad,2023-03-20,,2091.05,3.0,user5209@mail.com,,Canada
,Unknown,Unknown,43.0,Pune,2024-06-24,2022-07-26,3279.08,3.0,,,UK
C5212,Rahul,Male,43.0,Kolkata,,,2460.355,4.0,,,Unknown
C5213,Kiran,Unknown,43.0,Mumbai,2024-09-20,,2460.355,3.0,,9558790794,UK
C5214,Ankit,Male,43.0,Mumbai,2020-08-22,,2460.355,3.0,,,Australia
5215,Unknown,Female,43.0,Chennai,2022-02-16,,2460.355,3.0,user5214@mail.com,,Unknown
C5216,Ankit,Male,54.0,Kolkata,,2021-12-15,2460.355,3.0,user5215@mail.com,,USA
5217,Rahul,Male,48.0,Bangalore,2025-07-27,2023-01-04,2460.355,3.0,,,Australia
C5218,Pooja,Female,21.0,Ahmedabad,2022-11-07,,2460.355,3.0,,,India
C5219,Unknown,Male,43.0,Bangalore,2025-12-30,,3316.2,3.0,,9135222023,Australia
5220,Amit,Female,43.0,Chennai,,,2460.355,3.0,,,Australia
5221,Priya,Unknown,43.0,Delhi,,,2460.355,3.0,,,India
5222,Unknown,Female,43.0,Delhi,2024-02-05,2023-10-13,2460.355,3.0,,,Australia
5223,Ravi,Female,43.0,Kolkata,2020-12-09,,2460.355,3.0,,,Australia
5224,Unknown,Male,43.0,Kolkata,2024-02-15,,2460.355,3.0,,,UK
C5225,Rahul,Male,43.0,Hyderabad,,,2460.355,3.0,,,India
C5226,Rahul,Unknown,43.0,Kolkata,,,2460.355,3.0,,9463347104,UK
5227,Pooja,Male,43.0,Ahmedabad,2021-07-03,2024-03-01,2460.355,3.0,,,Australia
,Priya,Male,50.0,Hyderabad,,,2460.355,3.0,,9560310003,UK
C5229,Unknown,Male,43.0,Mumbai,,,2460.355,5.0,,9469465980,UK
5230,Rahul,Male,43.0,Chennai,,,2460.355,3.0,,,Canada
,Priya,Male,45.0,Chennai,2024-12-31,,2460.355,3.0,,,Unknown
,Sneha,Male,43.0,Chennai,2021-03-03,,2460.355,3.0,,,India
C5233,Priya,Male,43.0,Kolkata,,,2460.355,3.0,,,USA
,Neha,Female,43.0,Delhi,2020-12-25,2024-11-07,2460.355,3.0,,,Unknown
,Ankit,Male,43.0,Mumbai,,2022-12-21,2460.355,3.0,,9949046205,UK
C5236,Kiran,Female,43.0,Ahmedabad,,2021-07-24,2460.355,3.0,,,Unknown
,Unknown,Unknown,43.0,Mumbai,2023-11-21,2024-12-25,2460.355,3.0,,,Australia
5238,Kiran,Unknown,43.0,Hyderabad,,,2460.355,3.0,,,USA
5239,Pooja,Unknown,43.0,Pune,2025-07-25,,4099.54,3.0,,,Australia
C5240,Neha,Male,43.0,Unknown,2021-11-06,,2460.355,3.0,user5239@mail.com,,Australia
,Unknown,Female,43.0,Ahmedabad,2020-10-26,2021-06-21,4895.5,3.0,,,India
5242,Unknown,Male,43.0,Bangalore,2021-10-08,2025-09-01,2460.355,3.0,user5241@mail.com,,Australia
C5243,Priya,Female,45.0,Unknown,2025-10-29,,2460.355,3.0,,,USA
C5244,Pooja,Unknown,43.0,Hyderabad,,2022-05-18,2460.355,3.0,,,USA
5245,Kiran,Female,43.0,Unknown,2025-08-25,,1910.27,3.0,,,Australia
C5246,Sneha,Unknown,43.0,Mumbai,2023-11-25,,2460.355,4.0,,,Canada
5247,Sneha,Male,43.0,Ahmedabad,,,2460.355,3.0,,,India
5248,Kiran,Female,43.0,Unknown,2022-12-15,,2460.355,3.0,,,Australia
5249,Unknown,Male,43.0,Delhi,2024-05-19,,2460.355,5.0,,,USA
,Ravi,Male,43.0,Delhi,,,2460.355,1.0,,,USA
C5251,Ankit,Female,35.0,Ahmedabad,2025-11-24,,3434.28,3.0,,,Australia
5252,Unknown,Male,43.0,Bangalore,2025-02-07,2021-01-31,4104.33,3.0,,,Australia
5253,Priya,Male,43.0,Delhi,,,2460.355,3.0,user5252@mail.com,,Unknown
5254,Neha,Unknown,43.0,Pune,2021-01-02,,2460.355,3.0,user5253@mail.com,,USA
,Pooja,Female,43.0,Pune,,,2460.355,3.0,,9470504375,India
5256,Simran,Male,43.0,Bangalore,,,2460.355,3.0,,,Unknown
5257,Rahul,Male,43.0,Unknown,2022-05-22,,3085.67,3.0,,,India
,Unknown,Unknown,43.0,Hyderabad,,2026-01-19,2460.355,1.0,,,Unknown
,Rahul,Unknown,43.0,Delhi,2025-03-03,2021-10-24,2460.355,3.0,,,Unknown
,Priya,Unknown,43.0,Mumbai,,2023-08-30,2460.355,3.0,user5259@mail.com,9532679042,Australia
5261,Rahul,Unknown,43.0,Unknown,,,2460.355,3.0,,,UK
5262,Ravi,Male,43.0,Delhi,2022-03-20,,2460.355,3.0,,9684845070,India
5263,Kiran,Unknown,43.0,Chennai,,,2458.57,3.0,,,Australia
5264,Unknown,Female,43.0,Hyderabad,2025-05-12,2025-06-21,2460.355,3.0,,,Australia
C5265,Pooja,Unknown,43.0,Kolkata,2020-10-13,2025-07-19,2460.355,3.0,,9865062352,USA
C5266,Ankit,Female,37.0,Ahmedabad,,2022-06-24,2460.355,3.0,,,India
,Pooja,Male,43.0,Unknown,,2022-10-17,4998.67,3.0,,9584994949,Unknown
C5268,Kiran,Female,43.0,Hyderabad,,,2460.355,3.0,,9381138908,USA
5269,Ankit,Male,43.0,Kolkata,2021-12-09,,2460.355,3.0,,,Canada
5270,Ankit,Unknown,53.0,Delhi,2023-10-11,,2460.355,3.0,,,UK
C5271,Ankit,Unknown,43.0,Pune,,,72.07,3.0,,,USA
5272,Rahul,Male,43.0,Delhi,2025-06-15,,2460.355,4.0,,,Unknown
,Sneha,Female,42.0,Unknown,,,2460.355,3.0,,,Australia
5274,Simran,Unknown,43.0,Delhi,,2021-02-13,2460.355,1.0,,,India
5275,Ravi,Unknown,43.0,Chennai,2024-08-07,2025-05-11,2460.355,3.0,,,Canada
,Ravi,Male,43.0,Chennai,2021-01-08,2025-07-23,2460.355,3.0,,,UK
5277,Unknown,Male,43.0,Mumbai,2021-10-07,,2460.355,3.0,,,Unknown
5278,Amit,Female,43.0,Mumbai,2025-10-09,2023-11-21,2460.355,4.0,user5277@mail.com,,USA
5279,Amit,Female,43.0,Unknown,2021-02-26,,2483.84,3.0,user5278@mail.com,9320956416,UK
,Kiran,Female,43.0,Ahmedabad,2022-05-05,,2290.69,3.0,,,Unknown
5281,Ravi,Male,43.0,Pune,2022-12-21,,2106.64,3.0,user5280@mail.com,,UK
5282,Neha,Male,43.0,Chennai,2021-04-07,2020-10-20,3861.02,1.0,,,Australia
5283,Ravi,Male,43.0,Ahmedabad,2021-10-14,2021-10-16,2460.355,3.0,,,UK
,Unknown,Male,21.0,Mumbai,2024-04-10,,2460.355,3.0,user5283@mail.com,9157911568,USA
,Ravi,Female,43.0,Chennai,,,2460.355,5.0,user5284@mail.com,9947703838,India
C5286,Ankit,Unknown,49.0,Ahmedabad,2021-09-04,2021-09-04,2460.355,5.0,user5285@mail.com,,USA
5287,Simran,Unknown,43.0,Mumbai,2023-05-22,2025-09-23,2460.355,3.0,,,Canada
C5288,Neha,Female,43.0,Unknown,,,2254.07,3.0,,9410254294,Canada
,Pooja,Unknown,43.0,Chennai,,,2460.355,5.0,,9805477344,India
5290,Rahul,Unknown,43.0,Pune,2023-02-12,2023-09-17,203.43,5.0,,,Unknown
,Rahul,Female,43.0,Chennai,,,2460.355,3.0,,,Australia
,Unknown,Male,68.0,Mumbai,,2025-01-06,2444.54,3.0,user5291@mail.com,9290825421,Canada
,Amit,Male,43.0,Pune,,2021-06-02,2460.355,3.0,,,Canada
,Kiran,Female,34.0,Mumbai,2022-03-28,,2460.355,3.0,,9451758204,Unknown
5295,Kiran,Male,43.0,Bangalore,,,2460.355,3.0,user5294@mail.com,,UK
C5296,Rahul,Female,22.0,Kolkata,2022-12-08,,2460.355,3.0,user5295@mail.com,,USA
5297,Sneha,Female,43.0,Ahmedabad,,,2460.355,4.0,,,USA
C5298,Ankit,Male,43.0,Chennai,,,2460.355,2.0,,,UK
C5299,Unknown,Female,43.0,Delhi,,,186.95,3.0,,,Australia
C5300,Ankit,Male,43.0,Kolkata,2025-03-03,,2460.355,1.0,user5299@mail.com,9470356923,USA
5301,Unknown,Unknown,43.0,Kolkata,,,2460.355,3.0,user5300@mail.com,,USA
C5302,Kiran,Male,43.0,Pune,2024-01-26,2025-11-30,2460.355,3.0,user5301@mail.com,,UK
,Simran,Male,58.0,Ahmedabad,2022-07-02,2022-01-02,2460.355,1.0,user5302@mail.com,,Australia
C5304,Simran,Female,43.0,Pune,,,2460.355,1.0,,9132765848,Canada
C5305,Simran,Male,43.0,Delhi,2026-01-03,,833.39,3.0,,,USA
5306,Kiran,Unknown,43.0,Bangalore,,2025-06-22,2460.355,4.0,user5305@mail.com,9904855278,UK
5307,Sneha,Unknown,43.0,Mumbai,,2021-08-18,2460.355,3.0,,,Australia
,Unknown,Female,43.0,Unknown,,,2460.355,1.0,,9169549093,Canada
5309,Simran,Male,43.0,Mumbai,,,2460.355,3.0,,9154289569,USA
C5310,Ravi,Male,43.0,Mumbai,,2025-12-10,2460.355,3.0,,,UK
5311,Rahul,Male,27.0,Chennai,2022-12-05,,2460.355,2.0,,,Canada
5312,Amit,Male,44.0,Ahmedabad,2024-05-24,,3221.89,1.0,,,UK
,Neha,Female,28.0,Hyderabad,2025-05-18,,2460.355,3.0,user5312@mail.com,9229861451,UK
,Amit,Female,43.0,Chennai,,,2460.355,3.0,,9503701132,UK
5315,Ankit,Unknown,43.0,Mumbai,2023-07-28,,2460.355,3.0,,,UK
5316,Neha,Male,43.0,Mumbai,,,2460.355,3.0,,9129918954,Unknown
5317,Kiran,Male,43.0,Ahmedabad,2025-11-06,,2460.355,2.0,user5316@mail.com,,Canada
C5318,Rahul,Male,26.0,Hyderabad,2024-10-07,,2460.355,3.0,,,Australia
5319,Simran,Female,43.0,Hyderabad,,,2460.355,3.0,user5318@mail.com,,Canada
5320,Ankit,Female,43.0,Unknown,,,2460.355,3.0,,,Australia
5321,Kiran,Male,32.0,Mumbai,2023-10-16,,2460.355,3.0,,,Canada
5322,Pooja,Unknown,35.0,Ahmedabad,,2024-03-24,2460.355,3.0,user5321@mail.com,,USA
5323,Simran,Unknown,43.0,Kolkata,2020-08-31,,2460.355,3.0,,9865732118,USA
,Amit,Male,60.0,Unknown,,2024-06-27,2460.355,3.0,,,Canada
5325,Rahul,Unknown,50.0,Bangalore,,2023-07-05,2460.355,3.0,,,Australia
,Pooja,Female,43.0,Mumbai,,2025-08-10,2460.355,3.0,user5325@mail.com,,Canada
5327,Simran,Female,43.0,Unknown,2021-10-09,,2460.355,3.0,,,UK
5328,Pooja,Male,43.0,Chennai,,,3744.22,3.0,,,Unknown
C5329,Priya,Unknown,46.0,Pune,,,2460.355,3.0,,9382060747,Australia
5330,Priya,Female,43.0,Kolkata,2023-08-27,,2460.355,3.0,,,UK
C5331,Kiran,Unknown,43.0,Pune,2020-11-18,2024-09-06,2460.355,3.0,,,India
5332,Neha,Unknown,43.0,Mumbai,2021-08-31,,2460.355,3.0,,,Canada
5333,Amit,Male,43.0,Pune,2023-12-26,,4114.3,3.0,,,Australia
,Rahul,Female,60.0,Chennai,,2024-05-18,2460.355,1.0,,9107015623,Canada
5335,Simran,Unknown,43.0,Hyderabad,,,1549.06,3.0,user5334@mail.com,,USA
5336,Ankit,Male,31.0,Kolkata,,2021-07-16,3808.86,3.0,user5335@mail.com,,Australia
,Ravi,Unknown,35.0,Pune,,,1401.87,3.0,,,Canada
C5338,Priya,Male,43.0,Kolkata,,2025-12-25,2460.355,1.0,,,Unknown
,Priya,Male,56.0,Ahmedabad,2024-06-13,,4346.47,3.0,,9360964800,UK
C5340,Simran,Female,38.0,Delhi,,,2460.355,3.0,,,Canada
,Ankit,Male,43.0,Pune,2021-12-09,2020-08-21,3680.25,3.0,,9285759442,Canada
5342,Amit,Unknown,30.0,Kolkata,2022-07-09,,2182.87,4.0,user5341@mail.com,,Canada
5343,Unknown,Unknown,20.0,Chennai,,2021-04-01,422.88,3.0,user5342@mail.com,9198492707,USA
C5344,Unknown,Male,43.0,Hyderabad,2023-01-10,,2460.355,1.0,,,India
5345,Ravi,Female,26.0,Hyderabad,,2026-01-25,2460.355,3.0,user5344@mail.com,,Australia
C5346,Neha,Unknown,43.0,Hyderabad,2021-12-22,,2460.355,3.0,user5345@mail.com,,UK
5347,Priya,Female,43.0,Ahmedabad,2026-01-04,,2460.355,4.0,,9626003778,Unknown
5348,Priya,Male,64.0,Bangalore,2021-11-17,,2460.355,3.0,,,Canada
C5349,Rahul,Male,43.0,Mumbai,2022-01-27,,2460.355,3.0,,,Unknown
C5350,Simran,Male,43.0,Kolkata,,2021-12-13,2460.355,3.0,,,UK
5351,Priya,Male,43.0,Ahmedabad,2020-09-04,,2460.355,3.0,,,USA
5352,Amit,Female,29.0,Chennai,2025-02-26,,1338.76,3.0,,,UK
5353,Priya,Unknown,43.0,Unknown,2023-04-29,2020-08-06,427.77,3.0,user5352@mail.com,,Canada
,Neha,Male,43.0,Hyderabad,2020-12-11,,2460.355,3.0,,,Canada
,Unknown,Male,43.0,Unknown,2023-08-29,2024-08-30,2460.355,3.0,,9171552892,UK
C5356,Unknown,Male,26.0,Pune,,2022-08-07,2460.355,3.0,user5355@mail.com,,India
C5357,Ravi,Unknown,43.0,Chennai,,,2460.355,3.0,,,Unknown
,Unknown,Female,62.0,Kolkata,2025-10-09,,2460.355,3.0,user5357@mail.com,9821765895,UK
5359,Priya,Unknown,43.0,Bangalore,,,2460.355,5.0,,,Canada
5360,Kiran,Female,43.0,Hyderabad,2024-02-26,,320.63,3.0,,,India
5361,Rahul,Unknown,43.0,Delhi,2025-11-28,,2460.355,2.0,user5360@mail.com,,India
5362,Unknown,Unknown,22.0,Hyderabad,2022-12-09,,3225.8,3.0,,,Unknown
C5363,Sneha,Male,43.0,Hyderabad,,2024-04-11,4708.18,2.0,,,UK
5364,Rahul,Male,43.0,Pune,,,2460.355,3.0,user5363@mail.com,,UK
,Pooja,Unknown,43.0,Delhi,,,2460.355,3.0,user5364@mail.com,,USA
C5366,Ankit,Unknown,40.0,Bangalore,,2024-02-28,2460.355,3.0,user5365@mail.com,,UK
C5367,Ravi,Male,43.0,Chennai,,2020-12-16,2460.355,3.0,,,Canada
,Unknown,Unknown,43.0,Delhi,,2025-03-09,1621.98,1.0,user5367@mail.com,,Unknown
5369,Unknown,Female,43.0,Pune,,2021-07-28,2460.355,3.0,,9810333156,Unknown
C5370,Unknown,Unknown,43.0,Unknown,,,2460.355,3.0,,,Canada
5371,Unknown,Female,43.0,Chennai,,2025-04-27,2460.355,2.0,,,Australia
5372,Unknown,Unknown,43.0,Chennai,,2022-07-27,2460.355,3.0,user5371@mail.com,,Canada
5373,Unknown,Female,43.0,Unknown,2021-07-10,2023-11-07,2460.355,3.0,user5372@mail.com,,India
5374,Neha,Male,43.0,Pune,,2025-02-13,2460.355,3.0,,,Australia
5375,Ankit,Female,43.0,Kolkata,2022-01-10,,2460.355,3.0,,,Unknown
5376,Priya,Male,43.0,Pune,,,2460.355,3.0,,9425978119,USA
,Ankit,Female,43.0,Unknown,,,2460.355,3.0,user5376@mail.com,9462997877,USA
,Sneha,Female,43.0,Delhi,,,2460.355,3.0,,,USA
5379,Simran,Male,43.0,Kolkata,2024-04-24,2021-05-20,2460.355,3.0,,9824696902,Australia
,Ankit,Female,65.0,Unknown,,2024-09-22,2460.355,3.0,,,Unknown
C5381,Neha,Male,43.0,Mumbai,,2025-11-15,2460.355,3.0,,9915294539,Australia
C5382,Ravi,Male,20.0,Kolkata,,,2460.355,3.0,user5381@mail.com,,Australia
5383,Unknown,Female,43.0,Hyderabad,2022-12-05,2023-02-22,2460.355,5.0,user5382@mail.com,,USA
5384,Simran,Female,70.0,Kolkata,2023-03-29,,2460.355,3.0,user5383@mail.com,,UK
5386,Priya,Unknown,43.0,Pune,2022-08-05,,2460.355,3.0,,,Unknown
5387,Ravi,Male,43.0,Unknown,,2022-02-07,2460.355,3.0,,,Australia
C5388,Sneha,Unknown,43.0,Ahmedabad,2024-02-22,,2460.355,3.0,user5387@mail.com,,Australia
,Unknown,Male,49.0,Ahmedabad,2021-06-03,,2460.355,3.0,,,Australia
5390,Neha,Male,43.0,Bangalore,2025-11-19,2025-01-21,2460.355,5.0,user5389@mail.com,,USA
C5391,Unknown,Female,43.0,Mumbai,,,2460.355,2.0,,9847692358,Canada
5392,Ravi,Male,43.0,Unknown,,,2460.355,3.0,,9914615996,Unknown
5393,Unknown,Female,43.0,Hyderabad,,2021-01-07,2460.355,3.0,,,Unknown
5394,Ankit,Female,43.0,Mumbai,,,76.87,3.0,,,USA
C5395,Ravi,Unknown,43.0,Pune,2025-11-04,,2460.355,3.0,,,USA
,Sneha,Female,45.0,Hyderabad,,,2460.355,3.0,,,USA
5397,Amit,Female,43.0,Pune,,,2460.355,3.0,,,India
5398,Ankit,Female,43.0,Ahmedabad,2022-12-01,,2460.355,3.0,,9260617437,UK
5399,Unknown,Female,43.0,Bangalore,,,2460.355,3.0,user5398@mail.com,,India
5400,Ankit,Female,43.0,Hyderabad,,2023-09-14,2460.355,3.0,,,Unknown
5401,Unknown,Female,43.0,Ahmedabad,,2023-04-28,2460.355,3.0,,,India
5402,Pooja,Female,43.0,Delhi,2025-05-05,,2460.355,1.0,,,Australia
5403,Rahul,Female,43.0,Pune,,2022-07-06,2460.355,3.0,,,India
5404,Sneha,Male,43.0,Kolkata,,,3414.42,3.0,,,Australia
5405,Simran,Female,43.0,Hyderabad,2022-12-11,,2460.355,3.0,,,India
,Unknown,Male,43.0,Hyderabad,2023-10-08,,2460.355,3.0,user5405@mail.com,9444337386,Canada
,Neha,Female,43.0,Kolkata,,2024-08-18,2460.355,2.0,user5406@mail.com,,UK
5408,Simran,Male,43.0,Mumbai,,,2460.355,3.0,,,UK
,Amit,Female,43.0,Unknown,2024-11-10,,2460.355,3.0,,,India
C5410,Unknown,Male,60.0,Hyderabad,2020-12-06,,2460.355,1.0,,,Unknown
5411,Priya,Male,43.0,Pune,,2021-11-27,2460.355,3.0,user5410@mail.com,,Canada
C5412,Ankit,Female,43.0,Delhi,2021-01-17,,2460.355,3.0,user5411@mail.com,,Unknown
,Simran,Female,43.0,Chennai,2025-05-29,2024-12-22,2460.355,3.0,,,Unknown
5414,Rahul,Male,43.0,Hyderabad,,2022-10-31,2460.355,4.0,,,Australia
C5415,Rahul,Female,43.0,Chennai,2025-07-23,,2460.355,3.0,,,Australia
C5416,Ravi,Unknown,23.0,Unknown,2022-12-02,2021-02-16,2460.355,3.0,,,USA
5417,Rahul,Male,35.0,Unknown,2020-11-06,2021-09-09,2460.355,3.0,user5416@mail.com,,Australia
5418,Pooja,Female,43.0,Chennai,2021-06-21,,2460.355,3.0,,,Unknown
5419,Ankit,Male,43.0,Mumbai,,,2460.355,3.0,user5418@mail.com,9507766897,UK
,Kiran,Male,43.0,Delhi,,,2460.355,3.0,,,Unknown
,Amit,Unknown,52.0,Hyderabad,,2021-03-25,2460.355,4.0,,9639407295,Australia
5422,Kiran,Unknown,43.0,Delhi,2021-11-13,,2460.355,3.0,user5421@mail.com,9275017879,India
5423,Kiran,Male,43.0,Kolkata,2022-09-26,,2460.355,3.0,,,Unknown
5424,Ravi,Unknown,34.0,Kolkata,2025-11-04,2023-04-28,2460.355,3.0,,,Australia
5425,Ankit,Unknown,20.0,Bangalore,,2021-06-18,2460.355,3.0,,,Unknown
5426,Unknown,Male,43.0,Hyderabad,2020-09-24,,2460.355,3.0,user5425@mail.com,,Australia
C5427,Simran,Male,43.0,Mumbai,,,854.9,3.0,,,Unknown
5428,Unknown,Female,43.0,Kolkata,,,2460.355,3.0,,,UK
5429,Priya,Male,43.0,Hyderabad,,2024-04-07,2460.355,3.0,user5428@mail.com,,UK
5430,Neha,Female,43.0,Kolkata,2025-05-23,,2460.355,3.0,,,India
,Sneha,Unknown,25.0,Bangalore,2022-04-11,,2460.355,3.0,,,Canada
5432,Unknown,Unknown,43.0,Unknown,,,2460.355,3.0,user5431@mail.com,,Canada
,Ankit,Unknown,43.0,Chennai,2024-09-12,,4612.31,3.0,user5432@mail.com,,Canada
C5434,Amit,Unknown,23.0,Unknown,,,2460.355,3.0,user5433@mail.com,,UK
C5435,Priya,Female,42.0,Pune,,2020-09-09,2460.355,3.0,user5434@mail.com,9302917739,UK
C5436,Unknown,Male,43.0,Bangalore,,,2182.03,5.0,,,Unknown
,Sneha,Female,43.0,Unknown,2023-10-16,,2460.355,3.0,user5436@mail.com,,UK
5438,Pooja,Male,43.0,Pune,,,2460.355,3.0,,,Canada
5439,Sneha,Male,43.0,Hyderabad,,,2460.355,3.0,user5438@mail.com,,Canada
5440,Ankit,Female,43.0,Unknown,,,2035.64,3.0,,9784336122,USA
C5441,Kiran,Unknown,43.0,Pune,2022-11-27,,2460.355,3.0,,,Unknown
C5442,Ankit,Female,43.0,Chennai,,,2460.355,3.0,,9220584890,Canada
5443,Ravi,Female,43.0,Chennai,,,363.89,3.0,,9361128146,India
5444,Ankit,Unknown,43.0,Bangalore,,,2619.28,1.0,,,UK
5445,Simran,Male,43.0,Bangalore,2023-05-21,,2460.355,3.0,user5444@mail.com,,Unknown
,Ankit,Unknown,43.0,Mumbai,2022-08-19,,2460.355,4.0,,,USA
5447,Ravi,Unknown,43.0,Mumbai,2023-11-19,,4447.63,4.0,user5446@mail.com,9279647398,India
5448,Ankit,Male,35.0,Bangalore,,,3556.34,3.0,,,India
5449,Unknown,Male,43.0,Unknown,2021-03-04,2023-05-28,2460.355,3.0,,,UK
5450,Ravi,Male,43.0,Chennai,,2020-08-07,2460.355,2.0,user5449@mail.com,,UK
,Ankit,Female,43.0,Bangalore,,,3099.55,2.0,,,Canada
C5452,Neha,Female,47.0,Mumbai,,,2460.355,2.0,user5451@mail.com,,USA
5453,Kiran,Male,46.0,Kolkata,2022-08-30,,2460.355,3.0,,9901972997,UK
5454,Ravi,Female,43.0,Delhi,2021-01-20,,2460.355,5.0,user5453@mail.com,9101229376,USA
5455,Unknown,Female,43.0,Unknown,2025-11-26,,2387.49,3.0,,,USA
,Pooja,Male,18.0,Bangalore,2021-03-20,2025-03-25,2460.355,3.0,,,UK
C5457,Pooja,Female,26.0,Ahmedabad,,,2460.355,3.0,,9226993761,USA
5458,Amit,Unknown,43.0,Chennai,2021-02-06,,2460.355,3.0,,9358933651,Canada
5459,Ravi,Male,24.0,Ahmedabad,,,2460.355,3.0,,,Unknown
5460,Rahul,Male,43.0,Kolkata,,2025-07-15,2460.355,5.0,,,Canada
,Unknown,Male,27.0,Ahmedabad,,,2460.355,3.0,,9957488436,Australia
,Amit,Male,43.0,Unknown,,2024-04-26,2460.355,3.0,,9971173870,UK
5463,Sneha,Female,43.0,Delhi,2022-01-14,,1958.57,3.0,,,Australia
5464,Amit,Female,43.0,Pune,,,3180.63,3.0,,9382696548,USA
5465,Amit,Unknown,43.0,Chennai,,,323.23,3.0,user5464@mail.com,,India
5467,Rahul,Female,43.0,Unknown,2023-02-14,2023-06-17,2460.355,3.0,,,USA
,Sneha,Female,27.0,Chennai,2025-09-15,,2460.355,3.0,,9128451066,Canada
5469,Ankit,Male,43.0,Bangalore,,,2460.355,3.0,,9575990734,Australia
C5470,Neha,Female,43.0,Bangalore,2020-12-14,,2460.355,3.0,user5469@mail.com,,Unknown
C5471,Unknown,Female,43.0,Delhi,,2023-07-30,2460.355,3.0,,,India
5472,Unknown,Male,43.0,Pune,2022-07-12,,2460.355,3.0,,,Australia
5473,Simran,Male,44.0,Hyderabad,2024-12-05,2025-04-21,2460.355,3.0,,9724223586,India
5474,Simran,Female,43.0,Hyderabad,,,845.11,3.0,user5473@mail.com,,Unknown
,Unknown,Unknown,43.0,Ahmedabad,,,2460.355,3.0,,,India
5476,Simran,Male,43.0,Hyderabad,,2020-12-25,2460.355,3.0,,9797909495,UK
,Kiran,Female,43.0,Bangalore,,,2460.355,3.0,user5476@mail.com,9440902569,Canada
5478,Neha,Female,43.0,Unknown,2022-02-04,,2460.355,3.0,,,UK
,Pooja,Male,43.0,Chennai,,,2460.355,5.0,,,USA
5480,Priya,Male,43.0,Hyderabad,2021-12-23,2025-03-29,2460.355,3.0,,,USA
5481,Amit,Unknown,43.0,Unknown,,2025-05-24,2460.355,3.0,,,Australia
5482,Priya,Female,43.0,Bangalore,2023-07-06,,2460.355,3.0,,,Unknown
5483,Neha,Male,33.0,Unknown,,,2460.355,3.0,,,USA
5484,Amit,Unknown,43.0,Unknown,,,2460.355,3.0,user5483@mail.com,,Canada
,Ankit,Male,43.0,Chennai,,2025-04-19,2460.355,3.0,,,Unknown
5486,Rahul,Female,43.0,Pune,2021-04-01,2023-04-22,2460.355,5.0,,,Unknown
5487,Unknown,Female,43.0,Chennai,,,4997.87,4.0,,9409909683,India
,Unknown,Female,43.0,Unknown,2022-08-31,2022-07-23,787.16,3.0,,,UK
,Priya,Unknown,43.0,Delhi,2021-02-03,,2460.355,3.0,,,Unknown
C5490,Unknown,Unknown,43.0,Kolkata,,2025-06-13,2460.355,3.0,,,India
C5491,Simran,Female,43.0,Delhi,,2025-09-22,2460.355,1.0,,,Canada
C5492,Sneha,Female,53.0,Ahmedabad,2025-04-26,,2460.355,3.0,user5491@mail.com,9174501147,USA
5493,Ravi,Male,54.0,Delhi,,,2460.355,3.0,,,Canada
C5494,Rahul,Male,43.0,Hyderabad,,,2460.355,3.0,user5493@mail.com,,Australia
5495,Unknown,Female,43.0,Ahmedabad,2020-11-28,,2460.355,3.0,user5494@mail.com,,Canada
5496,Unknown,Female,43.0,Delhi,,2021-01-08,2460.355,3.0,,,India
C5497,Priya,Male,43.0,Kolkata,,,2460.355,3.0,user5496@mail.com,9816677166,India
5498,Ankit,Male,43.0,Hyderabad,,,2460.355,3.0,,,Unknown
C5499,Priya,Female,43.0,Mumbai,2025-06-12,2025-08-01,2460.355,3.0,,,UK
,Amit,Male,24.0,Pune,,,2460.355,3.0,,,UK
,Sneha,Male,43.0,Bangalore,,2022-12-30,2460.355,2.0,,9859658744,Australia
C5502,Sneha,Unknown,43.0,Delhi,2024-10-19,,2460.355,3.0,user5501@mail.com,,Unknown
C5503,Priya,Female,43.0,Chennai,2025-05-22,2020-12-30,2460.355,3.0,,9808549976,Canada
,Kiran,Female,43.0,Bangalore,,,2460.355,3.0,,,India
C5505,Unknown,Female,43.0,Pune,,,150.09,5.0,user5504@mail.com,,Australia
,Unknown,Male,43.0,Pune,,2025-02-14,2460.355,3.0,user5505@mail.com,,UK
5507,Rahul,Male,43.0,Ahmedabad,2025-10-29,2022-09-24,1779.63,1.0,user5506@mail.com,9596909071,UK
C5508,Amit,Female,18.0,Unknown,2024-03-15,,2460.355,3.0,,,Australia
C5509,Priya,Female,43.0,Ahmedabad,2020-10-04,2022-07-25,2460.355,1.0,,,Australia
5510,Pooja,Unknown,47.0,Hyderabad,2024-01-10,,2460.355,3.0,user5509@mail.com,,USA
5511,Sneha,Male,43.0,Pune,,2023-09-09,758.99,3.0,,,USA
,Sneha,Male,27.0,Kolkata,2022-10-29,,4183.7,3.0,,,Unknown
5513,Simran,Female,30.0,Mumbai,,2024-08-24,4177.36,3.0,,9563627596,UK
5514,Kiran,Female,43.0,Bangalore,,,2460.355,1.0,,,USA
C5515,Ravi,Male,43.0,Kolkata,2022-10-05,,2460.355,3.0,,,UK
5516,Priya,Male,43.0,Kolkata,2024-01-06,,2460.355,4.0,,,Unknown
5517,Sneha,Male,43.0,Hyderabad,2024-01-19,,2460.355,3.0,,,Unknown
C5518,Sneha,Female,43.0,Ahmedabad,,,2460.355,3.0,user5517@mail.com,9830949046,UK
5519,Rahul,Male,43.0,Bangalore,,2022-10-03,2460.355,3.0,,,USA
5520,Rahul,Female,43.0,Chennai,,2025-11-04,2078.05,3.0,user5519@mail.com,,Unknown
5521,Unknown,Female,18.0,Mumbai,2023-07-10,,2460.355,3.0,,,Unknown
,Ravi,Unknown,43.0,Kolkata,2022-01-24,2020-09-03,1561.99,1.0,,,Unknown
5523,Kiran,Female,43.0,Hyderabad,2023-09-25,,2572.37,3.0,user5522@mail.com,9979330008,USA
,Amit,Unknown,43.0,Hyderabad,2020-12-07,2021-12-11,2460.355,3.0,,,Canada
C5525,Ankit,Male,43.0,Delhi,,,2460.355,3.0,,,Canada
C5526,Unknown,Unknown,43.0,Mumbai,2024-05-05,,2460.355,3.0,user5525@mail.com,,Canada
C5527,Amit,Unknown,46.0,Ahmedabad,2020-10-03,2022-08-03,2460.355,3.0,,,Unknown
5529,Neha,Female,43.0,Chennai,,,2460.355,1.0,,,India
5530,Priya,Unknown,43.0,Ahmedabad,,2023-12-28,2460.355,3.0,user5529@mail.com,9755901245,Canada
,Priya,Male,39.0,Mumbai,,,2460.355,3.0,,,Australia
5532,Rahul,Male,43.0,Hyderabad,,,2460.355,3.0,user5531@mail.com,9774264846,Unknown
C5533,Pooja,Male,67.0,Unknown,2023-10-21,,2460.355,3.0,user5532@mail.com,,UK
,Unknown,Unknown,43.0,Bangalore,2024-07-13,2022-01-02,2460.355,3.0,,,India
5535,Sneha,Female,43.0,Mumbai,2025-02-19,,2460.355,3.0,,9577211434,USA
,Sneha,Female,43.0,Chennai,2025-11-04,2022-04-08,2460.355,3.0,,,Canada
5537,Ravi,Unknown,43.0,Unknown,,,2460.355,3.0,,,USA
C5538,Priya,Female,42.0,Hyderabad,2022-06-03,,2460.355,3.0,,,India
5539,Neha,Female,43.0,Kolkata,2023-08-06,,1522.97,3.0,,,Australia
C5540,Rahul,Male,66.0,Hyderabad,2021-09-15,,175.51,3.0,user5539@mail.com,,India
C5541,Pooja,Female,43.0,Unknown,,,2460.355,3.0,,,UK
5542,Neha,Female,43.0,Chennai,,,2460.355,3.0,,,India
5543,Rahul,Male,43.0,Kolkata,,,985.66,5.0,,9345273677,USA
,Unknown,Male,43.0,Delhi,2024-09-07,,2460.355,5.0,,,Unknown
5545,Unknown,Unknown,43.0,Chennai,2021-06-18,,2460.355,3.0,,,Unknown
5546,Sneha,Female,43.0,Delhi,,,2460.355,3.0,,,UK
5547,Unknown,Male,43.0,Pune,2024-01-23,,2460.355,3.0,,,Unknown
,Amit,Female,43.0,Bangalore,2024-06-11,2023-01-11,4420.22,3.0,,,USA
,Rahul,Male,33.0,Kolkata,,,2460.355,5.0,,,USA
C5550,Unknown,Male,60.0,Ahmedabad,2024-03-10,,2460.355,3.0,,9107973488,India
5551,Unknown,Female,43.0,Bangalore,,,2460.355,3.0,,,USA
5552,Rahul,Female,43.0,Bangalore,,2023-10-10,2460.355,3.0,,9817463936,UK
5553,Neha,Male,43.0,Pune,,2024-11-11,2460.355,3.0,,,UK
5554,Neha,Female,43.0,Ahmedabad,2020-08-28,2021-08-17,2785.11,3.0,,9830120308,Canada
,Ravi,Male,41.0,Mumbai,2021-11-27,,4505.91,3.0,,,USA
5556,Unknown,Male,43.0,Pune,,2025-05-05,2460.355,3.0,user5555@mail.com,,UK
5557,Unknown,Male,43.0,Unknown,,2023-08-26,1089.27,3.0,,,USA
,Ravi,Male,30.0,Mumbai,,,2460.355,3.0,,,Canada
,Amit,Male,58.0,Mumbai,,,2460.355,3.0,,9765120877,Unknown
C5560,Ravi,Female,43.0,Unknown,,,2042.91,3.0,,,India
5561,Rahul,Female,43.0,Mumbai,,,351.9,3.0,,,UK
5562,Unknown,Female,47.0,Bangalore,2024-12-02,2025-01-04,2460.355,3.0,user5561@mail.com,9655256350,India
5563,Unknown,Female,43.0,Bangalore,,,2460.355,3.0,,,Unknown
5564,Sneha,Female,43.0,Ahmedabad,,,2460.355,3.0,user5563@mail.com,,Unknown
5565,Unknown,Unknown,43.0,Bangalore,2023-05-26,,2460.355,3.0,user5564@mail.com,9359882090,UK
C5566,Rahul,Unknown,43.0,Mumbai,,,2460.355,3.0,user5565@mail.com,,Canada
5567,Unknown,Male,43.0,Chennai,,2022-09-10,2460.355,3.0,,9247571374,Unknown
5568,Priya,Unknown,43.0,Mumbai,2022-01-03,2023-12-24,2460.355,3.0,user5567@mail.com,,India
5569,Amit,Unknown,43.0,Chennai,2023-08-30,2021-02-10,2460.355,3.0,,,India
5570,Ravi,Male,43.0,Bangalore,2025-09-29,,256.89,2.0,,,UK
5571,Priya,Male,43.0,Bangalore,,,2460.355,3.0,,,Australia
,Sneha,Unknown,55.0,Unknown,,,2460.355,5.0,user5571@mail.com,,Unknown
5573,Rahul,Female,43.0,Bangalore,,2024-04-22,2460.355,2.0,user5572@mail.com,9463410134,UK
C5574,Sneha,Female,43.0,Mumbai,,,2460.355,3.0,,,Canada
C5575,Rahul,Male,43.0,Mumbai,2020-12-29,,2460.355,3.0,,9860598397,India
C5576,Unknown,Female,43.0,Delhi,2022-06-16,,2460.355,3.0,,,USA
5577,Ravi,Unknown,43.0,Hyderabad,,2023-06-01,2576.89,3.0,,,Canada
5578,Kiran,Male,43.0,Kolkata,,,2460.355,3.0,user5577@mail.com,,Australia
5579,Unknown,Male,43.0,Chennai,2025-03-25,2025-08-16,2460.355,3.0,,,Australia
5580,Unknown,Male,43.0,Hyderabad,,,2460.355,3.0,,,Australia
5581,Ankit,Male,69.0,Pune,,,2460.355,3.0,,9630196827,USA
C5582,Unknown,Male,43.0,Chennai,2022-05-31,2025-06-22,2460.355,3.0,user5581@mail.com,,Canada
5583,Ravi,Female,43.0,Hyderabad,2021-09-05,,2460.355,3.0,,,Australia
5584,Neha,Female,43.0,Mumbai,,,481.55,1.0,user5583@mail.com,9602643279,Australia
,Kiran,Female,43.0,Delhi,2021-03-05,2023-05-02,1833.38,1.0,,,Canada
5586,Pooja,Male,43.0,Unknown,,,2460.355,1.0,,,Australia
5587,Pooja,Female,31.0,Mumbai,,,2460.355,3.0,,,Canada
5588,Amit,Male,43.0,Hyderabad,2022-02-18,,2460.355,3.0,,,Canada
C5590,Sneha,Unknown,50.0,Hyderabad,,,2460.355,3.0,,,Unknown
C5591,Kiran,Female,43.0,Unknown,,,2460.355,2.0,,,Unknown
5592,Sneha,Unknown,43.0,Pune,2024-07-23,,2460.355,3.0,,,India
5593,Sneha,Female,43.0,Ahmedabad,2025-10-22,2022-12-29,2460.355,5.0,,,India
5594,Neha,Female,43.0,Chennai,2022-09-28,,4587.57,3.0,,,UK
5595,Sneha,Male,43.0,Mumbai,,,2460.355,3.0,,,UK
C5596,Ravi,Unknown,69.0,Mumbai,2023-04-05,,2460.355,3.0,,,UK
5597,Unknown,Female,39.0,Kolkata,2024-04-17,,2460.355,3.0,,9819014986,USA
5598,Sneha,Female,61.0,Kolkata,,2025-05-06,2460.355,4.0,,,India
5599,Rahul,Female,56.0,Chennai,2024-01-09,,2612.22,4.0,,9195663626,Australia
,Unknown,Unknown,43.0,Pune,2022-10-24,2023-04-16,2460.355,3.0,,9379606486,Unknown
,Ravi,Male,43.0,Delhi,,2024-11-15,2460.355,1.0,,,India
,Ravi,Female,43.0,Ahmedabad,,,2460.355,3.0,,,USA
,Priya,Unknown,43.0,Bangalore,2023-09-22,,3841.51,3.0,,,India
C5604,Sneha,Female,43.0,Kolkata,,,2679.95,3.0,user5603@mail.com,,India
,Sneha,Unknown,43.0,Hyderabad,2025-06-15,2025-01-14,2460.355,3.0,,,Unknown
5606,Ankit,Male,43.0,Chennai,,,2460.355,3.0,,,India
5607,Priya,Female,43.0,Pune,,2021-12-09,2783.26,3.0,user5606@mail.com,,India
5608,Kiran,Unknown,60.0,Pune,2023-12-29,,2460.355,3.0,,,Unknown
5609,Neha,Male,43.0,Ahmedabad,2023-05-13,,339.7,3.0,user5608@mail.com,,India
5610,Ankit,Male,43.0,Chennai,,,2460.355,3.0,,,India
5611,Pooja,Male,43.0,Pune,,2025-07-12,2460.355,3.0,,,Australia
C5612,Ravi,Unknown,43.0,Hyderabad,,,2460.355,3.0,user5611@mail.com,,Canada
C5613,Kiran,Unknown,43.0,Hyderabad,,,2460.355,1.0,,9908937908,Unknown
5614,Ankit,Male,43.0,Chennai,2025-08-14,,2460.355,3.0,user5613@mail.com,,Australia
C5615,Kiran,Female,43.0,Chennai,2024-07-15,,4967.76,3.0,user5614@mail.com,,USA
,Simran,Male,42.0,Bangalore,,,2460.355,2.0,,,UK
C5617,Unknown,Unknown,57.0,Bangalore,,,2460.355,3.0,,,India
5618,Priya,Unknown,61.0,Mumbai,,,2460.355,5.0,user5617@mail.com,9400684119,Canada
5619,Sneha,Male,21.0,Chennai,,,2460.355,3.0,user5618@mail.com,9360062507,Australia
5620,Rahul,Male,43.0,Hyderabad,2021-05-13,2022-09-01,2460.355,1.0,,,Canada
C5621,Unknown,Male,43.0,Chennai,2020-12-10,2025-10-08,2460.355,3.0,,9306420616,Australia
C5622,Rahul,Male,67.0,Ahmedabad,,,2088.12,3.0,,,India
C5623,Kiran,Female,43.0,Pune,2025-04-21,,2460.355,2.0,,,Unknown
C5624,Rahul,Female,43.0,Hyderabad,,,144.69,2.0,user5623@mail.com,9662095836,Canada
,Neha,Female,43.0,Delhi,2021-04-26,,2460.355,3.0,,,Canada
5626,Unknown,Male,43.0,Mumbai,2021-03-01,,599.46,3.0,,9249467218,Unknown
,Ravi,Female,43.0,Kolkata,2025-07-20,2021-05-29,2460.355,3.0,,,Unknown
5628,Ravi,Male,43.0,Mumbai,2021-08-06,,2460.355,3.0,,,Canada
5629,Unknown,Male,22.0,Kolkata,,2022-12-24,2460.355,3.0,,,Unknown
5630,Ravi,Unknown,43.0,Unknown,,,201.89,3.0,,,India
5631,Simran,Male,43.0,Unknown,2020-11-18,2021-01-15,2460.355,3.0,,,Australia
5632,Ankit,Female,43.0,Mumbai,2021-08-26,,1427.6,3.0,,,Australia
C5633,Unknown,Male,43.0,Pune,,,2460.355,3.0,,,UK
5634,Sneha,Male,43.0,Mumbai,,2020-10-06,2692.05,2.0,user5633@mail.com,,Canada
C5635,Simran,Male,43.0,Pune,2022-04-23,,2460.355,3.0,user5634@mail.com,,Unknown
5636,Pooja,Female,43.0,Pune,2023-06-08,,2460.355,5.0,user5635@mail.com,9582606144,Australia
5637,Rahul,Unknown,23.0,Hyderabad,,,2460.355,3.0,user5636@mail.com,9277635991,Australia
5638,Sneha,Unknown,43.0,Delhi,,,2460.355,3.0,user5637@mail.com,,USA
5639,Amit,Female,43.0,Bangalore,2023-11-14,,2460.355,5.0,user5638@mail.com,9484967882,UK
C5640,Pooja,Female,43.0,Pune,,2026-01-09,2460.355,3.0,,,India
,Kiran,Male,59.0,Kolkata,,,2460.355,3.0,,,Australia
C5642,Rahul,Female,43.0,Bangalore,2025-03-02,,2460.355,3.0,,,USA
5643,Simran,Unknown,43.0,Delhi,2022-10-20,2023-05-29,2460.355,3.0,,9244954050,UK
5644,Sneha,Male,43.0,Delhi,,,2460.355,3.0,,,Unknown
,Neha,Female,43.0,Delhi,2023-07-30,,2460.355,3.0,,,USA
C5646,Kiran,Female,43.0,Ahmedabad,2021-01-30,,727.64,3.0,,,USA
,Pooja,Male,43.0,Hyderabad,,,2460.355,3.0,,,USA
5648,Kiran,Female,31.0,Bangalore,2021-01-10,2021-08-27,628.99,3.0,,9519417139,UK
C5649,Ravi,Male,43.0,Bangalore,,,3457.98,5.0,,,UK
5650,Ankit,Male,29.0,Mumbai,2021-12-08,2023-01-26,1806.71,3.0,,9345469129,India
,Rahul,Female,43.0,Delhi,,,2460.355,3.0,,,USA
C5652,Amit,Male,43.0,Mumbai,2025-06-21,2022-01-23,2460.355,3.0,,,UK
5653,Pooja,Male,30.0,Kolkata,2024-07-06,,2460.355,3.0,user5652@mail.com,,USA
5654,Ravi,Unknown,43.0,Bangalore,,2023-10-26,2460.355,3.0,,,India
C5655,Amit,Unknown,43.0,Ahmedabad,2025-07-06,,2460.355,3.0,,,Canada
,Ravi,Female,27.0,Pune,,,4647.98,3.0,,,India
5657,Pooja,Unknown,62.0,Unknown,2024-08-23,,2460.355,3.0,,,India
5658,Sneha,Male,43.0,Kolkata,2021-09-09,2022-08-06,2460.355,3.0,,9790189797,Canada
5659,Pooja,Female,43.0,Hyderabad,2024-06-21,,2460.355,3.0,,9766382825,UK
C5660,Pooja,Male,43.0,Kolkata,2025-05-05,,4977.36,3.0,,,India
5661,Priya,Male,43.0,Unknown,2021-07-22,,1505.3,3.0,,,India
,Ravi,Female,43.0,Chennai,2022-04-07,,2460.355,3.0,,,India
5663,Unknown,Female,43.0,Kolkata,2024-06-22,2024-03-26,1299.42,3.0,,,USA
5664,Rahul,Male,43.0,Delhi,,,3585.22,3.0,,,India
5665,Rahul,Male,43.0,Kolkata,,,2403.64,3.0,,,Unknown
,Ankit,Male,59.0,Mumbai,2021-11-20,,2460.355,2.0,,,Australia
5667,Ankit,Female,43.0,Pune,,,1801.94,3.0,user5666@mail.com,,Canada
C5668,Sneha,Male,43.0,Pune,2024-02-24,,2460.355,3.0,,,Canada
5669,Sneha,Male,37.0,Bangalore,,,2460.355,3.0,,9887870448,UK
5670,Pooja,Male,43.0,Hyderabad,,2022-05-09,3597.48,3.0,,,Australia
5671,Simran,Unknown,40.0,Bangalore,,,2460.355,3.0,,,UK
5672,Kiran,Male,43.0,Pune,,2023-11-06,2460.355,3.0,,9705224697,UK
C5673,Unknown,Female,43.0,Hyderabad,2024-08-18,2025-09-20,2460.355,3.0,,,Australia
C5674,Neha,Female,40.0,Pune,,2025-08-30,1716.24,3.0,user5673@mail.com,,India
C5675,Sneha,Female,42.0,Chennai,,,2460.355,3.0,,,Australia
C5676,Neha,Female,43.0,Ahmedabad,2024-09-18,,2460.355,3.0,,,India
5677,Sneha,Unknown,26.0,Delhi,,,2460.355,3.0,,,Unknown
,Amit,Male,43.0,Pune,2022-03-09,,2460.355,3.0,user5677@mail.com,,Australia
5679,Simran,Male,67.0,Kolkata,2025-06-09,,2460.355,3.0,,9298436219,USA
,Pooja,Male,43.0,Delhi,2022-09-05,,637.48,3.0,,9900333938,USA
C5681,Simran,Male,43.0,Bangalore,,,1141.01,4.0,,,Australia
,Amit,Female,43.0,Chennai,,,2460.355,3.0,,,Australia
C5683,Unknown,Female,43.0,Delhi,,,3900.45,3.0,,,India
5684,Amit,Unknown,43.0,Chennai,2021-10-30,,2460.355,3.0,,,Canada
5685,Pooja,Unknown,51.0,Chennai,,2021-08-14,2460.355,3.0,,,Unknown
5686,Amit,Female,43.0,Ahmedabad,,,2460.355,3.0,,9747697121,Unknown
5687,Unknown,Male,32.0,Unknown,2023-08-13,,929.51,3.0,user5686@mail.com,9244455858,Australia
5688,Rahul,Male,39.0,Chennai,2022-12-22,,2460.355,3.0,,9812616954,USA
C5689,Sneha,Female,43.0,Ahmedabad,2023-05-09,,2545.73,4.0,user5688@mail.com,,UK
C5690,Ravi,Male,43.0,Delhi,,,2460.355,3.0,,,UK
,Unknown,Male,27.0,Chennai,2023-08-03,2021-09-08,2460.355,3.0,user5690@mail.com,,UK
5692,Rahul,Male,43.0,Kolkata,,,2460.355,3.0,,9257698922,Unknown
C5693,Unknown,Female,19.0,Kolkata,,2025-05-09,2460.355,3.0,user5692@mail.com,,Unknown
,Rahul,Male,30.0,Pune,2025-01-09,,2460.355,3.0,user5693@mail.com,,UK
5695,Priya,Male,43.0,Chennai,,2025-09-13,2460.355,3.0,,,Canada
5696,Unknown,Unknown,43.0,Chennai,,,1901.25,3.0,,9885213145,Canada
5697,Unknown,Female,26.0,Unknown,2025-08-17,,4591.58,2.0,,,USA
,Unknown,Female,19.0,Mumbai,2023-02-03,,2460.355,3.0,,,Unknown
C5699,Kiran,Unknown,43.0,Kolkata,,,2460.355,3.0,,9169899589,Australia
C5700,Sneha,Unknown,43.0,Chennai,,2025-01-10,2460.355,3.0,,9348811905,UK
C5701,Amit,Unknown,40.0,Unknown,,2023-11-25,3371.95,1.0,,,Unknown
5702,Sneha,Male,47.0,Delhi,2022-06-03,2025-08-14,2460.355,3.0,,,Canada
5703,Ankit,Female,43.0,Chennai,2023-04-27,,2460.355,3.0,user5702@mail.com,,Australia
C5704,Rahul,Unknown,43.0,Bangalore,,,2460.355,3.0,,9839423080,UK
5705,Neha,Male,43.0,Ahmedabad,,,2460.355,5.0,,,India
,Neha,Unknown,43.0,Ahmedabad,2020-10-05,,1474.33,2.0,,,Australia
5707,Pooja,Female,43.0,Delhi,,,2460.355,3.0,,,India
5708,Unknown,Female,43.0,Unknown,2020-10-09,,537.74,3.0,,,USA
5709,Ravi,Female,43.0,Pune,2023-05-03,,2167.7,3.0,,9852826494,UK
C5710,Pooja,Female,43.0,Chennai,,2026-01-16,2460.355,3.0,,9329722935,Canada
,Rahul,Male,43.0,Hyderabad,,2024-08-13,2460.355,3.0,,,Canada
C5712,Rahul,Unknown,43.0,Pune,2023-06-29,,2460.355,3.0,,,USA
,Unknown,Female,43.0,Pune,2024-07-06,,2460.355,3.0,user5712@mail.com,,USA
5714,Ankit,Female,43.0,Unknown,2025-08-27,,2460.355,3.0,,,USA
5715,Ravi,Female,43.0,Bangalore,2025-01-02,,2460.355,2.0,,,USA
,Neha,Female,43.0,Unknown,2024-06-18,,2460.355,3.0,,,Unknown
5717,Rahul,Female,43.0,Delhi,2023-06-28,,2460.355,1.0,,9921038921,UK
,Ankit,Male,43.0,Pune,,,4408.21,3.0,user5717@mail.com,,Canada
5719,Priya,Unknown,43.0,Unknown,,,1760.42,3.0,,,India
5720,Kiran,Male,43.0,Kolkata,,,2460.355,3.0,,,UK
C5721,Ankit,Unknown,43.0,Hyderabad,2023-03-23,,2460.355,3.0,,,Canada
,Unknown,Female,43.0,Ahmedabad,,,4524.61,3.0,,,USA
,Simran,Unknown,43.0,Ahmedabad,,,2863.82,3.0,,9910003681,UK
5724,Amit,Unknown,43.0,Kolkata,,,785.65,3.0,,,USA
5725,Sneha,Unknown,43.0,Delhi,2022-06-15,,4872.89,3.0,,,UK
,Rahul,Unknown,43.0,Mumbai,,,1136.46,3.0,,9758524741,Canada
,Rahul,Female,51.0,Unknown,,2025-11-16,2460.355,1.0,,,India
C5728,Kiran,Unknown,43.0,Delhi,2024-05-30,2023-08-31,987.74,3.0,,,UK
,Priya,Male,43.0,Delhi,2025-08-04,2021-03-08,1973.88,3.0,,,UK
,Amit,Male,43.0,Pune,,2025-11-06,2460.355,3.0,,,USA
5731,Priya,Female,43.0,Hyderabad,2024-02-28,,2460.355,3.0,user5730@mail.com,,India
5732,Neha,Male,40.0,Chennai,,,2727.76,3.0,,,Unknown
5733,Ankit,Female,43.0,Mumbai,2023-11-23,,2460.355,1.0,,9374981457,India
5734,Unknown,Unknown,43.0,Chennai,,,2460.355,3.0,,,UK
5735,Neha,Female,43.0,Mumbai,,2023-04-30,2460.355,3.0,user5734@mail.com,,India
5736,Neha,Female,43.0,Ahmedabad,,,2460.355,1.0,,,UK
,Priya,Female,31.0,Chennai,,2024-01-06,2460.355,3.0,,9367415481,USA
C5738,Unknown,Female,43.0,Bangalore,,,2460.355,3.0,,,UK
5739,Ravi,Unknown,43.0,Ahmedabad,2024-08-23,,2460.355,5.0,,,India
5740,Neha,Female,43.0,Chennai,,,2460.355,3.0,,,Unknown
5741,Rahul,Male,43.0,Ahmedabad,2022-10-01,2021-08-06,3154.45,3.0,,,Unknown
C5742,Unknown,Male,43.0,Kolkata,,2022-05-30,2460.355,3.0,,,UK
,Rahul,Female,43.0,Hyderabad,2024-09-02,,2564.43,3.0,,9550696903,India
C5744,Ravi,Male,43.0,Mumbai,,,2460.355,3.0,user5743@mail.com,,UK
,Unknown,Female,43.0,Hyderabad,2024-11-08,,2460.355,3.0,user5744@mail.com,,Australia
C5746,Simran,Male,43.0,Delhi,2020-11-13,,2460.355,3.0,,,Unknown
,Sneha,Female,43.0,Delhi,,,4136.3,3.0,,,Canada
5748,Priya,Female,43.0,Bangalore,,2024-08-18,1106.5,3.0,,,Canada
,Unknown,Female,20.0,Kolkata,,2022-04-07,2460.355,3.0,,9404565156,Canada
,Rahul,Female,44.0,Pune,2022-06-28,,4011.25,3.0,,,USA
5751,Priya,Unknown,43.0,Kolkata,,2025-12-04,2460.355,3.0,user5750@mail.com,,India
5752,Unknown,Female,43.0,Hyderabad,,,2460.355,3.0,,,Canada
5753,Amit,Female,43.0,Unknown,,,2460.355,3.0,,,India
5754,Rahul,Female,43.0,Delhi,2020-11-09,,2327.79,3.0,,,Unknown
5755,Unknown,Male,43.0,Mumbai,2024-05-10,2023-02-06,1350.43,3.0,,,UK
,Pooja,Male,43.0,Kolkata,,2021-04-03,2946.87,3.0,,9933255032,Australia
C5757,Sneha,Female,43.0,Hyderabad,2023-06-03,,2460.355,3.0,,,India
C5758,Sneha,Unknown,43.0,Chennai,2022-04-17,2024-10-27,2460.355,3.0,,9974564016,Australia
,Kiran,Female,43.0,Hyderabad,,2021-06-03,3950.0,4.0,,,India
C5760,Amit,Female,43.0,Ahmedabad,,,2460.355,3.0,user5759@mail.com,9978024258,UK
5761,Pooja,Male,43.0,Bangalore,2021-06-14,2024-10-13,2460.355,3.0,,,UK
5762,Kiran,Female,43.0,Ahmedabad,,2023-07-29,2460.355,3.0,,,Canada
C5763,Priya,Unknown,43.0,Pune,2025-01-19,,2460.355,5.0,,,Canada
C5764,Neha,Male,43.0,Chennai,,2024-11-02,2460.355,3.0,user5763@mail.com,,USA
,Pooja,Unknown,43.0,Ahmedabad,2022-06-11,,936.53,3.0,user5764@mail.com,9943776143,Australia
C5766,Kiran,Unknown,29.0,Ahmedabad,2023-11-05,2021-09-07,1347.79,3.0,user5765@mail.com,,Canada
,Rahul,Female,43.0,Chennai,,2022-07-11,2460.355,3.0,,,Unknown
C5768,Simran,Male,43.0,Bangalore,,2024-03-26,2460.355,3.0,user5767@mail.com,,Unknown
5769,Sneha,Male,54.0,Chennai,,,2460.355,3.0,,9815251293,UK
5770,Priya,Male,43.0,Bangalore,,,2460.355,5.0,user5769@mail.com,,Canada
,Pooja,Female,43.0,Ahmedabad,2023-07-24,2024-09-05,2460.355,3.0,,,USA
,Rahul,Male,43.0,Bangalore,2025-10-08,,2460.355,3.0,,,USA
5773,Simran,Male,43.0,Unknown,2025-10-03,,3725.26,3.0,,,Unknown
,Sneha,Unknown,43.0,Delhi,,,1650.04,3.0,user5773@mail.com,,USA
5775,Neha,Female,43.0,Bangalore,,,2460.355,3.0,,9949832996,Canada
,Simran,Female,43.0,Delhi,,2024-10-22,2460.355,3.0,,,India
5777,Pooja,Female,51.0,Chennai,2024-01-14,2022-09-13,3719.95,3.0,,,USA
C5778,Unknown,Male,43.0,Bangalore,,2024-06-16,2460.355,3.0,,,UK
5779,Kiran,Unknown,43.0,Bangalore,2023-07-01,2021-05-20,2460.355,3.0,user5778@mail.com,,Australia
,Ankit,Unknown,67.0,Kolkata,,2020-08-06,4132.7,3.0,,9281796791,UK
5781,Kiran,Unknown,43.0,Pune,2021-02-24,2021-12-13,2460.355,3.0,,,Australia
,Simran,Unknown,58.0,Kolkata,2022-11-03,,2460.355,3.0,user5781@mail.com,,Unknown
,Amit,Unknown,43.0,Delhi,,2021-10-02,2460.355,3.0,,,USA
5784,Ravi,Unknown,59.0,Pune,,2025-08-25,2460.355,3.0,,,Australia
,Amit,Female,43.0,Hyderabad,2022-02-15,,253.59,3.0,,,USA
,Neha,Female,43.0,Bangalore,,,2460.355,3.0,,,Canada
C5787,Rahul,Male,43.0,Unknown,,,2460.355,3.0,,,Canada
,Sneha,Male,43.0,Mumbai,2020-12-23,,497.01,1.0,user5787@mail.com,,Australia
,Kiran,Unknown,43.0,Unknown,2021-11-25,,2460.355,3.0,user5788@mail.com,9846755995,USA
,Rahul,Male,43.0,Pune,,,4522.3,3.0,user5789@mail.com,,Australia
C5791,Kiran,Unknown,43.0,Bangalore,,,2460.355,3.0,,,Australia
,Amit,Male,43.0,Mumbai,,,2460.355,3.0,,,Unknown
,Neha,Unknown,43.0,Delhi,2024-09-15,,2460.355,1.0,,9116593698,Canada
5794,Ankit,Female,43.0,Mumbai,2020-11-16,2023-06-25,2460.355,3.0,,,USA
5795,Unknown,Male,43.0,Kolkata,2025-01-28,,2460.355,1.0,user5794@mail.com,9201459882,Canada
5796,Neha,Unknown,43.0,Hyderabad,,2022-01-22,2460.355,3.0,user5795@mail.com,,UK
C5797,Rahul,Male,56.0,Chennai,2025-04-02,,4520.83,3.0,,9789091201,Unknown
C5798,Kiran,Female,24.0,Mumbai,,,2460.355,3.0,,9370738288,USA
5799,Sneha,Unknown,43.0,Unknown,2022-04-08,2024-04-03,2460.355,2.0,,,UK
,Pooja,Female,43.0,Ahmedabad,2025-02-19,2022-04-02,2460.355,3.0,,9503411612,Canada
5801,Kiran,Female,23.0,Bangalore,,,123.82,3.0,user5800@mail.com,,USA
5802,Unknown,Male,43.0,Bangalore,,2022-04-01,2320.53,3.0,,,Unknown
5803,Kiran,Female,43.0,Unknown,,,2460.355,3.0,user5802@mail.com,,UK
5804,Simran,Male,43.0,Unknown,,,251.5,3.0,,9734471441,Australia
,Neha,Female,38.0,Mumbai,2020-11-04,2024-04-19,2460.355,5.0,,,USA
5806,Pooja,Female,43.0,Unknown,,2022-09-21,2662.09,4.0,,,UK
C5807,Unknown,Female,43.0,Chennai,,2022-09-29,4399.82,3.0,,,Australia
,Sneha,Unknown,43.0,Hyderabad,2023-07-24,,2460.355,3.0,,9752428378,India
C5809,Rahul,Female,43.0,Pune,2023-07-30,,2460.355,3.0,,9248744230,Unknown
5810,Ravi,Female,43.0,Chennai,,,2460.355,3.0,,9362499510,USA
5811,Unknown,Male,43.0,Delhi,2022-09-01,,3815.89,3.0,,,Unknown
5812,Ankit,Male,43.0,Unknown,2020-11-06,2022-04-21,3487.72,3.0,,,Canada
,Priya,Male,43.0,Unknown,,,1032.73,3.0,user5812@mail.com,9586973808,Canada
5814,Rahul,Female,55.0,Unknown,2020-10-21,,2460.355,4.0,,,UK
,Kiran,Female,43.0,Pune,,,4809.71,3.0,user5814@mail.com,,Unknown
,Kiran,Unknown,43.0,Pune,,,2460.355,3.0,,,Australia
5817,Kiran,Unknown,43.0,Mumbai,2023-06-25,2025-08-23,2460.355,2.0,user5816@mail.com,9331213863,USA
5818,Sneha,Male,23.0,Kolkata,2022-12-18,,2460.355,1.0,,,USA
5819,Ravi,Male,43.0,Delhi,2026-01-01,,2460.355,3.0,,,UK
,Pooja,Unknown,43.0,Ahmedabad,2021-08-01,,2460.355,3.0,,,India
5821,Ankit,Male,43.0,Bangalore,,,2460.355,3.0,,,India
C5822,Sneha,Female,43.0,Hyderabad,2024-12-20,2022-08-17,2460.355,3.0,user5821@mail.com,,UK
5823,Ravi,Male,43.0,Mumbai,,,2460.355,3.0,user5822@mail.com,,Canada
5824,Ravi,Female,33.0,Mumbai,,,1038.62,3.0,,9256249570,Australia
,Pooja,Unknown,54.0,Mumbai,,,938.39,3.0,,9815347875,India
,Unknown,Female,43.0,Pune,2023-06-17,,2460.355,3.0,,,India
C5827,Unknown,Unknown,43.0,Unknown,2024-08-19,2022-05-03,2460.355,1.0,,,Unknown
,Ravi,Unknown,43.0,Pune,2025-06-13,,3007.86,3.0,,,Unknown
5829,Sneha,Male,47.0,Mumbai,2025-01-20,2025-11-08,2460.355,3.0,,,Unknown
C5830,Unknown,Male,43.0,Delhi,2025-01-06,2024-06-07,2460.355,1.0,,,UK
,Ravi,Male,43.0,Unknown,2025-02-17,2023-10-22,1985.84,3.0,,,Unknown
C5832,Simran,Male,43.0,Kolkata,2026-01-24,2024-11-06,2460.355,3.0,user5831@mail.com,,USA
5833,Unknown,Female,46.0,Kolkata,2025-05-08,,2243.9,3.0,,,UK
5834,Unknown,Male,43.0,Pune,,,2460.355,3.0,user5833@mail.com,9305072826,USA
C5835,Unknown,Male,43.0,Mumbai,2022-11-11,2021-10-13,2460.355,3.0,user5834@mail.com,,UK
5836,Pooja,Female,19.0,Bangalore,2025-03-31,2023-05-17,2460.355,3.0,,,Canada
5837,Ravi,Male,65.0,Mumbai,2023-07-18,,2460.355,3.0,,,USA
,Unknown,Male,43.0,Kolkata,,,1088.96,5.0,,,India
C5839,Rahul,Female,43.0,Chennai,,,2460.355,3.0,,,USA
5840,Priya,Female,43.0,Unknown,2025-06-20,,2460.355,3.0,,,India
5841,Simran,Unknown,47.0,Unknown,2021-03-06,,2460.355,3.0,user5840@mail.com,,Australia
C5842,Priya,Female,43.0,Ahmedabad,2024-01-29,,486.18,3.0,,,Unknown
C5843,Kiran,Unknown,43.0,Pune,2024-10-11,,2460.355,2.0,,9158919233,Australia
5844,Simran,Female,43.0,Hyderabad,,2024-07-15,4402.91,4.0,,,Australia
C5845,Simran,Female,43.0,Ahmedabad,,,2460.355,1.0,,,Canada
5846,Priya,Female,43.0,Pune,,,2460.355,3.0,,,India
,Rahul,Unknown,43.0,Unknown,,,2460.355,3.0,,,Australia
,Amit,Female,43.0,Chennai,2024-01-17,,2460.355,2.0,,,India
5849,Kiran,Female,43.0,Bangalore,,2025-09-03,2460.355,3.0,user5848@mail.com,9157100717,Unknown
,Priya,Male,43.0,Hyderabad,2023-07-05,2025-05-26,2460.355,3.0,,,Australia
5851,Priya,Unknown,43.0,Kolkata,,2020-11-10,2460.355,3.0,,,Unknown
,Unknown,Unknown,43.0,Chennai,2024-10-24,,2460.355,3.0,,,Canada
,Kiran,Unknown,43.0,Unknown,2021-03-23,,1796.26,3.0,,9861325894,Australia
5854,Simran,Male,43.0,Hyderabad,,,2460.355,2.0,user5853@mail.com,,USA
5855,Rahul,Female,45.0,Pune,,2022-06-07,15.35,2.0,,9247432137,UK
C5856,Amit,Male,43.0,Ahmedabad,2024-05-12,2023-11-25,2460.355,3.0,,,UK
5857,Neha,Male,43.0,Delhi,2025-12-16,2022-06-23,2460.355,3.0,,,Unknown
C5858,Pooja,Male,43.0,Mumbai,2021-10-30,,2460.355,3.0,,,Canada
5859,Sneha,Female,31.0,Delhi,2025-12-12,2025-04-25,2460.355,3.0,user5858@mail.com,,UK
,Unknown,Unknown,43.0,Pune,,,2460.355,3.0,,,Australia
5861,Kiran,Female,32.0,Hyderabad,,,2460.355,3.0,user5860@mail.com,9300029284,India
,Amit,Female,43.0,Kolkata,2025-06-03,2025-04-04,1604.35,3.0,,,India
5864,Amit,Unknown,31.0,Bangalore,,,3478.24,3.0,,,UK
5865,Amit,Male,43.0,Bangalore,,,2400.16,3.0,user5864@mail.com,,India
5866,Kiran,Female,43.0,Pune,2026-01-06,2025-12-06,4771.84,1.0,,,UK
5867,Rahul,Male,43.0,Kolkata,2021-10-10,,2460.355,3.0,,,USA
5868,Ankit,Male,43.0,Hyderabad,2024-08-13,,2460.355,3.0,,,UK
,Sneha,Unknown,43.0,Ahmedabad,2025-02-02,,4345.62,3.0,,,Australia
C5870,Ankit,Female,38.0,Chennai,,,3354.92,3.0,,9698048292,USA
,Unknown,Unknown,43.0,Unknown,2024-09-22,,2460.355,3.0,,,Australia
C5872,Kiran,Male,43.0,Kolkata,2021-08-15,2021-03-04,2460.355,3.0,,9888009507,Australia
,Neha,Male,43.0,Unknown,2025-06-07,,2460.355,3.0,,,Australia
5874,Priya,Female,43.0,Kolkata,,2020-12-19,2460.355,3.0,,,India
,Simran,Male,26.0,Bangalore,,2022-02-08,2355.66,3.0,user5874@mail.com,9844334847,Australia
,Unknown,Female,43.0,Hyderabad,,,2145.28,3.0,,9691343022,India
,Ankit,Male,43.0,Mumbai,,2021-05-05,3996.01,3.0,user5876@mail.com,,Canada
5878,Unknown,Female,53.0,Mumbai,,2025-04-25,2460.355,3.0,user5877@mail.com,9668236898,Australia
5879,Ravi,Male,69.0,Unknown,,2020-10-26,2460.355,3.0,,,UK
5880,Unknown,Male,43.0,Pune,,,4003.23,4.0,,,UK
,Ankit,Male,43.0,Chennai,2022-07-27,2024-06-05,3823.69,5.0,user5880@mail.com,9403330004,India
C5882,Priya,Male,43.0,Bangalore,,,2460.355,3.0,,,UK
5883,Amit,Female,43.0,Unknown,,,2460.355,3.0,user5882@mail.com,,UK
5884,Simran,Female,43.0,Mumbai,,,4822.87,3.0,user5883@mail.com,9322970929,USA
5885,Pooja,Unknown,43.0,Pune,,,2460.355,4.0,,,Canada
,Ankit,Male,43.0,Bangalore,,2024-02-14,2460.355,3.0,user5885@mail.com,,India
5887,Amit,Unknown,43.0,Unknown,2020-11-29,,2460.355,3.0,,,Canada
5888,Rahul,Male,43.0,Chennai,,,2460.355,3.0,user5887@mail.com,9783242100,Unknown
5889,Neha,Unknown,43.0,Chennai,,,2460.355,3.0,,,India
C5890,Pooja,Male,43.0,Bangalore,2024-07-09,2024-07-29,2460.355,3.0,,,Canada
5891,Amit,Female,43.0,Kolkata,,,2460.355,3.0,,,UK
C5892,Ankit,Unknown,37.0,Ahmedabad,2020-12-28,2024-08-05,2460.355,3.0,,9699628458,Unknown
,Sneha,Female,43.0,Mumbai,2024-10-08,2022-06-14,2460.355,3.0,,,Canada
5894,Priya,Male,43.0,Mumbai,2020-09-24,,2460.355,3.0,,9487194907,Unknown
C5895,Rahul,Unknown,48.0,Kolkata,2026-01-14,,2460.355,3.0,,9346256994,Unknown
5896,Unknown,Female,43.0,Delhi,,,2460.355,3.0,user5895@mail.com,,Canada
C5897,Unknown,Unknown,43.0,Chennai,,,4394.1,3.0,user5896@mail.com,9197852524,Unknown
,Sneha,Unknown,43.0,Delhi,,2024-07-24,2460.355,3.0,,,India
,Unknown,Female,43.0,Bangalore,2025-09-14,,2460.355,3.0,,9389756609,UK
,Sneha,Male,43.0,Chennai,2024-08-15,,2460.355,3.0,user5899@mail.com,9571232147,Canada
5901,Rahul,Male,43.0,Kolkata,2024-07-17,,3210.25,3.0,,9904675873,Australia
C5902,Ankit,Male,43.0,Unknown,2022-05-17,,2460.355,3.0,,,UK
5903,Priya,Female,43.0,Pune,2021-05-30,2022-07-05,2460.355,3.0,,,India
,Unknown,Unknown,43.0,Chennai,,,3881.14,3.0,,,Canada
5905,Amit,Unknown,43.0,Mumbai,,,2460.355,3.0,,,Australia
,Sneha,Female,43.0,Pune,2021-10-22,,3813.48,3.0,,,Unknown
,Sneha,Female,43.0,Delhi,2020-12-27,,2460.355,3.0,,9999859004,USA
5908,Simran,Unknown,43.0,Chennai,,2024-07-18,2460.355,3.0,,,Australia
C5909,Kiran,Male,43.0,Chennai,,,2460.355,3.0,,,Canada
5910,Priya,Female,43.0,Ahmedabad,2025-09-25,,1687.07,3.0,user5909@mail.com,,Australia
C5911,Rahul,Male,61.0,Kolkata,,2025-11-29,2460.355,3.0,,,Unknown
5912,Sneha,Male,43.0,Pune,,2022-08-27,2460.355,3.0,,,Canada
C5913,Ravi,Male,43.0,Chennai,,,2460.355,3.0,,,Australia
5914,Unknown,Male,43.0,Kolkata,,,2460.355,3.0,user5913@mail.com,,USA
5915,Ankit,Female,43.0,Ahmedabad,2023-10-26,2024-03-29,2048.26,3.0,,,UK
5916,Unknown,Male,22.0,Pune,,2021-04-26,2460.355,3.0,user5915@mail.com,,Unknown
5917,Rahul,Female,49.0,Delhi,2025-03-31,2020-08-06,3817.56,3.0,,,Canada
C5918,Neha,Unknown,32.0,Pune,,2024-04-24,2460.355,3.0,,9297977914,Canada
,Sneha,Unknown,43.0,Chennai,2022-08-11,2023-10-27,3667.52,3.0,,,Unknown
5920,Rahul,Male,43.0,Chennai,,,2460.355,2.0,,,Canada
5921,Unknown,Male,43.0,Mumbai,,2024-12-14,2460.355,3.0,,,Canada
,Pooja,Female,43.0,Delhi,,,590.21,3.0,,9582499371,USA
C5923,Neha,Male,43.0,Delhi,,2025-10-19,2460.355,3.0,,9613442460,Australia
C5924,Unknown,Male,58.0,Bangalore,,,2460.355,1.0,,,USA
,Ankit,Female,18.0,Pune,2024-12-10,2023-09-29,2460.355,3.0,user5924@mail.com,9414735319,Unknown
5926,Simran,Unknown,23.0,Delhi,2022-11-11,,1969.1,4.0,,9826872090,USA
5927,Ankit,Male,43.0,Chennai,2022-06-16,,2460.355,4.0,,,Australia
C5928,Sneha,Unknown,43.0,Delhi,2025-11-28,,2460.355,4.0,,,UK
5929,Amit,Male,43.0,Unknown,,2025-01-23,2460.355,5.0,user5928@mail.com,,India
,Pooja,Male,43.0,Kolkata,,,2460.355,3.0,user5929@mail.com,9574933457,Canada
,Neha,Unknown,36.0,Kolkata,,,2460.355,3.0,user5930@mail.com,,Unknown
,Neha,Unknown,43.0,Bangalore,,,2460.355,5.0,user5931@mail.com,9117689978,Unknown
,Amit,Female,43.0,Bangalore,,,2065.6,3.0,user5932@mail.com,,USA
C5934,Unknown,Female,43.0,Ahmedabad,,,2460.355,5.0,,,Australia
,Priya,Female,43.0,Chennai,,,2460.355,3.0,,,USA
,Amit,Male,44.0,Delhi,2024-06-21,,2460.355,2.0,,,USA
,Rahul,Female,62.0,Unknown,2020-11-01,,2460.355,3.0,,,UK
,Unknown,Male,43.0,Ahmedabad,2024-03-21,,901.36,3.0,user5937@mail.com,,Unknown
,Ravi,Female,36.0,Pune,,,2460.355,3.0,,,Australia
,Neha,Female,43.0,Delhi,,,2460.355,3.0,,,Unknown
5941,Amit,Female,43.0,Delhi,2025-04-26,,38.39,3.0,user5940@mail.com,,India
5942,Unknown,Male,43.0,Chennai,2024-04-13,2025-01-22,2460.355,1.0,user5941@mail.com,,Australia
,Unknown,Unknown,43.0,Delhi,2026-01-23,2025-09-17,2233.54,1.0,,9385745755,India
,Rahul,Female,43.0,Hyderabad,,2025-12-05,2460.355,5.0,,9842705425,Unknown
5945,Ravi,Female,43.0,Bangalore,,,1084.57,3.0,,9534651344,Canada
C5946,Ankit,Female,52.0,Hyderabad,2025-10-05,2025-02-04,2460.355,3.0,,,UK
5947,Unknown,Female,43.0,Delhi,,,2460.355,3.0,user5946@mail.com,,India
5948,Pooja,Unknown,43.0,Hyderabad,2024-04-30,2024-01-08,2460.355,3.0,,,Unknown
5949,Priya,Male,43.0,Ahmedabad,2022-11-06,,226.75,3.0,,9344097837,USA
C5950,Sneha,Female,63.0,Kolkata,,2023-07-09,2460.355,3.0,,,USA
,Priya,Unknown,43.0,Pune,,2025-03-22,2460.355,3.0,,,UK
5952,Simran,Male,32.0,Delhi,,2025-06-26,4831.16,3.0,,,India
,Amit,Female,34.0,Chennai,2024-05-01,2022-01-16,2460.355,3.0,,,UK
C5954,Ravi,Female,43.0,Pune,2024-08-18,,2460.355,3.0,user5953@mail.com,,Unknown
C5955,Neha,Female,43.0,Ahmedabad,2024-07-31,,3707.47,1.0,user5954@mail.com,,UK
5956,Unknown,Female,43.0,Pune,2024-07-11,2024-02-21,992.37,3.0,user5955@mail.com,9665220065,Australia
C5957,Unknown,Male,49.0,Chennai,,,2460.355,4.0,,,Australia
C5958,Unknown,Male,43.0,Ahmedabad,,2021-07-27,2460.355,3.0,,,Canada
5959,Sneha,Male,43.0,Mumbai,2022-11-22,2023-02-04,1218.25,4.0,user5958@mail.com,,USA
5960,Kiran,Female,40.0,Delhi,,,2460.355,3.0,,,Canada
5961,Priya,Female,24.0,Bangalore,,,2460.355,3.0,,9951862426,India
5962,Kiran,Male,43.0,Kolkata,,2025-01-02,2460.355,3.0,,,Unknown
C5963,Priya,Male,52.0,Unknown,2025-07-15,2022-01-19,2460.355,3.0,,,UK
,Sneha,Male,43.0,Kolkata,,,2460.355,3.0,,,Australia
5965,Kiran,Male,43.0,Kolkata,,2021-05-06,2460.355,3.0,,,Australia
C5966,Neha,Female,43.0,Mumbai,,2021-04-25,1153.7,3.0,user5965@mail.com,,USA
5967,Pooja,Unknown,65.0,Chennai,,,4971.39,3.0,user5966@mail.com,9629628939,Canada
5968,Amit,Unknown,43.0,Unknown,2021-12-20,,2460.355,1.0,,,Australia
5969,Amit,Unknown,43.0,Chennai,2021-05-21,,2460.355,1.0,,,Australia
,Amit,Female,67.0,Kolkata,2023-01-31,2024-09-02,2460.355,5.0,,9663220811,Australia
C5971,Unknown,Female,43.0,Bangalore,,,364.95,3.0,,,Australia
C5972,Unknown,Female,43.0,Kolkata,,,2460.355,3.0,user5971@mail.com,9815143229,India
5973,Kiran,Male,43.0,Hyderabad,2025-08-02,2025-03-31,2460.355,3.0,user5972@mail.com,,UK
5974,Ravi,Male,43.0,Pune,2024-02-29,,2460.355,3.0,user5973@mail.com,,India
,Rahul,Female,43.0,Ahmedabad,,,2460.355,3.0,user5974@mail.com,,Canada
5976,Neha,Unknown,43.0,Hyderabad,,2025-11-28,2460.355,3.0,,,Unknown
C5977,Simran,Male,43.0,Chennai,,2022-02-07,2460.355,3.0,,9174803967,UK
5978,Pooja,Unknown,43.0,Kolkata,2024-11-20,,2460.355,3.0,user5977@mail.com,9753223124,Canada
5979,Ravi,Male,43.0,Kolkata,,,2460.355,4.0,,,India
C5980,Ravi,Female,33.0,Ahmedabad,2023-07-08,,2460.355,3.0,,9733175909,USA
C5981,Amit,Female,43.0,Kolkata,,,2460.355,3.0,,,USA
,Simran,Female,43.0,Mumbai,2024-08-12,,2460.355,3.0,,,India
,Ankit,Female,43.0,Ahmedabad,2023-12-28,,2460.355,3.0,user5982@mail.com,,USA
C5984,Simran,Female,65.0,Ahmedabad,2021-12-21,,2460.355,3.0,user5983@mail.com,9489358756,India
C5985,Sneha,Female,35.0,Ahmedabad,,2024-04-13,1327.95,3.0,,,Unknown
C5986,Ravi,Male,43.0,Mumbai,,,2460.355,3.0,,,India
5987,Pooja,Female,43.0,Kolkata,2023-01-20,2023-05-10,2460.355,3.0,,,Australia
5988,Sneha,Female,43.0,Delhi,2025-12-21,,2460.355,5.0,user5987@mail.com,9689043821,UK
5989,Unknown,Female,43.0,Bangalore,,,2460.355,3.0,,,India
C5990,Amit,Female,32.0,Kolkata,,,2460.355,3.0,,,UK
,Neha,Female,43.0,Kolkata,2021-07-26,2024-07-08,4647.7,3.0,,,India
C5992,Ankit,Female,43.0,Pune,,,2460.355,3.0,,,Australia
5993,Simran,Unknown,40.0,Hyderabad,,,2460.355,3.0,user5992@mail.com,9437416632,India
5994,Unknown,Male,43.0,Mumbai,2024-05-19,,1649.36,3.0,,,USA
,Rahul,Female,43.0,Unknown,2022-07-31,,2460.355,3.0,,,Canada
,Ankit,Male,43.0,Bangalore,2024-03-15,,2670.78,3.0,,,India
5997,Ankit,Male,43.0,Hyderabad,2023-09-23,2022-09-15,1444.79,2.0,,9753044747,USA
C5998,Sneha,Unknown,38.0,Ahmedabad,2022-08-10,,2460.355,3.0,,,Unknown
C5999,Sneha,Female,56.0,Hyderabad,2021-06-22,,2460.355,3.0,,,USA
6000,Rahul,Female,43.0,Kolkata,2022-11-29,,2460.355,3.0,user5999@mail.com,,Australia
,Unknown,Female,43.0,Ahmedabad,2021-12-12,2024-12-29,2460.355,3.0,,,UK
,Neha,Female,43.0,Bangalore,2023-10-23,2021-02-28,2460.355,3.0,,9231248620,Canada
6003,Neha,Unknown,69.0,Unknown,2023-05-14,,2460.355,3.0,,,Australia
6004,Amit,Female,43.0,Kolkata,,,2460.355,5.0,,,Canada
,Ravi,Male,59.0,Kolkata,2023-05-27,,962.09,3.0,,,UK
C6006,Sneha,Female,43.0,Hyderabad,,,2460.355,3.0,,,Canada
C6007,Pooja,Female,43.0,Kolkata,2021-10-08,,2460.355,3.0,,9320107348,India
C6008,Pooja,Male,43.0,Unknown,2025-10-03,,2460.355,3.0,,,India
6009,Unknown,Female,21.0,Unknown,2022-01-13,,2460.355,3.0,,,Australia
C6010,Rahul,Female,43.0,Kolkata,2023-08-02,,2460.355,3.0,user6009@mail.com,,Australia
6011,Unknown,Female,33.0,Chennai,,,2460.355,3.0,,,UK
C6012,Sneha,Male,54.0,Delhi,,,2265.67,3.0,,,India
6013,Ravi,Female,61.0,Unknown,,2025-02-19,2460.355,3.0,,,Unknown
C6014,Rahul,Female,43.0,Mumbai,2021-11-06,,2460.355,3.0,,,Unknown
C6015,Sneha,Unknown,57.0,Ahmedabad,,,2460.355,5.0,,9877600296,Australia
C6016,Kiran,Male,43.0,Mumbai,2025-07-17,,2460.355,3.0,,,Australia
6017,Kiran,Unknown,40.0,Hyderabad,2023-12-03,2025-12-14,2460.355,3.0,,,USA
6018,Ravi,Female,43.0,Kolkata,,,4248.69,3.0,,9516551585,Canada
,Simran,Male,28.0,Chennai,2025-06-08,,2460.355,5.0,,,Unknown
6020,Amit,Unknown,43.0,Mumbai,,,2460.355,3.0,,,USA
C6021,Sneha,Unknown,43.0,Chennai,2024-05-03,2021-05-26,2460.355,3.0,user6020@mail.com,,Australia
,Unknown,Unknown,43.0,Pune,2023-06-28,2025-03-27,2884.96,3.0,,,USA
6023,Rahul,Male,43.0,Pune,,,2460.355,3.0,user6022@mail.com,,Canada
C6024,Priya,Male,43.0,Unknown,,,2460.355,3.0,user6023@mail.com,,USA
C6025,Ankit,Unknown,43.0,Unknown,,,2460.355,3.0,,,Australia
C6026,Simran,Male,43.0,Ahmedabad,,,2460.355,3.0,,,USA
6027,Kiran,Unknown,43.0,Kolkata,,,2460.355,3.0,,,India
,Unknown,Male,43.0,Hyderabad,2025-04-12,2024-03-21,2460.355,3.0,,9769524326,Unknown
6029,Neha,Female,43.0,Pune,2024-02-15,,2460.355,3.0,user6028@mail.com,,India
6030,Kiran,Male,66.0,Pune,2022-09-10,,2460.355,3.0,,,India
C6031,Pooja,Female,43.0,Delhi,2021-04-12,2023-11-04,2460.355,3.0,,,Unknown
6032,Priya,Unknown,43.0,Mumbai,2021-03-05,,2460.355,5.0,user6031@mail.com,,Canada
,Unknown,Female,43.0,Ahmedabad,,,2460.355,3.0,user6032@mail.com,,USA
6034,Pooja,Unknown,43.0,Mumbai,,,2460.355,3.0,user6033@mail.com,,Unknown
6035,Ankit,Unknown,43.0,Ahmedabad,2023-01-15,,2460.355,3.0,user6034@mail.com,,India
6036,Simran,Male,62.0,Delhi,,,2460.355,3.0,,9890587988,India
6037,Neha,Unknown,43.0,Chennai,,,2460.355,3.0,user6036@mail.com,,USA
,Pooja,Male,43.0,Bangalore,2023-12-21,,2460.355,3.0,,9131926181,USA
,Unknown,Unknown,43.0,Unknown,2022-09-17,2020-12-23,2460.355,1.0,user6038@mail.com,,USA
6040,Rahul,Male,43.0,Pune,,2024-01-02,2460.355,3.0,user6039@mail.com,,Australia
,Priya,Female,26.0,Chennai,2023-04-10,,2460.355,3.0,,,USA
C6042,Unknown,Unknown,43.0,Unknown,,,2460.355,4.0,,,India
6043,Unknown,Unknown,43.0,Mumbai,,2021-10-20,2460.355,3.0,,,Unknown
,Unknown,Male,43.0,Mumbai,,,2460.355,3.0,,,Canada
6045,Rahul,Female,43.0,Chennai,2024-10-31,,3902.19,3.0,,,USA
6046,Priya,Female,43.0,Pune,,,4874.57,3.0,,,UK
C6047,Ravi,Unknown,43.0,Unknown,,,2460.355,3.0,user6046@mail.com,,Australia
6048,Kiran,Female,18.0,Mumbai,,2024-03-17,2460.355,3.0,,,USA
6049,Unknown,Female,43.0,Mumbai,,2022-01-14,3369.5,3.0,user6048@mail.com,,Australia
6050,Rahul,Unknown,43.0,Bangalore,,,2172.94,1.0,,,Australia
C6051,Rahul,Female,43.0,Mumbai,,,2460.355,3.0,,,India
,Kiran,Male,43.0,Hyderabad,,,2460.355,3.0,,9679265161,UK
6053,Kiran,Unknown,43.0,Ahmedabad,,,2460.355,3.0,user6052@mail.com,,Australia
6054,Ankit,Female,43.0,Kolkata,2022-03-10,,2460.355,3.0,user6053@mail.com,,USA
,Rahul,Unknown,43.0,Hyderabad,2020-09-01,2025-10-11,3881.44,3.0,,,UK
6056,Simran,Unknown,64.0,Mumbai,,,3318.59,3.0,,,India
6057,Priya,Unknown,43.0,Bangalore,2022-08-07,,2460.355,3.0,,,USA
6058,Unknown,Male,43.0,Chennai,,2025-02-01,2579.4,2.0,,,UK
6059,Neha,Female,43.0,Bangalore,2021-04-24,,2460.355,3.0,,,India
6060,Unknown,Male,43.0,Hyderabad,,2021-04-22,2460.355,3.0,,,India
,Kiran,Male,43.0,Unknown,,,2051.47,4.0,,,Australia
,Rahul,Female,43.0,Unknown,2023-05-14,,2460.355,5.0,user6061@mail.com,9463555542,Canada
C6063,Neha,Unknown,44.0,Unknown,,,2460.355,3.0,user6062@mail.com,,Australia
C6064,Ankit,Unknown,43.0,Bangalore,2021-05-29,2020-10-17,2460.355,3.0,,,USA
C6065,Unknown,Unknown,32.0,Unknown,,,2460.355,2.0,,,USA
,Unknown,Unknown,43.0,Mumbai,,,2460.355,3.0,,9254343535,India
C6067,Amit,Male,43.0,Mumbai,,2021-03-12,3657.29,3.0,,,Australia
6068,Ravi,Female,37.0,Bangalore,2025-08-30,,2460.355,3.0,,,UK
C6069,Kiran,Female,43.0,Kolkata,2022-05-31,2023-03-15,2460.355,1.0,,,Unknown
,Unknown,Male,43.0,Ahmedabad,2022-10-06,,2460.355,1.0,,9694397538,Unknown
C6071,Ravi,Female,43.0,Chennai,2025-10-07,,2460.355,3.0,,,UK
6072,Ravi,Male,43.0,Kolkata,2021-07-08,2023-07-27,3428.61,3.0,,,USA
6073,Priya,Unknown,43.0,Bangalore,2025-12-12,2022-03-03,2460.355,3.0,,,India
,Unknown,Male,43.0,Delhi,,2021-01-06,2460.355,3.0,,,USA
6075,Pooja,Male,25.0,Hyderabad,,,2460.355,3.0,,,Unknown
6076,Ankit,Male,43.0,Bangalore,2021-02-07,2025-11-28,2309.38,3.0,,,USA
C6077,Neha,Male,43.0,Hyderabad,,2025-07-27,2460.355,3.0,,,Unknown
6078,Ravi,Unknown,68.0,Unknown,2020-08-26,,2460.355,3.0,,,USA
6079,Amit,Female,43.0,Mumbai,2023-04-23,,4039.08,3.0,,,USA
6080,Unknown,Unknown,43.0,Hyderabad,2024-04-25,2023-12-30,2460.355,3.0,,9887452670,UK
C6081,Kiran,Male,43.0,Unknown,,,2460.355,3.0,,,UK
C6082,Rahul,Male,43.0,Mumbai,,,2460.355,5.0,,,Unknown
C6083,Neha,Female,43.0,Chennai,2022-09-12,,2460.355,3.0,,,Unknown
,Simran,Male,43.0,Unknown,2025-09-30,,2460.355,2.0,,,UK
C6085,Kiran,Unknown,43.0,Bangalore,,,2486.22,5.0,user6084@mail.com,,Canada
6086,Priya,Male,46.0,Ahmedabad,2022-01-02,2022-06-09,2460.355,3.0,,,India
6087,Amit,Unknown,43.0,Delhi,2021-07-09,2022-02-04,2460.355,3.0,,,UK
6088,Amit,Female,43.0,Unknown,2023-05-09,2024-02-09,2460.355,3.0,,,India
6089,Rahul,Male,43.0,Mumbai,,,2460.355,3.0,,,Unknown
,Priya,Female,43.0,Mumbai,,,2460.355,3.0,,,USA
6091,Rahul,Female,43.0,Bangalore,,,2460.355,3.0,,,Canada
C6092,Rahul,Male,43.0,Chennai,2024-03-21,,614.97,3.0,,,Unknown
C6093,Simran,Unknown,43.0,Delhi,2022-04-20,,2460.355,1.0,,,Canada
C6094,Priya,Male,43.0,Ahmedabad,2022-08-07,,4830.16,3.0,user6093@mail.com,,India
,Ankit,Unknown,43.0,Bangalore,,,2460.355,1.0,,,Unknown
6096,Neha,Unknown,43.0,Hyderabad,,,2460.355,3.0,,,Unknown
6097,Unknown,Male,43.0,Ahmedabad,,,2460.355,3.0,,,Australia
,Rahul,Male,43.0,Delhi,,,2460.355,3.0,user6097@mail.com,,UK
C6099,Kiran,Male,43.0,Hyderabad,2022-12-05,2022-06-26,2460.355,3.0,user6098@mail.com,9406512084,Australia
6100,Simran,Male,43.0,Bangalore,2023-04-07,2024-03-14,2460.355,3.0,,,USA
C6101,Ankit,Female,43.0,Delhi,,,2460.355,3.0,,,UK
6102,Ravi,Male,43.0,Hyderabad,2020-10-02,,2460.355,3.0,,9842841289,UK
6103,Simran,Female,43.0,Bangalore,2022-05-30,,2460.355,5.0,user6102@mail.com,,Canada
,Pooja,Unknown,43.0,Delhi,2021-10-20,,2460.355,3.0,,,USA
6105,Ravi,Female,43.0,Mumbai,,,2460.355,5.0,user6104@mail.com,,Unknown
6106,Neha,Male,43.0,Pune,2022-08-18,2020-11-21,2460.355,4.0,,,Unknown
C6107,Kiran,Female,43.0,Mumbai,,2021-04-27,2460.355,4.0,,,India
6108,Kiran,Unknown,43.0,Unknown,2023-08-02,2021-08-13,2460.355,3.0,,,Canada
6109,Pooja,Female,43.0,Hyderabad,2024-07-30,,2460.355,3.0,,,India
6110,Ankit,Male,36.0,Hyderabad,,,1052.24,3.0,,,Canada
6111,Unknown,Unknown,43.0,Unknown,2021-08-30,2020-10-10,2460.355,3.0,user6110@mail.com,9749167614,Australia
C6112,Ankit,Male,43.0,Kolkata,,,1582.27,3.0,,,USA
,Kiran,Female,43.0,Unknown,2022-02-19,,2460.355,3.0,user6112@mail.com,,UK
6114,Priya,Female,43.0,Kolkata,2021-07-22,,2460.355,3.0,,9246707326,Australia
6115,Unknown,Female,60.0,Unknown,2022-02-26,,2460.355,5.0,,9534978838,Canada
C6116,Pooja,Female,49.0,Mumbai,2025-05-17,2023-10-19,2460.355,5.0,,,India
6117,Simran,Male,43.0,Unknown,,2025-02-04,4535.38,3.0,,,Unknown
6118,Amit,Unknown,19.0,Hyderabad,,,2460.355,3.0,,9694013991,Canada
C6119,Rahul,Female,43.0,Mumbai,2022-10-03,,2460.355,3.0,,,UK
6120,Simran,Male,43.0,Unknown,2021-05-15,,2460.355,4.0,,,India
C6121,Sneha,Male,70.0,Delhi,,,2554.95,3.0,,,Australia
6122,Rahul,Male,43.0,Ahmedabad,2025-04-06,,1975.21,3.0,,,Australia
6123,Sneha,Female,43.0,Unknown,2023-10-23,,2460.355,3.0,,,UK
6124,Ankit,Female,43.0,Kolkata,,2025-12-25,2460.355,3.0,,9688898312,Unknown
6125,Unknown,Unknown,43.0,Hyderabad,,,2460.355,3.0,,,USA
6126,Rahul,Unknown,43.0,Unknown,,,2460.355,3.0,,,USA
C6127,Priya,Unknown,43.0,Bangalore,,2022-05-11,2460.355,3.0,,,India
C6128,Unknown,Unknown,43.0,Kolkata,,,2460.355,3.0,,,UK
6129,Sneha,Female,43.0,Mumbai,,,2460.355,3.0,,,UK
C6130,Neha,Female,37.0,Bangalore,,,2460.355,3.0,,,UK
6131,Amit,Unknown,43.0,Pune,2025-07-30,2022-05-01,3325.28,3.0,,9846694363,India
6132,Sneha,Unknown,43.0,Chennai,2025-11-06,2021-08-07,2000.94,3.0,,9586916217,Canada
,Amit,Female,43.0,Bangalore,2021-01-14,,2460.355,3.0,user6132@mail.com,,Australia
,Ravi,Female,43.0,Mumbai,2025-05-07,,2460.355,3.0,user6133@mail.com,,Canada
C6135,Neha,Male,43.0,Kolkata,2025-01-20,,2460.355,3.0,,,UK
6136,Sneha,Unknown,43.0,Ahmedabad,2022-03-18,,2817.61,3.0,,,India
C6137,Ravi,Female,43.0,Delhi,2023-09-29,,2460.355,3.0,,,Unknown
C6138,Unknown,Male,43.0,Ahmedabad,2022-10-10,,2460.355,3.0,user6137@mail.com,,USA
6139,Unknown,Male,43.0,Pune,2024-09-05,2020-08-31,2460.355,3.0,,,UK
6140,Amit,Female,43.0,Hyderabad,,,2460.355,3.0,,,Australia
6141,Neha,Unknown,43.0,Pune,,2020-08-12,2460.355,2.0,user6140@mail.com,,Australia
,Rahul,Female,43.0,Kolkata,2023-07-25,,2460.355,3.0,user6141@mail.com,9841828071,Australia
6143,Simran,Male,43.0,Ahmedabad,2025-02-04,,2460.355,3.0,,,Australia
6144,Unknown,Unknown,58.0,Ahmedabad,,2023-04-16,4506.65,4.0,,,India
6145,Unknown,Female,43.0,Pune,2023-11-17,,2460.355,3.0,,,India
6146,Amit,Male,43.0,Hyderabad,,,2460.355,1.0,,,UK
C6147,Sneha,Female,31.0,Delhi,,,2460.355,3.0,user6146@mail.com,,India
6148,Rahul,Male,26.0,Ahmedabad,,2023-03-30,910.45,3.0,,,India
6149,Pooja,Female,55.0,Unknown,,,2460.355,3.0,user6148@mail.com,,India
6150,Simran,Female,43.0,Delhi,2023-02-01,,2460.355,3.0,,9207908213,Australia
C6151,Amit,Unknown,43.0,Hyderabad,,2024-11-11,2460.355,3.0,,,UK
6152,Sneha,Male,59.0,Pune,,2020-12-08,2035.14,3.0,,,UK
6153,Amit,Male,43.0,Pune,2021-01-21,,2460.355,3.0,user6152@mail.com,,Unknown
C6154,Ravi,Female,43.0,Kolkata,2020-10-02,,3411.24,3.0,,,India
,Simran,Female,43.0,Hyderabad,2020-10-24,,2460.355,3.0,,,Australia
C6156,Unknown,Male,58.0,Hyderabad,,,3946.67,3.0,user6155@mail.com,9325323273,USA
C6157,Amit,Male,43.0,Unknown,,,2460.355,3.0,,9597013593,UK
C6158,Unknown,Male,43.0,Chennai,,,2871.62,3.0,,,Australia
C6159,Neha,Male,43.0,Mumbai,2025-03-10,2021-07-25,2460.355,3.0,user6158@mail.com,,Australia
C6160,Kiran,Male,43.0,Kolkata,,,2460.355,3.0,,,Unknown
,Pooja,Male,58.0,Hyderabad,2025-05-27,,2460.355,3.0,,,USA
C6162,Amit,Unknown,39.0,Delhi,2023-03-29,,3698.37,3.0,user6161@mail.com,,UK
6163,Ravi,Female,43.0,Unknown,2024-01-20,,4900.15,3.0,user6162@mail.com,,Australia
6164,Kiran,Female,43.0,Chennai,,2024-03-11,2460.355,2.0,user6163@mail.com,,USA
C6165,Pooja,Unknown,36.0,Hyderabad,,,2675.85,3.0,user6164@mail.com,,Unknown
,Neha,Unknown,43.0,Delhi,,2020-10-31,556.74,5.0,,,India
6167,Priya,Female,43.0,Pune,,,2460.355,3.0,,9167428149,Australia
6168,Kiran,Male,43.0,Kolkata,,,2460.355,2.0,,,USA
,Simran,Female,43.0,Delhi,2022-12-02,2022-06-21,2460.355,3.0,,9126957532,USA
6170,Simran,Unknown,26.0,Hyderabad,,2023-10-09,2460.355,3.0,,,UK
C6171,Ravi,Female,58.0,Kolkata,,,2460.355,3.0,,9251536809,Unknown
,Priya,Male,43.0,Bangalore,2024-06-12,2023-06-07,2394.2,3.0,user6171@mail.com,,Unknown
C6173,Unknown,Female,43.0,Hyderabad,,2023-11-05,2460.355,2.0,,,Canada
,Unknown,Unknown,43.0,Delhi,2022-10-06,2024-11-20,2460.355,3.0,,,India
,Rahul,Female,38.0,Delhi,,2021-07-23,4081.02,3.0,,,Australia
,Amit,Female,39.0,Unknown,2021-07-22,,3422.14,3.0,,,USA
C6177,Rahul,Unknown,43.0,Ahmedabad,2020-12-21,,2460.355,3.0,,,Australia
,Pooja,Unknown,60.0,Hyderabad,,2025-07-08,1231.61,3.0,,,Australia
6179,Ankit,Male,43.0,Kolkata,,,2460.355,3.0,,9217319046,Unknown
6180,Simran,Female,39.0,Delhi,,,1895.4,3.0,,,Australia
6181,Ravi,Male,43.0,Chennai,,2021-02-11,2460.355,3.0,,,UK
6182,Ankit,Male,47.0,Delhi,,,2460.355,3.0,,,UK
C6183,Amit,Male,43.0,Mumbai,,,2460.355,3.0,,9301492714,USA
6184,Kiran,Male,43.0,Bangalore,,,3183.37,3.0,user6183@mail.com,,UK
C6185,Ankit,Male,62.0,Pune,,,2460.355,3.0,,,UK
C6186,Sneha,Male,43.0,Chennai,,,2460.355,3.0,user6185@mail.com,,Australia
6187,Simran,Female,38.0,Unknown,,2021-04-21,2460.355,3.0,user6186@mail.com,,Canada
,Simran,Male,43.0,Kolkata,,2025-12-19,2460.355,3.0,user6187@mail.com,,Australia
,Simran,Unknown,43.0,Bangalore,2025-02-15,,56.28,3.0,,,India
6190,Amit,Male,43.0,Hyderabad,2022-08-09,,2460.355,1.0,,9202598091,Australia
C6191,Priya,Male,43.0,Chennai,2025-02-05,2023-12-28,2460.355,3.0,,,USA
,Pooja,Unknown,43.0,Bangalore,2023-10-11,2022-09-19,2460.355,3.0,,9584736762,Canada
,Pooja,Male,43.0,Unknown,,,2460.355,3.0,,,USA
6194,Amit,Male,43.0,Kolkata,2023-02-15,,2460.355,3.0,user6193@mail.com,,UK
,Rahul,Female,43.0,Kolkata,2025-10-10,,2460.355,3.0,user6194@mail.com,,Canada
C6196,Ankit,Unknown,46.0,Bangalore,2023-07-13,2025-01-14,2460.355,3.0,,,Canada
C6197,Priya,Unknown,43.0,Pune,2025-12-18,,2013.13,3.0,,,Canada
6198,Simran,Male,43.0,Mumbai,,,2460.355,3.0,,,Australia
6199,Pooja,Female,43.0,Mumbai,2022-06-04,,2460.355,3.0,,,Canada
,Simran,Female,43.0,Bangalore,2024-09-19,,2460.355,3.0,,,Australia
C6201,Ankit,Unknown,43.0,Pune,,,2460.355,3.0,user6200@mail.com,9908308530,USA
C6202,Amit,Unknown,43.0,Bangalore,,2024-10-10,2460.355,3.0,,,Unknown
C6203,Simran,Male,43.0,Bangalore,2022-07-03,2022-11-15,201.13,3.0,,,Unknown
6204,Kiran,Female,43.0,Unknown,,2023-02-14,2460.355,3.0,,9950743268,Australia
6205,Unknown,Unknown,43.0,Ahmedabad,,,1510.38,5.0,,,Unknown
,Kiran,Male,31.0,Bangalore,2021-05-29,,2460.355,1.0,,,USA
,Ankit,Female,43.0,Unknown,,,2460.355,3.0,,,UK
6208,Rahul,Female,43.0,Unknown,2020-12-27,,583.94,3.0,,,India
6209,Rahul,Female,24.0,Hyderabad,2023-03-28,2021-10-26,2460.355,3.0,,,Australia
6210,Priya,Female,43.0,Delhi,2022-05-09,2024-02-25,2460.355,1.0,,9463002974,Unknown
6211,Rahul,Female,43.0,Unknown,,,2460.355,3.0,,,Unknown
6212,Unknown,Unknown,43.0,Kolkata,,2022-09-10,3089.33,1.0,,9663990992,USA
C6213,Unknown,Male,19.0,Bangalore,2023-10-07,,4270.2,3.0,user6212@mail.com,,UK
6214,Unknown,Female,43.0,Chennai,,2022-04-17,2460.355,3.0,user6213@mail.com,,Unknown
C6215,Pooja,Male,43.0,Kolkata,2022-04-05,2024-08-15,2460.355,3.0,,,Canada
,Simran,Female,43.0,Bangalore,2020-08-14,,2460.355,3.0,,9582748169,Australia
,Kiran,Male,51.0,Kolkata,2022-06-02,,2460.355,3.0,,,India
C6218,Kiran,Female,61.0,Bangalore,,2022-09-10,2460.355,4.0,,,USA
6219,Neha,Unknown,43.0,Ahmedabad,2022-08-09,,2460.355,3.0,user6218@mail.com,,USA
6220,Ankit,Male,43.0,Delhi,2020-10-25,,2460.355,3.0,,9528838946,UK
C6221,Unknown,Male,43.0,Pune,2020-12-08,2024-06-16,2460.355,1.0,,,Unknown
,Simran,Female,43.0,Bangalore,2020-12-10,,2460.355,3.0,,,Canada
6223,Rahul,Male,43.0,Hyderabad,2025-12-30,2021-01-31,2460.355,3.0,user6222@mail.com,,UK
,Amit,Male,43.0,Hyderabad,2021-09-24,2024-06-10,2460.355,3.0,,9167147543,India
6225,Sneha,Female,24.0,Mumbai,2020-10-17,,2460.355,3.0,,,Unknown
C6226,Ravi,Female,43.0,Delhi,,2021-07-10,2048.21,3.0,,,Australia
C6227,Pooja,Male,43.0,Pune,2020-12-23,,2460.355,3.0,,,USA
6228,Unknown,Female,43.0,Mumbai,2023-06-12,,2460.355,3.0,,,USA
C6229,Ravi,Male,65.0,Ahmedabad,2023-11-05,,2460.355,3.0,,9109366203,Canada
6230,Priya,Female,43.0,Ahmedabad,2020-09-13,,4607.88,3.0,,,Australia
6231,Amit,Female,43.0,Unknown,2025-03-22,,2460.355,3.0,,,Unknown
,Pooja,Unknown,43.0,Kolkata,2026-01-26,,2460.355,3.0,user6231@mail.com,9518246349,Australia
C6233,Unknown,Male,43.0,Kolkata,2022-08-22,2025-03-28,1113.21,3.0,,,Canada
6234,Neha,Female,43.0,Ahmedabad,,2021-04-01,2432.06,3.0,,,India
,Sneha,Male,43.0,Unknown,,,2460.355,3.0,,,Unknown
6236,Rahul,Female,43.0,Bangalore,,2020-12-01,2460.355,3.0,user6235@mail.com,,Unknown
,Neha,Female,43.0,Hyderabad,,,2460.355,3.0,,,Unknown
C6238,Unknown,Male,38.0,Kolkata,2025-12-28,,2460.355,1.0,,,India
6239,Pooja,Male,43.0,Delhi,,2021-01-10,2460.355,4.0,,,Australia
6240,Simran,Female,43.0,Chennai,2021-06-25,,2460.355,3.0,,,Australia
,Ravi,Male,43.0,Kolkata,2024-07-09,,2460.355,3.0,,,UK
6242,Amit,Male,43.0,Hyderabad,2022-12-31,,2460.355,3.0,,,Unknown
C6243,Ravi,Male,43.0,Bangalore,,2021-10-18,1374.68,3.0,,9116205815,India
,Neha,Unknown,43.0,Hyderabad,2025-12-15,,2460.355,3.0,,,Australia
6245,Sneha,Male,43.0,Bangalore,,,2460.355,3.0,,,USA
6246,Unknown,Male,33.0,Bangalore,,,2460.355,3.0,user6245@mail.com,,India
,Rahul,Female,43.0,Bangalore,2024-02-07,,2892.01,3.0,,,Australia
C6248,Rahul,Male,43.0,Ahmedabad,2023-06-14,,2460.355,3.0,,,India
C6249,Amit,Female,67.0,Delhi,,,2460.355,3.0,user6248@mail.com,,Australia
,Unknown,Male,43.0,Delhi,,,2476.65,3.0,user6249@mail.com,,USA
,Neha,Male,43.0,Pune,2024-11-02,2024-11-29,382.89,3.0,,,India
6252,Amit,Female,43.0,Ahmedabad,2022-07-30,,2460.355,3.0,,,Canada
C6253,Unknown,Male,43.0,Bangalore,,,2460.355,5.0,,,Unknown
,Rahul,Female,43.0,Chennai,,,4541.52,2.0,,,Canada
C6255,Simran,Male,25.0,Bangalore,2022-06-13,,2460.355,2.0,,,Canada
C6256,Pooja,Male,43.0,Kolkata,,,2460.355,3.0,,9341324979,USA
6257,Unknown,Female,43.0,Kolkata,2021-07-22,,2460.355,3.0,,,India
C6258,Unknown,Male,44.0,Delhi,2023-12-08,2022-10-01,2460.355,3.0,,,India
C6259,Ravi,Male,43.0,Hyderabad,2025-08-07,2025-05-24,2415.44,3.0,,9656663379,Australia
6260,Unknown,Female,43.0,Chennai,,2024-03-10,3744.54,2.0,,,USA
6261,Sneha,Unknown,23.0,Chennai,,,2460.355,3.0,,,Unknown
6262,Amit,Unknown,43.0,Bangalore,,,4501.43,2.0,,,UK
,Priya,Unknown,57.0,Pune,,,2822.08,3.0,,,USA
,Amit,Male,43.0,Ahmedabad,2025-02-10,,3102.11,5.0,,,India
6265,Priya,Female,43.0,Hyderabad,2022-03-03,,2460.355,3.0,,9580998120,UK
6266,Pooja,Male,45.0,Ahmedabad,2024-09-04,,2460.355,3.0,,9405376202,USA
6267,Unknown,Unknown,29.0,Delhi,,,2460.355,3.0,,,Unknown
6268,Ravi,Male,43.0,Mumbai,2021-02-03,2024-10-20,2460.355,3.0,,9569851923,India
C6269,Sneha,Female,43.0,Kolkata,,,4830.7,3.0,user6268@mail.com,,Unknown
,Sneha,Female,43.0,Bangalore,2022-09-27,,2460.355,3.0,,,Canada
C6271,Priya,Female,43.0,Ahmedabad,,,1554.17,3.0,,,USA
6272,Neha,Unknown,43.0,Hyderabad,2022-07-30,,2460.355,3.0,,,India
6273,Sneha,Male,43.0,Mumbai,,,2460.355,3.0,,,Unknown
,Kiran,Unknown,43.0,Hyderabad,2022-01-20,2024-11-22,2460.355,2.0,,,India
6275,Unknown,Female,22.0,Hyderabad,2025-05-28,,1818.52,3.0,,9553020337,USA
6276,Pooja,Female,43.0,Kolkata,,2022-02-20,2460.355,3.0,,,Australia
C6277,Priya,Unknown,32.0,Chennai,2023-11-03,,2460.355,3.0,user6276@mail.com,,USA
C6278,Simran,Unknown,43.0,Ahmedabad,,2022-09-21,2460.355,3.0,,,UK
,Unknown,Unknown,69.0,Pune,2021-02-21,,3066.62,3.0,,9758513327,Canada
6280,Rahul,Male,39.0,Ahmedabad,,,827.48,3.0,,9732737374,India
6281,Neha,Unknown,43.0,Kolkata,,,2460.355,3.0,user6280@mail.com,9371051497,UK
6282,Unknown,Female,43.0,Unknown,2023-03-19,,2460.355,3.0,,9776165286,UK
6283,Pooja,Female,43.0,Mumbai,2023-04-13,,2460.355,2.0,,,Canada
C6284,Unknown,Unknown,43.0,Pune,,,2460.355,3.0,user6283@mail.com,,UK
6285,Pooja,Unknown,42.0,Bangalore,2023-07-29,,2460.355,3.0,,9350249846,USA
6286,Ankit,Male,43.0,Unknown,,,265.79,1.0,,,UK
C6287,Neha,Female,43.0,Ahmedabad,,,2460.355,3.0,user6286@mail.com,9637069046,Unknown
6288,Simran,Unknown,43.0,Kolkata,2021-04-04,,3395.76,3.0,,9353513617,Australia
C6289,Unknown,Male,43.0,Bangalore,,,2460.355,1.0,,,India
6290,Unknown,Male,43.0,Pune,,,2460.355,3.0,user6289@mail.com,,Unknown
6291,Kiran,Male,43.0,Ahmedabad,2021-01-24,2021-07-12,4302.93,3.0,,,India
C6292,Ankit,Female,57.0,Bangalore,2020-08-07,,2460.355,3.0,,,India
6293,Kiran,Female,43.0,Mumbai,2022-08-14,,2918.22,3.0,user6292@mail.com,,Unknown
6294,Unknown,Female,43.0,Delhi,2020-10-23,,2460.355,3.0,,,UK
6295,Sneha,Male,43.0,Bangalore,,2021-11-27,2689.36,2.0,,,Unknown
,Neha,Male,43.0,Delhi,,,1692.33,3.0,,,Australia
6297,Kiran,Male,70.0,Ahmedabad,2022-10-26,,3856.06,3.0,,,Unknown
6298,Unknown,Female,43.0,Delhi,,,2460.355,3.0,user6297@mail.com,,India
C6299,Kiran,Male,43.0,Mumbai,,,2460.355,3.0,user6298@mail.com,,Canada
,Ravi,Female,43.0,Hyderabad,,,2460.355,3.0,,,UK
6301,Amit,Female,43.0,Mumbai,2021-11-21,,2460.355,3.0,user6300@mail.com,,Canada
6302,Unknown,Female,43.0,Ahmedabad,2023-04-10,,2460.355,1.0,user6301@mail.com,,USA
6303,Unknown,Male,43.0,Pune,2023-05-30,,2460.355,3.0,,9454317155,Unknown
C6304,Kiran,Male,43.0,Pune,2023-12-06,,2460.355,3.0,,9307884711,Unknown
,Unknown,Female,31.0,Chennai,,,2460.355,3.0,,9565332123,Australia
6306,Neha,Unknown,29.0,Kolkata,2024-10-05,,2460.355,3.0,user6305@mail.com,,USA
6307,Unknown,Male,43.0,Delhi,2022-12-09,2021-05-03,2753.67,3.0,user6306@mail.com,9423973174,Australia
6308,Simran,Unknown,27.0,Pune,2024-04-12,2024-07-18,2460.355,3.0,,,Canada
6309,Unknown,Female,48.0,Mumbai,2023-04-21,,2460.355,4.0,,,USA
6310,Kiran,Female,43.0,Pune,,2023-02-14,2460.355,3.0,user6309@mail.com,,Australia
6311,Kiran,Female,43.0,Ahmedabad,,,2460.355,3.0,,9119447648,UK
,Priya,Unknown,65.0,Kolkata,2024-12-28,,2460.355,3.0,,,Canada
6313,Simran,Female,43.0,Chennai,,,2460.355,3.0,,,Australia
,Unknown,Unknown,43.0,Chennai,2025-06-17,2020-10-09,2460.355,3.0,,,UK
,Pooja,Male,43.0,Bangalore,,,2460.355,3.0,user6314@mail.com,,Canada
C6316,Unknown,Male,43.0,Bangalore,,,4904.04,5.0,,,Unknown
,Neha,Male,43.0,Pune,2024-09-13,2024-07-20,2460.355,3.0,,,Australia
,Amit,Unknown,43.0,Unknown,,,2460.355,5.0,,,UK
6319,Neha,Female,43.0,Ahmedabad,2021-10-01,2022-12-04,2460.355,3.0,user6318@mail.com,,Unknown
6320,Sneha,Male,67.0,Hyderabad,2025-04-16,,1722.13,3.0,,,UK
,Unknown,Male,43.0,Kolkata,,,2460.355,3.0,,,UK
6322,Simran,Male,43.0,Ahmedabad,2024-05-20,2022-07-26,2460.355,3.0,,9751119643,Canada
C6323,Rahul,Female,43.0,Mumbai,,,2460.355,3.0,,,Canada
C6324,Rahul,Male,67.0,Delhi,,2024-03-23,2460.355,3.0,,,Australia
6325,Priya,Female,24.0,Bangalore,2025-10-30,,2460.355,3.0,,,UK
6326,Unknown,Female,43.0,Bangalore,2025-10-22,,2460.355,3.0,,,USA
C6327,Unknown,Male,65.0,Pune,,2021-02-01,2460.355,3.0,,,Canada
C6328,Ravi,Female,43.0,Unknown,2022-02-11,,2460.355,3.0,user6327@mail.com,,India
,Kiran,Male,43.0,Bangalore,,2022-10-11,2211.87,3.0,user6328@mail.com,,Australia
6330,Sneha,Male,43.0,Kolkata,2024-08-01,,2460.355,2.0,,,India
C6331,Sneha,Male,43.0,Bangalore,,,2752.37,3.0,user6330@mail.com,,Unknown
6332,Ravi,Female,42.0,Ahmedabad,2025-05-24,,2460.355,5.0,,,USA
6333,Kiran,Male,43.0,Unknown,2022-03-14,2021-01-07,2460.355,3.0,,,India
C6334,Sneha,Female,43.0,Delhi,,,2460.355,3.0,,9539253390,Canada
,Rahul,Male,43.0,Mumbai,,2023-03-16,2460.355,3.0,,9242803547,USA
C6336,Rahul,Female,64.0,Ahmedabad,,,491.72,3.0,,9430795404,India
6337,Amit,Female,43.0,Bangalore,,,2052.69,3.0,user6336@mail.com,,Canada
,Unknown,Female,43.0,Kolkata,,,2460.355,3.0,,,Unknown
6339,Amit,Female,43.0,Chennai,2023-07-18,2023-04-19,2460.355,3.0,,,UK
6340,Ravi,Unknown,43.0,Delhi,,,2460.355,3.0,,9938460708,USA
C6341,Ravi,Male,43.0,Unknown,2022-07-05,,4498.79,3.0,user6340@mail.com,,UK
6342,Rahul,Female,43.0,Delhi,,,2460.355,3.0,user6341@mail.com,,UK
6343,Unknown,Male,43.0,Hyderabad,,2022-12-05,2460.355,4.0,,,UK
6344,Neha,Male,25.0,Bangalore,2022-11-03,,2460.355,3.0,,,UK
6345,Priya,Female,48.0,Ahmedabad,,2024-03-21,2460.355,3.0,,9131598519,Unknown
6346,Unknown,Male,43.0,Unknown,2025-01-03,2021-07-27,2460.355,3.0,user6345@mail.com,,Canada
C6347,Rahul,Male,43.0,Bangalore,2022-01-24,2023-04-21,2460.355,3.0,,,Australia
6348,Ravi,Unknown,43.0,Ahmedabad,,,559.33,1.0,,9500698003,Canada
,Neha,Unknown,57.0,Hyderabad,2024-02-27,2022-04-14,2460.355,3.0,,,USA
,Ankit,Unknown,42.0,Pune,,,2460.355,3.0,,,Unknown
6351,Neha,Female,43.0,Pune,2025-08-24,,2460.355,3.0,,9536212962,India
6352,Amit,Male,43.0,Pune,2026-01-21,,2460.355,4.0,user6351@mail.com,,USA
6353,Rahul,Female,43.0,Pune,2025-11-15,,1177.96,3.0,,9263257411,USA
6354,Amit,Female,43.0,Pune,,,4018.01,3.0,user6353@mail.com,,Canada
,Priya,Male,43.0,Chennai,,,2575.39,3.0,,9158724366,Canada
6356,Kiran,Male,43.0,Delhi,,,2460.355,5.0,,,Australia
6357,Rahul,Unknown,43.0,Hyderabad,2023-07-24,2025-06-07,617.67,3.0,user6356@mail.com,9645849574,Unknown
C6358,Unknown,Female,43.0,Pune,,2023-06-17,1255.62,3.0,,,USA
C6359,Ravi,Male,50.0,Pune,,2021-03-28,2460.355,3.0,,9441929012,India
,Sneha,Unknown,43.0,Hyderabad,2022-05-16,,2460.355,3.0,,,USA
6361,Sneha,Male,43.0,Bangalore,2025-09-27,,2460.355,3.0,,9135662474,India
6362,Simran,Female,43.0,Delhi,2026-01-23,,3116.76,3.0,user6361@mail.com,,India
6363,Kiran,Unknown,43.0,Hyderabad,2025-01-02,2024-06-14,2460.355,1.0,,9975575213,USA
6364,Kiran,Male,43.0,Bangalore,2022-12-10,,2460.355,3.0,,,UK
C6365,Kiran,Male,43.0,Unknown,,2021-11-10,4014.07,3.0,user6364@mail.com,,India
,Ankit,Unknown,40.0,Delhi,2022-06-10,,2460.355,5.0,,,UK
6367,Unknown,Male,43.0,Unknown,2024-06-04,,2460.355,3.0,user6366@mail.com,,Canada
6368,Priya,Female,59.0,Bangalore,2022-09-13,,2460.355,3.0,,9232231889,USA
6369,Neha,Unknown,43.0,Hyderabad,2020-08-26,2024-10-12,2460.355,3.0,,,UK
C6370,Amit,Unknown,25.0,Mumbai,,2025-04-26,2460.355,3.0,,,Australia
C6371,Neha,Unknown,39.0,Delhi,,,2460.355,3.0,user6370@mail.com,,India
C6372,Ravi,Unknown,43.0,Delhi,2022-04-06,,1535.02,3.0,,9317223937,USA
6373,Unknown,Male,34.0,Bangalore,,,2460.355,3.0,,,UK
6374,Ravi,Female,43.0,Hyderabad,,,2460.355,3.0,,9849383362,UK
6375,Pooja,Unknown,43.0,Unknown,2023-06-15,,2460.355,3.0,user6374@mail.com,,Unknown
6376,Priya,Unknown,36.0,Mumbai,2023-02-15,,2460.355,3.0,user6375@mail.com,,India
6377,Ankit,Unknown,43.0,Unknown,2026-01-25,,2460.355,4.0,,,UK
C6378,Kiran,Unknown,43.0,Hyderabad,2021-09-16,2024-10-29,2460.355,3.0,,9772385068,Unknown
,Unknown,Unknown,43.0,Delhi,,2025-08-01,2460.355,3.0,user6378@mail.com,,Unknown
,Pooja,Male,43.0,Hyderabad,2024-01-07,2020-08-26,2460.355,3.0,user6379@mail.com,,Unknown
6381,Rahul,Male,67.0,Hyderabad,,,2460.355,3.0,user6380@mail.com,9271189612,Australia
6382,Ravi,Male,40.0,Unknown,2023-02-16,,2460.355,5.0,user6381@mail.com,9392941246,USA
6383,Amit,Unknown,43.0,Unknown,,2022-08-06,2460.355,3.0,user6382@mail.com,,Unknown
,Unknown,Male,43.0,Hyderabad,,,2460.355,5.0,,,Canada
6385,Unknown,Male,43.0,Pune,2025-11-05,,2460.355,3.0,user6384@mail.com,,USA
6386,Pooja,Female,43.0,Chennai,,2021-12-27,2460.355,3.0,,9484334926,Unknown
6387,Kiran,Unknown,43.0,Kolkata,2022-09-08,,3661.51,5.0,,,India
,Neha,Unknown,43.0,Kolkata,2021-07-25,,2007.39,3.0,,,India
,Amit,Female,43.0,Unknown,2025-05-03,,2460.355,4.0,,,Australia
C6390,Sneha,Female,48.0,Unknown,,,2460.355,3.0,,,Unknown
6391,Kiran,Male,46.0,Bangalore,2021-09-19,,2460.355,1.0,,,Canada
C6392,Ravi,Unknown,43.0,Unknown,,,2460.355,3.0,,9730573963,UK
6393,Unknown,Unknown,43.0,Bangalore,,,2460.355,3.0,,,Canada
6394,Amit,Male,47.0,Kolkata,,,2460.355,3.0,,,India
C6395,Ankit,Male,47.0,Hyderabad,,2020-08-07,2460.355,3.0,,,Australia
C6396,Priya,Unknown,43.0,Kolkata,,2025-03-27,2460.355,3.0,,,UK
,Kiran,Unknown,19.0,Chennai,2024-10-12,2022-03-31,2460.355,5.0,,,USA
C6398,Neha,Unknown,43.0,Chennai,2021-04-01,,1581.55,3.0,user6397@mail.com,,India
C6399,Amit,Female,39.0,Chennai,2024-11-13,2024-07-13,4556.03,1.0,user6398@mail.com,,Canada
6400,Kiran,Female,43.0,Pune,2022-09-30,,2460.355,3.0,user6399@mail.com,9173052056,Australia
6401,Kiran,Female,43.0,Ahmedabad,2024-05-15,,2460.355,3.0,,,India
6402,Sneha,Female,43.0,Chennai,,,2460.355,4.0,,,Unknown
C6403,Unknown,Male,43.0,Delhi,,,4050.72,3.0,,,UK
C6404,Simran,Male,43.0,Kolkata,,,2460.355,3.0,,,USA
6405,Kiran,Unknown,27.0,Chennai,2021-04-03,,2460.355,2.0,user6404@mail.com,9398822828,UK
6406,Rahul,Female,43.0,Mumbai,2024-12-29,,2460.355,2.0,,,India
6407,Ravi,Male,43.0,Pune,2021-08-19,,2460.355,3.0,,,Unknown
,Neha,Female,43.0,Bangalore,2021-04-18,,2460.355,3.0,,,Unknown
C6409,Kiran,Unknown,28.0,Unknown,2025-01-02,,2460.355,3.0,,,UK
,Rahul,Male,43.0,Mumbai,2023-04-13,,2460.355,3.0,,9205259942,Canada
,Pooja,Female,39.0,Chennai,,2023-07-26,4945.74,5.0,user6410@mail.com,,Unknown
C6412,Ankit,Unknown,43.0,Mumbai,,,2460.355,3.0,,9310240591,Australia
C6413,Kiran,Female,43.0,Pune,,,3962.16,3.0,,9627321465,USA
6414,Amit,Male,43.0,Chennai,2024-08-31,,2460.355,3.0,,9553218284,UK
6415,Kiran,Female,43.0,Hyderabad,2021-01-19,2025-08-20,3889.75,3.0,,9551821827,Unknown
6416,Unknown,Unknown,43.0,Chennai,2024-11-03,2023-01-10,2460.355,3.0,user6415@mail.com,,UK
6417,Kiran,Female,43.0,Bangalore,,,2460.355,3.0,user6416@mail.com,,Canada
6418,Rahul,Male,43.0,Delhi,2022-05-25,,2460.355,3.0,user6417@mail.com,,UK
C6419,Ravi,Unknown,52.0,Kolkata,2022-12-30,2025-01-04,2460.355,2.0,,,Canada
6420,Ravi,Female,43.0,Hyderabad,,,2460.355,3.0,,,Australia
6421,Amit,Female,56.0,Delhi,,2021-11-30,2460.355,3.0,,,USA
6422,Simran,Male,43.0,Bangalore,,2021-11-16,2460.355,1.0,,,Canada
C6423,Simran,Unknown,43.0,Unknown,2022-06-21,,2460.355,3.0,,,USA
6424,Rahul,Male,43.0,Hyderabad,,2023-08-24,2460.355,3.0,,9404802318,Canada
,Pooja,Unknown,43.0,Hyderabad,2025-04-01,2023-03-01,2460.355,5.0,user6424@mail.com,,India
C6426,Kiran,Male,43.0,Pune,2023-09-27,,2460.355,3.0,user6425@mail.com,,Unknown
6427,Amit,Female,43.0,Ahmedabad,2023-12-23,2025-02-12,1587.44,3.0,user6426@mail.com,9150447403,Australia
6428,Simran,Female,43.0,Hyderabad,,2022-05-26,2460.355,3.0,,9389130992,Unknown
C6429,Rahul,Female,43.0,Kolkata,,2022-01-04,2460.355,3.0,,,USA
,Rahul,Unknown,43.0,Mumbai,,2023-03-16,2460.355,3.0,user6429@mail.com,,USA
6431,Unknown,Male,18.0,Delhi,2024-02-25,,2460.355,3.0,,,USA
,Ravi,Female,42.0,Chennai,2025-12-06,,2460.355,1.0,user6431@mail.com,,India
,Unknown,Female,43.0,Ahmedabad,,,2460.355,2.0,user6432@mail.com,,Australia
6434,Amit,Female,43.0,Unknown,,,2460.355,3.0,,,Canada
C6435,Rahul,Female,43.0,Mumbai,,,2460.355,4.0,,,USA
,Rahul,Female,43.0,Unknown,,2021-10-07,2460.355,4.0,,,Australia
,Unknown,Male,43.0,Hyderabad,2025-03-21,2021-01-18,3318.0,3.0,,,India
C6438,Simran,Male,60.0,Delhi,2022-05-14,2024-05-26,2460.355,3.0,user6437@mail.com,9766312275,Unknown
6439,Simran,Male,43.0,Delhi,,,2460.355,3.0,user6438@mail.com,,Canada
C6440,Priya,Unknown,43.0,Hyderabad,2025-03-28,2022-03-09,2460.355,3.0,,,Australia
6441,Ankit,Unknown,46.0,Unknown,,,2460.355,3.0,,,Australia
6442,Simran,Female,43.0,Unknown,,,2460.355,3.0,user6441@mail.com,9855614479,Australia
6443,Unknown,Unknown,44.0,Pune,,,2460.355,3.0,,,Unknown
C6444,Unknown,Female,43.0,Mumbai,2023-06-16,,2460.355,3.0,,,UK
,Unknown,Male,43.0,Unknown,,2023-02-08,938.29,3.0,user6444@mail.com,,India
6446,Rahul,Female,37.0,Chennai,2023-04-23,2021-08-31,2460.355,3.0,,,Canada
6447,Unknown,Unknown,42.0,Chennai,,,2460.355,3.0,,9285160660,Canada
,Rahul,Female,41.0,Bangalore,2024-07-05,,169.28,3.0,user6447@mail.com,9584732442,Canada
,Unknown,Female,43.0,Hyderabad,2021-09-26,,2460.355,3.0,,9876495845,USA
C6450,Sneha,Male,43.0,Hyderabad,,,2460.355,3.0,,,Canada
6451,Unknown,Female,43.0,Ahmedabad,,,2460.355,3.0,,,Unknown
6452,Unknown,Unknown,25.0,Delhi,2025-01-24,,2460.355,3.0,,,UK
,Neha,Unknown,43.0,Pune,2024-07-30,,2460.355,3.0,,,UK
6454,Ankit,Male,43.0,Unknown,2024-05-28,2024-05-16,2904.13,3.0,,,USA
6455,Priya,Male,43.0,Mumbai,2025-09-01,2021-03-16,2460.355,1.0,user6454@mail.com,,Australia
6456,Ravi,Female,43.0,Hyderabad,,2024-01-08,2460.355,3.0,user6455@mail.com,,Unknown
6457,Simran,Female,43.0,Mumbai,2024-04-09,,2460.355,2.0,user6456@mail.com,,India
C6458,Simran,Unknown,59.0,Hyderabad,,,2460.355,5.0,user6457@mail.com,9163365384,Canada
6459,Simran,Male,43.0,Chennai,2020-11-06,,2460.355,3.0,,,USA
6460,Ravi,Female,43.0,Chennai,2023-03-13,,2460.355,3.0,,,Australia
6461,Pooja,Female,43.0,Mumbai,2025-01-05,,2460.355,3.0,,9610866811,Australia
C6462,Priya,Male,43.0,Ahmedabad,2025-12-01,,2460.355,3.0,,,India
6463,Kiran,Male,43.0,Delhi,2025-07-07,,2460.355,3.0,,,Canada
6464,Unknown,Male,43.0,Chennai,2024-04-19,2020-08-29,2460.355,3.0,,9474542947,USA
,Kiran,Male,43.0,Mumbai,2020-09-10,,1119.22,3.0,,9108592319,India
,Ankit,Male,31.0,Delhi,2026-01-12,,2460.355,3.0,,9872983141,Australia
6467,Ankit,Unknown,43.0,Chennai,,2024-07-05,2460.355,3.0,user6466@mail.com,,India
C6468,Priya,Unknown,43.0,Pune,,,2460.355,3.0,,,USA
6469,Ravi,Male,43.0,Mumbai,2022-10-31,,2460.355,3.0,,,Australia
6470,Neha,Male,43.0,Pune,,,2460.355,1.0,,,India
,Priya,Male,43.0,Pune,,,2460.355,3.0,,,USA
6472,Sneha,Male,43.0,Ahmedabad,,,2460.355,3.0,user6471@mail.com,,USA
6473,Kiran,Female,43.0,Delhi,,,2460.355,3.0,,,USA
C6474,Rahul,Male,26.0,Delhi,2022-03-09,,2460.355,3.0,,,Canada
6475,Amit,Female,43.0,Kolkata,2024-10-12,,2460.355,3.0,,9759524575,UK
,Simran,Unknown,43.0,Hyderabad,,2022-01-05,2460.355,3.0,,,UK
6477,Kiran,Female,43.0,Unknown,2024-01-01,,2460.355,3.0,user6476@mail.com,,Australia
6478,Unknown,Female,43.0,Bangalore,,2021-09-28,2460.355,3.0,,,India
C6479,Ravi,Female,43.0,Delhi,,,2460.355,3.0,user6478@mail.com,,India
6480,Priya,Female,43.0,Bangalore,2021-04-07,,2460.355,2.0,,9723330188,Unknown
6481,Amit,Unknown,43.0,Delhi,2025-09-27,,2460.355,3.0,,9838369724,Unknown
6482,Pooja,Female,24.0,Bangalore,,,2460.355,3.0,,,UK
,Unknown,Unknown,43.0,Delhi,2021-01-23,2022-12-15,2460.355,3.0,,,Australia
6484,Priya,Male,67.0,Pune,2025-07-18,2025-01-29,2460.355,3.0,user6483@mail.com,,Unknown
,Unknown,Male,43.0,Hyderabad,2021-12-18,,2460.355,1.0,,,USA
C6486,Sneha,Female,43.0,Hyderabad,2022-10-21,,2460.355,3.0,user6485@mail.com,,Unknown
C6487,Simran,Female,61.0,Unknown,2023-05-15,,3794.05,3.0,,,USA
C6488,Sneha,Unknown,43.0,Chennai,,,2213.13,3.0,,,Canada
6489,Sneha,Female,43.0,Delhi,2020-12-21,,2460.355,1.0,user6488@mail.com,,Australia
6490,Neha,Unknown,43.0,Chennai,,,2460.355,3.0,,,UK
6491,Neha,Male,43.0,Bangalore,,,903.24,3.0,,9289422979,Canada
,Neha,Male,43.0,Pune,2022-06-23,,1060.4,3.0,user6491@mail.com,9108015691,India
,Pooja,Female,43.0,Kolkata,,,2460.355,3.0,,,Australia
6494,Ankit,Female,43.0,Mumbai,2024-10-30,2021-04-08,2460.355,3.0,,,Australia
6495,Kiran,Female,43.0,Ahmedabad,2022-09-17,2021-07-17,2460.355,3.0,user6494@mail.com,,UK
,Pooja,Male,43.0,Mumbai,,,4535.38,3.0,user6495@mail.com,9932164398,Canada
C6497,Rahul,Female,43.0,Delhi,2024-03-11,2025-01-29,1506.05,2.0,,,USA
,Sneha,Male,43.0,Delhi,,,2460.355,5.0,,9246720762,India
,Unknown,Male,43.0,Hyderabad,2020-09-22,,2460.355,3.0,,,India
6500,Kiran,Unknown,43.0,Delhi,2020-08-12,,1071.93,3.0,,,Unknown
,Ankit,Unknown,43.0,Hyderabad,,,2460.355,3.0,,,Unknown
,Priya,Male,43.0,Bangalore,,,252.39,3.0,user6501@mail.com,,UK
6503,Ankit,Unknown,43.0,Pune,2024-12-19,,2460.355,1.0,,,Canada
6504,Sneha,Male,43.0,Mumbai,2023-09-29,,3830.45,1.0,user6503@mail.com,9938747841,Australia
6505,Unknown,Male,70.0,Ahmedabad,,,2460.355,1.0,,,USA
6506,Ravi,Female,43.0,Bangalore,2025-08-08,,181.92,1.0,user6505@mail.com,,USA
6507,Priya,Female,43.0,Chennai,,,2460.355,3.0,,,Unknown
C6508,Pooja,Female,43.0,Ahmedabad,,,2460.355,5.0,,,India
6509,Neha,Male,43.0,Ahmedabad,,,306.49,4.0,,,Australia
6510,Unknown,Male,43.0,Pune,,,1818.26,3.0,user6509@mail.com,9461780974,USA
6511,Neha,Unknown,67.0,Kolkata,2022-11-16,,2460.355,3.0,,,Canada
6512,Unknown,Unknown,43.0,Unknown,,,2460.355,3.0,,,USA
,Unknown,Male,43.0,Hyderabad,2025-07-21,2025-09-13,4280.63,3.0,user6512@mail.com,9137871044,Australia
,Priya,Male,28.0,Bangalore,,2022-07-29,2460.355,3.0,user6513@mail.com,,India
,Ravi,Unknown,43.0,Unknown,,,2460.355,2.0,,,Canada
6516,Unknown,Unknown,31.0,Kolkata,2025-03-21,,2460.355,3.0,,9385626366,UK
C6517,Kiran,Female,43.0,Kolkata,2022-10-10,,2460.355,3.0,,,USA
,Unknown,Female,43.0,Ahmedabad,2021-05-26,,2460.355,3.0,,,USA
6519,Pooja,Male,43.0,Unknown,2024-06-18,2021-10-28,2581.07,3.0,,,Canada
6520,Ankit,Unknown,43.0,Ahmedabad,,2023-07-08,1084.55,3.0,,,USA
6521,Neha,Male,45.0,Unknown,2023-10-24,2025-03-22,1029.32,3.0,user6520@mail.com,,USA
6522,Pooja,Female,61.0,Pune,,,2460.355,3.0,user6521@mail.com,,UK
,Kiran,Male,43.0,Delhi,2022-06-13,,2460.355,3.0,user6522@mail.com,,India
6524,Neha,Male,43.0,Delhi,,,2460.355,3.0,,,USA
,Pooja,Male,43.0,Bangalore,2020-09-24,2022-09-21,2460.355,3.0,,9872943925,Unknown
,Ankit,Female,43.0,Mumbai,2023-09-28,,2460.355,3.0,,9606616915,Australia
6527,Pooja,Male,43.0,Delhi,2023-07-22,2021-02-02,309.46,3.0,user6526@mail.com,,USA
C6528,Ravi,Female,43.0,Ahmedabad,2021-08-03,2024-02-09,2460.355,3.0,,,Unknown
C6529,Ankit,Female,43.0,Chennai,2022-12-24,2021-01-30,2409.68,3.0,,,UK
6530,Neha,Male,43.0,Delhi,2023-10-10,2024-07-11,2460.355,3.0,,,India
,Rahul,Unknown,49.0,Mumbai,2024-03-15,,2460.355,3.0,,,UK
C6532,Kiran,Unknown,43.0,Hyderabad,2024-08-06,,1468.18,3.0,user6531@mail.com,9977586664,Unknown
C6533,Pooja,Male,21.0,Hyderabad,,,2460.355,3.0,,,Unknown
C6534,Unknown,Female,43.0,Chennai,2025-04-27,2022-07-30,2460.355,3.0,,9400385334,Australia
6535,Ravi,Male,43.0,Kolkata,,,2460.355,3.0,,,Unknown
6536,Kiran,Male,29.0,Unknown,2025-02-23,2023-02-11,2460.355,3.0,,,India
C6537,Ankit,Unknown,43.0,Ahmedabad,2024-06-28,2022-08-22,4921.66,3.0,,,UK
6538,Unknown,Unknown,51.0,Mumbai,,2024-06-18,2460.355,3.0,,9741413351,USA
6539,Neha,Male,43.0,Mumbai,2026-01-08,,2460.355,3.0,,9764125238,Unknown
6540,Ankit,Female,43.0,Pune,,,2460.355,3.0,,9358986049,UK
6541,Unknown,Male,45.0,Pune,2023-01-09,,2460.355,3.0,user6540@mail.com,,Unknown
,Neha,Male,43.0,Kolkata,2022-10-17,,194.03,5.0,,,India
6543,Unknown,Male,43.0,Hyderabad,2021-03-24,2025-04-14,4881.88,3.0,,,USA
C6544,Unknown,Female,43.0,Bangalore,,,2460.355,3.0,,,Unknown
C6545,Neha,Unknown,46.0,Pune,,2022-09-16,2460.355,3.0,,9918555850,USA
6546,Ankit,Female,43.0,Chennai,2023-05-26,,2460.355,3.0,,,UK
C6547,Neha,Unknown,43.0,Kolkata,2025-03-12,,4246.98,3.0,,,Canada
6548,Pooja,Unknown,43.0,Kolkata,,2021-08-25,2460.355,1.0,,9524303701,USA
C6549,Ravi,Male,43.0,Bangalore,,,2460.355,5.0,,,USA
6550,Unknown,Female,43.0,Bangalore,,,2460.355,3.0,,,Unknown
6551,Kiran,Female,43.0,Bangalore,2022-12-27,,2460.355,3.0,user6550@mail.com,,Unknown
C6552,Kiran,Unknown,26.0,Pune,,,2460.355,5.0,,,UK
6553,Ankit,Male,43.0,Chennai,,,2460.355,3.0,user6552@mail.com,,Canada
C6554,Priya,Male,43.0,Ahmedabad,2021-08-16,,2460.355,3.0,,,USA
6555,Ankit,Male,43.0,Mumbai,,,2460.355,5.0,,,USA
C6556,Amit,Male,37.0,Unknown,2023-08-08,2021-09-10,2460.355,3.0,user6555@mail.com,,India
6557,Ankit,Female,43.0,Hyderabad,2024-02-02,2022-01-03,2460.355,3.0,,9669417420,India
C6558,Pooja,Female,43.0,Delhi,,2023-03-27,2460.355,4.0,user6557@mail.com,,Canada
6559,Priya,Male,43.0,Bangalore,2021-10-11,,1602.34,3.0,,,Canada
6560,Ankit,Unknown,43.0,Pune,2023-08-31,2023-01-31,3085.17,3.0,user6559@mail.com,,Canada
C6561,Ankit,Unknown,43.0,Pune,2022-05-02,,2460.355,3.0,,9789054091,USA
6562,Kiran,Unknown,43.0,Chennai,,,2460.355,3.0,,,USA
C6563,Amit,Male,43.0,Ahmedabad,,2025-04-23,2460.355,3.0,,,Unknown
C6564,Pooja,Female,38.0,Pune,,,2460.355,3.0,,,Unknown
C6565,Neha,Female,43.0,Ahmedabad,2025-03-08,2020-12-07,2460.355,3.0,,9468792400,Australia
C6566,Kiran,Unknown,43.0,Unknown,2022-10-18,,2460.355,3.0,user6565@mail.com,,Canada
C6567,Simran,Female,43.0,Mumbai,,2020-10-12,2460.355,3.0,,,India
C6568,Sneha,Male,38.0,Hyderabad,2025-04-11,,2460.355,3.0,,,USA
6569,Rahul,Female,43.0,Mumbai,2024-03-21,,2460.355,3.0,,,Canada
6570,Simran,Female,43.0,Delhi,,,2460.355,3.0,,9980145684,India
6571,Amit,Female,43.0,Kolkata,2022-12-22,,2460.355,3.0,user6570@mail.com,,Unknown
6572,Sneha,Female,54.0,Chennai,2022-07-11,,2460.355,3.0,,,India
6573,Sneha,Female,32.0,Pune,,,2460.355,3.0,,9379274297,Unknown
6574,Unknown,Male,43.0,Pune,,,2460.355,3.0,,,Canada
6575,Priya,Unknown,43.0,Ahmedabad,,,2460.355,3.0,,9672929720,India
C6576,Amit,Unknown,43.0,Bangalore,,,2460.355,5.0,,9344257065,Canada
6577,Unknown,Female,43.0,Chennai,,2022-11-03,2460.355,2.0,user6576@mail.com,,Australia
6578,Simran,Female,43.0,Kolkata,2023-03-09,,2460.355,3.0,,,Canada
6579,Simran,Unknown,63.0,Kolkata,,,2460.355,3.0,,,USA
6580,Kiran,Male,43.0,Ahmedabad,2021-05-21,,2460.355,3.0,,,USA
6581,Neha,Male,43.0,Kolkata,2025-08-28,2025-09-05,2460.355,3.0,,,Australia
C6582,Amit,Female,43.0,Bangalore,,2025-10-03,2100.94,5.0,,,USA
C6583,Simran,Unknown,19.0,Mumbai,,,2460.355,3.0,,9267199843,UK
,Ankit,Female,43.0,Unknown,2022-06-06,2022-02-18,2460.355,5.0,,,Australia
C6585,Ankit,Unknown,54.0,Mumbai,,,2460.355,3.0,user6584@mail.com,9376609004,Canada
6586,Sneha,Male,27.0,Bangalore,2021-02-27,,2460.355,3.0,user6585@mail.com,,UK
C6587,Ravi,Male,43.0,Bangalore,,,2460.355,2.0,,9705554251,USA
,Ankit,Male,43.0,Ahmedabad,2025-10-07,2021-04-21,2460.355,3.0,,,UK
6589,Priya,Female,67.0,Ahmedabad,2024-09-11,2023-07-11,2460.355,3.0,,,Canada
,Neha,Female,43.0,Chennai,,,2460.355,2.0,,,Canada
C6591,Sneha,Male,43.0,Ahmedabad,,,2460.355,3.0,user6590@mail.com,,Canada
,Priya,Male,43.0,Ahmedabad,,,2460.355,3.0,,,India
6593,Sneha,Female,43.0,Hyderabad,2025-06-12,,2460.355,3.0,,,India
6594,Simran,Unknown,43.0,Pune,2022-05-19,,2460.355,3.0,user6593@mail.com,,UK
6595,Ankit,Unknown,32.0,Ahmedabad,,,2460.355,4.0,user6594@mail.com,9291327922,India
,Ravi,Unknown,43.0,Chennai,,2024-04-25,2460.355,3.0,,9657764544,UK
C6597,Kiran,Female,43.0,Unknown,2022-04-05,,2460.355,3.0,,,India
C6598,Kiran,Male,26.0,Hyderabad,,2024-05-11,2460.355,3.0,,,USA
6599,Kiran,Male,64.0,Bangalore,2020-12-23,2023-05-03,3215.86,3.0,,9620913905,Canada
C6600,Neha,Male,24.0,Unknown,,,2460.355,3.0,,,Canada
C6601,Unknown,Male,43.0,Delhi,2021-10-10,,2460.355,5.0,user6600@mail.com,,India
C6602,Unknown,Male,43.0,Kolkata,,,2768.11,3.0,,,USA
,Amit,Male,43.0,Hyderabad,2021-09-07,,2460.355,3.0,,,Australia
6604,Ravi,Male,43.0,Hyderabad,,2023-02-25,2460.355,3.0,,,Australia
6605,Kiran,Female,43.0,Delhi,,2025-04-24,2460.355,3.0,user6604@mail.com,9242186757,UK
6606,Ankit,Male,43.0,Chennai,2024-09-24,,3746.94,3.0,,,India
6607,Priya,Unknown,43.0,Mumbai,2024-06-01,,2460.355,4.0,,,Canada
6608,Unknown,Male,43.0,Bangalore,,,2460.355,2.0,user6607@mail.com,9676522952,India
C6609,Amit,Unknown,50.0,Delhi,2023-12-27,,2460.355,3.0,user6608@mail.com,,Canada
6610,Simran,Unknown,43.0,Pune,,,2996.9,3.0,,9686538156,Australia
C6611,Rahul,Male,18.0,Pune,2023-07-27,,4016.95,3.0,user6610@mail.com,9935777285,Unknown
6612,Ankit,Female,19.0,Ahmedabad,,2023-01-20,2460.355,3.0,,,UK
6613,Unknown,Female,43.0,Bangalore,2020-10-10,,2460.355,3.0,,,UK
6614,Ravi,Unknown,43.0,Bangalore,,,2460.355,3.0,,,Canada
6615,Ravi,Male,43.0,Kolkata,,,2460.355,4.0,,,Unknown
6616,Priya,Female,56.0,Chennai,2021-10-16,,2460.355,3.0,,9894611496,Australia
6617,Sneha,Unknown,43.0,Chennai,2022-11-30,,4740.52,3.0,,,India
6618,Neha,Male,43.0,Bangalore,2024-03-22,,2460.355,3.0,,,Canada
6619,Rahul,Female,43.0,Ahmedabad,2022-09-04,2024-01-25,611.93,3.0,,,USA
6620,Ankit,Female,37.0,Unknown,,2026-01-13,2460.355,3.0,,,UK
6621,Pooja,Male,34.0,Kolkata,,2021-07-30,2460.355,3.0,,,India
6622,Unknown,Male,43.0,Bangalore,2024-04-26,,2361.57,2.0,,9963238401,India
6623,Unknown,Female,43.0,Hyderabad,,2024-03-05,2460.355,3.0,,,Canada
6624,Ravi,Unknown,43.0,Chennai,2025-01-09,,2311.79,3.0,user6623@mail.com,,UK
C6625,Unknown,Male,43.0,Unknown,,2022-05-05,2460.355,2.0,user6624@mail.com,9380733714,UK
6626,Priya,Female,55.0,Ahmedabad,,,2460.355,1.0,,,India
,Priya,Male,30.0,Hyderabad,,2024-09-25,1643.02,3.0,,9387099485,USA
,Amit,Unknown,43.0,Bangalore,2022-10-19,,2460.355,5.0,,,India
,Unknown,Female,43.0,Hyderabad,2025-01-05,2022-06-19,2460.355,3.0,,,India
6630,Amit,Male,43.0,Pune,2026-01-13,,2460.355,3.0,,,Unknown
C6631,Kiran,Male,43.0,Hyderabad,,,2460.355,3.0,,,Canada
C6632,Pooja,Male,61.0,Hyderabad,,,2460.355,3.0,user6631@mail.com,,USA
C6633,Priya,Female,43.0,Bangalore,2021-04-08,2023-06-07,2460.355,4.0,,,UK
,Rahul,Male,43.0,Pune,2023-12-03,2022-08-31,2460.355,3.0,,,India
6635,Unknown,Female,63.0,Hyderabad,2021-12-07,2022-01-16,2460.355,3.0,,9637294105,Unknown
6636,Sneha,Female,43.0,Mumbai,,,2460.355,2.0,user6635@mail.com,,USA
6637,Amit,Male,43.0,Unknown,2021-09-10,2023-06-22,2460.355,3.0,,,Canada
C6638,Rahul,Male,43.0,Ahmedabad,2022-04-05,2020-10-13,837.7,3.0,user6637@mail.com,,Australia
6639,Sneha,Female,43.0,Mumbai,2024-05-23,,4067.8,3.0,user6638@mail.com,9641987602,Canada
6640,Rahul,Female,43.0,Bangalore,,,2460.355,2.0,,,Unknown
,Neha,Male,43.0,Ahmedabad,2022-12-18,,2460.355,3.0,user6640@mail.com,,USA
6642,Unknown,Unknown,43.0,Ahmedabad,,,2460.355,3.0,,,Canada
6643,Priya,Male,43.0,Chennai,2021-08-13,,2460.355,3.0,,9779337723,UK
6644,Priya,Male,43.0,Hyderabad,2021-05-06,,2460.355,3.0,,,India
6645,Sneha,Male,43.0,Chennai,2023-02-17,2021-06-16,2460.355,5.0,,,Australia
,Unknown,Male,33.0,Kolkata,2023-06-28,2025-11-03,2460.355,3.0,,9383944732,UK
C6647,Simran,Unknown,46.0,Bangalore,2025-03-27,2021-04-03,2460.355,3.0,,,India
6648,Sneha,Female,43.0,Hyderabad,2022-01-15,,2460.355,3.0,,,Canada
6649,Pooja,Male,43.0,Unknown,,2021-09-25,2460.355,3.0,,,Unknown
6650,Amit,Female,43.0,Kolkata,,,2460.355,3.0,user6649@mail.com,9449593989,India
,Pooja,Female,43.0,Bangalore,2023-08-19,,4561.86,3.0,,9421489809,India
,Kiran,Female,43.0,Pune,,,2460.355,3.0,user6651@mail.com,,Canada
C6653,Unknown,Unknown,43.0,Chennai,,2025-01-24,2460.355,3.0,,9576796347,Unknown
6654,Simran,Unknown,67.0,Chennai,,,2460.355,3.0,,,Canada
6655,Amit,Female,43.0,Bangalore,2022-11-13,,1116.69,3.0,user6654@mail.com,,Canada
C6656,Rahul,Female,43.0,Pune,,,2460.355,3.0,user6655@mail.com,,Canada
,Rahul,Female,19.0,Ahmedabad,,2024-04-18,2460.355,3.0,,9822622330,Unknown
C6658,Rahul,Male,67.0,Unknown,,2024-03-05,2460.355,3.0,,,USA
6659,Pooja,Female,29.0,Bangalore,2023-03-20,,2460.355,1.0,,9400962326,UK
C6660,Neha,Male,43.0,Mumbai,2023-11-07,,2460.355,3.0,user6659@mail.com,,Canada
C6661,Pooja,Male,43.0,Unknown,2023-07-12,,2460.355,3.0,,,USA
C6662,Neha,Unknown,66.0,Hyderabad,2021-06-18,2024-02-17,4411.91,3.0,user6661@mail.com,9593016475,Canada
6663,Simran,Male,43.0,Bangalore,,2024-07-07,338.1,3.0,,,Unknown
C6664,Kiran,Unknown,43.0,Delhi,,,2460.355,1.0,user6663@mail.com,,India
C6665,Ankit,Female,51.0,Pune,2023-02-22,,2460.355,3.0,,,India
,Neha,Unknown,43.0,Bangalore,2023-06-08,,1809.24,3.0,,,Unknown
6667,Neha,Male,43.0,Mumbai,2022-05-06,,2460.355,1.0,,9905878077,Unknown
6668,Amit,Male,43.0,Hyderabad,2020-08-24,2021-09-29,2460.355,3.0,user6667@mail.com,,USA
6669,Sneha,Female,43.0,Hyderabad,,,2460.355,3.0,,9669997916,UK
6670,Ravi,Male,43.0,Hyderabad,,,1193.09,3.0,,9138000894,Canada
C6671,Unknown,Female,43.0,Kolkata,,,2460.355,3.0,,,Canada
6672,Amit,Female,43.0,Delhi,2024-05-22,,2460.355,3.0,,,UK
6673,Kiran,Male,43.0,Delhi,2025-03-28,,2460.355,3.0,,,UK
6674,Simran,Male,43.0,Unknown,2025-11-28,,2460.355,3.0,,,Canada
6675,Pooja,Female,43.0,Hyderabad,2021-06-09,2024-12-05,2460.355,3.0,,,Unknown
6676,Unknown,Male,43.0,Pune,2021-02-23,2023-04-04,2460.355,3.0,,,India
C6677,Ravi,Female,43.0,Delhi,,2025-03-06,1455.87,3.0,,9779890675,Australia
C6678,Priya,Unknown,28.0,Mumbai,2021-04-01,2021-05-21,2189.92,3.0,user6677@mail.com,,Canada
,Unknown,Unknown,32.0,Unknown,2023-03-04,2025-07-06,2460.355,3.0,,,Australia
,Unknown,Unknown,43.0,Kolkata,2022-11-12,,2460.355,3.0,,9259402099,USA
6681,Priya,Female,43.0,Bangalore,,2024-05-04,2460.355,2.0,,,Unknown
C6682,Unknown,Male,43.0,Kolkata,2024-03-16,,2460.355,1.0,user6681@mail.com,9946282322,USA
,Amit,Male,43.0,Delhi,,,4163.31,3.0,user6682@mail.com,,Unknown
6684,Unknown,Female,43.0,Ahmedabad,2024-06-18,,2913.81,3.0,user6683@mail.com,9853095376,USA
6685,Simran,Female,43.0,Kolkata,2023-10-18,,2460.355,3.0,,,USA
6686,Rahul,Male,43.0,Delhi,2024-01-31,,2460.355,3.0,,,Australia
,Priya,Female,43.0,Kolkata,2020-08-11,,2460.355,3.0,user6686@mail.com,,India
6688,Unknown,Male,43.0,Mumbai,,,466.89,3.0,,,UK
6689,Rahul,Male,43.0,Chennai,,2021-02-14,2460.355,2.0,,,UK
C6690,Unknown,Female,43.0,Bangalore,2022-09-16,,2460.355,3.0,user6689@mail.com,,Canada
C6691,Ankit,Male,43.0,Pune,2021-01-28,2021-12-23,2460.355,3.0,,9325423325,UK
6692,Ankit,Unknown,43.0,Mumbai,,,2460.355,3.0,,9935816023,Canada
6693,Kiran,Male,43.0,Ahmedabad,2022-10-08,,2841.33,3.0,,,India
6694,Unknown,Unknown,43.0,Delhi,2025-03-16,,2460.355,5.0,,,India
C6695,Unknown,Male,43.0,Mumbai,,,2460.355,3.0,,,Canada
6696,Amit,Unknown,43.0,Pune,2024-10-05,,2460.355,3.0,user6695@mail.com,,Unknown
C6697,Sneha,Unknown,37.0,Kolkata,,,2460.355,3.0,,,UK
6698,Ravi,Unknown,43.0,Pune,2023-07-26,,2460.355,3.0,,,Canada
C6699,Rahul,Unknown,43.0,Unknown,,,2460.355,3.0,,,UK
6700,Priya,Female,43.0,Bangalore,2020-12-19,2021-05-27,2460.355,2.0,user6699@mail.com,9882325952,Unknown
6701,Sneha,Unknown,43.0,Pune,,2020-08-30,868.18,3.0,,,Canada
C6702,Ravi,Unknown,50.0,Kolkata,,,297.03,3.0,user6701@mail.com,,UK
6703,Unknown,Male,65.0,Unknown,2023-09-08,,2460.355,3.0,,,UK
6704,Ravi,Female,43.0,Delhi,,,2108.28,3.0,,,USA
,Unknown,Male,43.0,Delhi,2024-02-03,2023-01-02,3612.15,3.0,,,India
6706,Rahul,Female,43.0,Hyderabad,,2021-03-11,3245.54,3.0,,,Australia
,Unknown,Male,42.0,Unknown,,2022-12-10,3813.33,5.0,,,UK
6708,Ravi,Male,43.0,Delhi,,,2460.355,3.0,,,India
C6709,Ankit,Female,43.0,Kolkata,,,2460.355,3.0,user6708@mail.com,,India
6710,Neha,Male,43.0,Hyderabad,2023-05-22,,2460.355,3.0,user6709@mail.com,,USA
6711,Simran,Female,43.0,Pune,,2020-10-26,2460.355,3.0,user6710@mail.com,9152829631,India
6712,Unknown,Male,43.0,Unknown,,2024-12-21,4643.63,3.0,,,USA
6713,Amit,Male,52.0,Pune,,,1633.4,3.0,,,Canada
6714,Kiran,Female,43.0,Mumbai,2025-05-01,2024-02-14,2460.355,5.0,,,Australia
6715,Amit,Female,47.0,Kolkata,,,269.77,3.0,user6714@mail.com,,India
C6716,Pooja,Male,43.0,Bangalore,2021-11-25,,2885.85,3.0,,9154507430,India
,Unknown,Male,43.0,Delhi,,2022-09-02,2460.355,3.0,,,USA
C6718,Unknown,Male,43.0,Delhi,,2023-03-14,2460.355,3.0,,9931740022,Unknown
6719,Neha,Male,43.0,Chennai,,2025-01-25,2460.355,3.0,,,India
6720,Sneha,Male,43.0,Chennai,,,2460.355,1.0,,,Australia
,Kiran,Male,43.0,Pune,,2024-06-21,2460.355,3.0,,9906416360,India
C6722,Ravi,Female,43.0,Kolkata,,,2460.355,3.0,,,India
6723,Priya,Female,43.0,Hyderabad,2022-12-28,2024-09-28,2460.355,3.0,,,India
C6724,Neha,Female,43.0,Pune,2021-08-18,,2460.355,2.0,user6723@mail.com,,Australia
,Pooja,Female,43.0,Delhi,2024-04-25,,2460.355,5.0,,,India
6726,Ankit,Unknown,43.0,Bangalore,2021-09-23,,2460.355,3.0,user6725@mail.com,9872966515,Canada
6727,Sneha,Female,43.0,Unknown,2022-11-04,2021-02-19,2460.355,3.0,,,India
6728,Priya,Unknown,43.0,Mumbai,,,2460.355,3.0,user6727@mail.com,9386104476,Canada
,Sneha,Male,43.0,Mumbai,2022-02-09,,2460.355,3.0,user6728@mail.com,,USA
6730,Priya,Male,43.0,Delhi,2021-03-30,2021-12-10,2460.355,3.0,user6729@mail.com,,Canada
6731,Unknown,Male,43.0,Bangalore,,2020-10-30,2460.355,3.0,,,USA
C6732,Sneha,Female,43.0,Ahmedabad,2020-09-25,,2262.29,3.0,,,India
6733,Unknown,Male,43.0,Unknown,2025-08-08,,2460.355,3.0,user6732@mail.com,,Canada
,Simran,Female,43.0,Pune,2020-12-18,,2460.355,3.0,,,UK
6735,Pooja,Female,43.0,Pune,2022-09-01,2022-01-23,1790.57,3.0,,,Unknown
,Unknown,Unknown,43.0,Unknown,,,2460.355,3.0,user6735@mail.com,,India
C6737,Priya,Female,43.0,Mumbai,,,4761.01,3.0,,,Unknown
6738,Unknown,Female,43.0,Hyderabad,,,2460.355,3.0,,,India
C6739,Simran,Male,22.0,Pune,2024-10-22,,216.76,3.0,,,Unknown
C6740,Rahul,Male,43.0,Mumbai,,,2460.355,3.0,user6739@mail.com,9955023769,UK
C6741,Unknown,Female,69.0,Delhi,,,4331.37,3.0,,,UK
,Neha,Female,43.0,Bangalore,2024-08-14,,2460.355,3.0,user6741@mail.com,9753280269,Canada
6743,Rahul,Unknown,43.0,Pune,2023-05-17,,2460.355,3.0,,,USA
6744,Priya,Male,43.0,Ahmedabad,,2021-04-18,2460.355,3.0,,,Canada
6745,Unknown,Unknown,46.0,Ahmedabad,,,2460.355,5.0,,,India
,Kiran,Female,43.0,Pune,,,2460.355,4.0,,,UK
6747,Neha,Male,63.0,Chennai,2025-06-25,,2460.355,3.0,,,UK
,Unknown,Female,25.0,Chennai,2023-10-05,,2460.355,4.0,,,Unknown
,Ankit,Unknown,43.0,Bangalore,2023-03-26,,2460.355,5.0,,,USA
6750,Sneha,Unknown,20.0,Kolkata,,,2460.355,3.0,,9707766305,Australia
6751,Unknown,Female,43.0,Delhi,2022-02-10,2025-11-22,2460.355,3.0,,,Unknown
6752,Priya,Male,61.0,Delhi,2025-06-21,,2460.355,3.0,,9781971007,USA
6753,Simran,Male,43.0,Chennai,2024-08-29,,2460.355,3.0,,,Unknown
C6754,Ankit,Male,69.0,Unknown,2022-02-24,,2460.355,3.0,,,Australia
,Kiran,Unknown,43.0,Chennai,2024-04-21,,1700.76,3.0,user6754@mail.com,9401836344,India
C6756,Kiran,Female,43.0,Pune,,2022-12-20,2460.355,3.0,,,India
6757,Sneha,Male,43.0,Pune,2022-08-17,,19.49,1.0,,,Canada
6758,Priya,Unknown,43.0,Hyderabad,2024-07-03,,2460.355,3.0,user6757@mail.com,,USA
6759,Priya,Male,43.0,Chennai,2022-02-17,,2460.355,3.0,,,India
6760,Priya,Male,43.0,Ahmedabad,2024-07-31,2021-11-21,2460.355,2.0,,,Canada
C6761,Amit,Female,43.0,Mumbai,,,2460.355,5.0,,9514617234,Australia
C6762,Ankit,Male,65.0,Hyderabad,,2021-10-20,2460.355,3.0,,,India
,Ravi,Male,45.0,Mumbai,2024-11-14,2021-12-22,2460.355,3.0,,,UK
,Amit,Male,43.0,Bangalore,2023-12-16,2022-07-18,2460.355,3.0,,,USA
6765,Ankit,Male,43.0,Unknown,,,2460.355,3.0,,9218913800,USA
,Pooja,Male,43.0,Delhi,2023-03-19,,4206.39,5.0,user6765@mail.com,9350972765,India
6767,Neha,Male,43.0,Ahmedabad,2025-02-10,2024-02-24,2460.355,3.0,,9943913636,UK
6768,Simran,Unknown,43.0,Delhi,2021-08-21,,2460.355,3.0,user6767@mail.com,9140339669,UK
6769,Amit,Female,66.0,Chennai,2024-03-16,,2460.355,3.0,,,Australia
C6770,Simran,Female,43.0,Hyderabad,2023-11-26,2024-05-12,3131.54,3.0,user6769@mail.com,,Canada
C6771,Pooja,Male,19.0,Pune,2025-05-07,2025-06-12,2460.355,1.0,,,Canada
,Sneha,Male,43.0,Delhi,2023-10-27,,2460.355,3.0,,9347849938,USA
6773,Pooja,Female,43.0,Hyderabad,2024-02-08,,2460.355,3.0,user6772@mail.com,,Unknown
C6774,Kiran,Unknown,43.0,Bangalore,,,2460.355,3.0,,,UK
C6775,Simran,Female,43.0,Mumbai,2023-01-04,,2460.355,3.0,user6774@mail.com,,Unknown
6776,Ankit,Female,42.0,Hyderabad,2024-07-02,,2460.355,3.0,,,Canada
,Pooja,Male,27.0,Chennai,2021-10-18,2022-10-28,2460.355,3.0,,9647161109,India
6778,Ravi,Unknown,28.0,Pune,2025-02-23,,2460.355,1.0,user6777@mail.com,9248087034,Australia
6779,Unknown,Unknown,44.0,Unknown,2023-08-28,,2460.355,3.0,,,Canada
6780,Unknown,Male,43.0,Chennai,2025-12-23,,3906.15,3.0,user6779@mail.com,,UK
,Amit,Male,43.0,Ahmedabad,,2021-10-11,2790.53,3.0,,,USA
C6783,Pooja,Female,48.0,Chennai,2021-07-02,2022-06-21,2460.355,3.0,,,India
,Kiran,Unknown,43.0,Unknown,,,2460.355,3.0,,,UK
C6785,Unknown,Female,43.0,Delhi,,,2460.355,4.0,,9445524415,UK
C6786,Unknown,Male,34.0,Mumbai,2023-02-10,,2460.355,3.0,,,Unknown
,Ravi,Female,38.0,Delhi,,,2460.355,3.0,,9184455696,India
C6788,Ankit,Unknown,43.0,Delhi,2025-03-28,,1518.96,3.0,,9523198034,India
6789,Pooja,Male,43.0,Kolkata,2024-08-08,,2460.355,2.0,,9888771469,Canada
6790,Kiran,Female,65.0,Chennai,,,2460.355,3.0,user6789@mail.com,,USA
6791,Amit,Unknown,43.0,Hyderabad,,,2460.355,4.0,,,Canada
,Neha,Male,43.0,Hyderabad,,,2460.355,3.0,,9502704369,Canada
6793,Amit,Unknown,43.0,Pune,2020-10-31,2023-08-18,2460.355,3.0,,,UK
6794,Ravi,Female,43.0,Ahmedabad,,,2460.355,3.0,user6793@mail.com,,USA
,Simran,Male,66.0,Bangalore,,2024-08-29,2460.355,3.0,user6794@mail.com,,Unknown
6796,Simran,Female,56.0,Hyderabad,,2025-02-15,2460.355,4.0,,,Unknown
,Amit,Unknown,43.0,Mumbai,2024-06-11,,1484.54,3.0,user6796@mail.com,,Unknown
C6798,Ravi,Female,43.0,Ahmedabad,2022-07-15,2022-05-17,1271.69,3.0,,,Unknown
C6799,Simran,Male,43.0,Delhi,2021-06-17,,2460.355,3.0,,9562080983,USA
C6800,Kiran,Female,59.0,Ahmedabad,,,2460.355,3.0,,9377487497,Canada
6801,Ankit,Male,43.0,Ahmedabad,,,3583.93,3.0,,,Canada
C6802,Priya,Male,43.0,Pune,2020-09-23,,4285.92,3.0,user6801@mail.com,,Australia
6803,Rahul,Female,43.0,Chennai,2021-11-03,,2460.355,5.0,user6802@mail.com,,Canada
6804,Ankit,Female,43.0,Ahmedabad,,,2460.355,3.0,,,India
6805,Neha,Male,43.0,Chennai,2024-08-25,,2460.355,3.0,,,India
6806,Ravi,Female,43.0,Chennai,,,2460.355,3.0,,,USA
6807,Sneha,Male,43.0,Chennai,2021-09-21,,2460.355,3.0,user6806@mail.com,,Australia
C6808,Ravi,Unknown,55.0,Delhi,,,2460.355,3.0,,,UK
6809,Rahul,Male,43.0,Unknown,,,2460.355,3.0,user6808@mail.com,,Canada
6810,Ravi,Male,43.0,Hyderabad,2024-10-11,,1151.97,3.0,,9161787248,UK
C6811,Amit,Unknown,43.0,Chennai,2021-11-25,,2460.355,3.0,user6810@mail.com,,UK
6812,Unknown,Female,65.0,Ahmedabad,,2023-06-02,2460.355,3.0,user6811@mail.com,,Unknown
,Neha,Male,34.0,Pune,,2023-03-09,2460.355,3.0,,9582784060,Unknown
,Sneha,Unknown,43.0,Mumbai,,,2460.355,3.0,,,UK
,Ankit,Male,53.0,Delhi,,,2460.355,3.0,,,India
C6816,Ankit,Unknown,43.0,Pune,2022-05-31,,3629.23,3.0,,,Australia
6817,Rahul,Female,43.0,Hyderabad,,,1124.28,3.0,,9128949059,UK
6818,Simran,Unknown,44.0,Ahmedabad,,2024-06-10,2460.355,3.0,user6817@mail.com,,UK
,Rahul,Male,43.0,Hyderabad,,,2460.355,2.0,,,India
C6820,Unknown,Male,43.0,Pune,2021-01-05,,2475.85,3.0,,9193602769,Australia
6821,Pooja,Male,43.0,Bangalore,2022-02-04,,2209.14,3.0,user6820@mail.com,,India
,Pooja,Unknown,43.0,Delhi,2025-11-03,2025-09-24,2460.355,3.0,,9144166438,UK
,Priya,Male,43.0,Pune,2023-09-25,,2961.99,3.0,,9279939587,Canada
C6824,Sneha,Female,58.0,Delhi,,,2460.355,3.0,user6823@mail.com,,Australia
,Simran,Unknown,43.0,Ahmedabad,2021-10-16,2022-05-26,2460.355,3.0,user6824@mail.com,,India
C6826,Unknown,Male,43.0,Delhi,2021-06-08,,3545.12,3.0,,9518405147,India
C6827,Rahul,Female,57.0,Ahmedabad,,,2460.355,3.0,,,Unknown
,Ankit,Female,36.0,Ahmedabad,2024-07-15,2022-05-18,3933.98,3.0,,,Australia
C6829,Ravi,Unknown,35.0,Unknown,,,2460.355,3.0,,,USA
6830,Ravi,Male,43.0,Ahmedabad,2023-03-23,,2460.355,3.0,,,Australia
6831,Sneha,Male,43.0,Hyderabad,,,2460.355,3.0,,,Unknown
,Unknown,Male,43.0,Kolkata,,,3624.23,4.0,,9181067530,UK
C6833,Ravi,Unknown,43.0,Delhi,2024-03-13,2022-07-11,1046.72,3.0,,9423995516,UK
,Unknown,Male,59.0,Kolkata,2023-07-01,2022-04-21,2460.355,3.0,,,Australia
,Ankit,Male,43.0,Unknown,2021-02-16,,2460.355,5.0,,9906672625,Canada
,Simran,Unknown,43.0,Hyderabad,2021-08-27,,637.93,3.0,,,India
6837,Kiran,Unknown,43.0,Kolkata,,2022-02-02,2460.355,3.0,,,USA
,Neha,Female,43.0,Bangalore,,2023-02-02,2460.355,3.0,,9337808666,Australia
,Kiran,Male,43.0,Mumbai,2023-12-06,,2460.355,5.0,,9337064564,UK
6840,Rahul,Male,49.0,Delhi,,2022-04-12,2020.31,3.0,user6839@mail.com,,UK
6841,Rahul,Female,43.0,Hyderabad,2021-07-18,2022-04-30,2460.355,3.0,,,India
6842,Unknown,Male,41.0,Delhi,,,4049.47,3.0,,,Canada
6843,Sneha,Female,43.0,Mumbai,,,3474.68,3.0,,,Canada
C6844,Neha,Unknown,43.0,Hyderabad,2021-12-21,,2460.355,3.0,,,UK
6845,Ravi,Unknown,43.0,Ahmedabad,,,2460.355,3.0,,,Australia
6846,Kiran,Female,43.0,Hyderabad,,2021-01-14,2460.355,3.0,,,Canada
6847,Pooja,Male,43.0,Kolkata,,,4549.5,3.0,,,UK
6848,Ankit,Female,43.0,Unknown,,,2460.355,3.0,,,Canada
C6849,Simran,Male,43.0,Mumbai,,2021-10-07,2460.355,3.0,,,India
C6850,Sneha,Male,43.0,Kolkata,2021-01-31,2023-07-15,2821.35,3.0,,,Australia
,Neha,Unknown,43.0,Delhi,2022-11-22,2021-06-13,2460.355,3.0,,,Canada
C6852,Pooja,Female,43.0,Mumbai,2020-11-27,,2460.355,3.0,,,USA
6853,Simran,Unknown,52.0,Mumbai,,,4470.16,3.0,user6852@mail.com,,USA
6854,Neha,Male,43.0,Chennai,,,2460.355,3.0,,,UK
C6855,Ankit,Female,33.0,Delhi,,,2460.355,3.0,,9674112526,Unknown
6856,Unknown,Female,43.0,Unknown,2023-07-17,2023-02-28,2460.355,3.0,,,USA
C6857,Ravi,Male,27.0,Chennai,,2025-07-29,2460.355,3.0,user6856@mail.com,,India
6858,Simran,Male,45.0,Pune,2023-12-09,2024-09-10,2460.355,1.0,,9795764448,Canada
C6859,Simran,Female,43.0,Bangalore,2020-10-14,2022-05-18,2066.56,3.0,user6858@mail.com,9210420800,Unknown
6860,Neha,Female,43.0,Chennai,2021-12-28,2024-03-28,2460.355,3.0,,,India
,Amit,Male,43.0,Bangalore,2022-06-05,2020-09-28,2460.355,4.0,,,Canada
C6862,Unknown,Female,21.0,Hyderabad,,,2460.355,3.0,,9994223890,Australia
6863,Simran,Male,43.0,Unknown,2025-11-30,,1115.05,3.0,,,Unknown
,Neha,Female,62.0,Chennai,,,2460.355,3.0,,,Unknown
,Kiran,Male,43.0,Hyderabad,,2022-12-10,2460.355,3.0,,,USA
6866,Sneha,Male,43.0,Delhi,,2025-01-09,2460.355,3.0,,,India
C6867,Unknown,Female,43.0,Chennai,,,2460.355,3.0,,,USA
C6868,Pooja,Unknown,43.0,Hyderabad,,,425.02,3.0,,,India
C6869,Kiran,Unknown,43.0,Pune,,,2460.355,1.0,,9250443967,Canada
C6870,Ravi,Male,43.0,Pune,,,2460.355,1.0,,,Canada
6871,Ankit,Unknown,27.0,Ahmedabad,2022-08-28,,215.58,2.0,,,India
6872,Unknown,Unknown,43.0,Kolkata,2025-06-20,2023-04-17,2460.355,3.0,,,UK
6873,Amit,Unknown,22.0,Pune,,,2460.355,3.0,user6872@mail.com,,Unknown
,Ravi,Female,43.0,Mumbai,,,1040.53,3.0,user6873@mail.com,,UK
6875,Simran,Male,43.0,Ahmedabad,2021-03-24,,2460.355,3.0,,,UK
6876,Unknown,Male,68.0,Delhi,2020-08-14,,2460.355,1.0,,,Australia
C6877,Priya,Female,43.0,Bangalore,2025-12-21,2022-04-18,2460.355,3.0,user6876@mail.com,,Australia
,Ankit,Female,43.0,Ahmedabad,,2022-10-05,2460.355,3.0,,,Unknown
,Unknown,Female,43.0,Mumbai,,,2460.355,3.0,,,UK
6880,Amit,Male,49.0,Mumbai,2025-07-31,,2460.355,3.0,,,India
C6881,Rahul,Unknown,28.0,Mumbai,,2021-02-13,3381.59,3.0,,,USA
C6882,Neha,Female,43.0,Ahmedabad,,,2460.355,3.0,,,Australia
,Simran,Male,43.0,Pune,,,150.28,3.0,,,USA
6884,Neha,Female,43.0,Pune,,,1399.03,3.0,,,Canada
6885,Neha,Female,43.0,Delhi,,,139.28,3.0,,9245027689,Unknown
6886,Neha,Unknown,43.0,Mumbai,2021-04-07,,2460.355,3.0,,,UK
C6887,Ankit,Female,56.0,Kolkata,,2021-10-08,2460.355,1.0,,,Canada
C6888,Neha,Male,43.0,Mumbai,,,2460.355,3.0,,,India
C6889,Rahul,Male,43.0,Hyderabad,,,2460.355,3.0,,,Australia
C6890,Ankit,Unknown,43.0,Delhi,2025-10-13,,2460.355,3.0,,,USA
,Amit,Male,43.0,Kolkata,,2022-11-29,2460.355,3.0,,,USA
,Pooja,Unknown,43.0,Ahmedabad,2024-08-27,,2460.355,3.0,,,UK
C6893,Neha,Female,61.0,Bangalore,2025-09-06,,2460.355,3.0,,,USA
C6894,Unknown,Unknown,43.0,Hyderabad,2025-11-12,,2460.355,3.0,,,Unknown
6895,Amit,Male,43.0,Hyderabad,,,2460.355,3.0,,,UK
C6896,Sneha,Male,43.0,Unknown,2022-01-31,,2460.355,1.0,user6895@mail.com,,USA
6897,Simran,Male,43.0,Kolkata,2022-04-21,,2460.355,3.0,,,UK
6898,Ravi,Female,43.0,Bangalore,,,2460.355,3.0,user6897@mail.com,,Canada
6899,Amit,Female,47.0,Ahmedabad,2024-10-11,,2460.355,3.0,,,UK
,Pooja,Female,43.0,Unknown,,2023-08-15,2460.355,5.0,,,India
6901,Ankit,Female,43.0,Bangalore,2022-06-01,,2460.355,5.0,user6900@mail.com,,Canada
,Priya,Unknown,43.0,Chennai,2024-04-14,,2460.355,4.0,,,India
6903,Ankit,Male,43.0,Bangalore,2021-05-15,2024-04-14,2249.9,3.0,user6902@mail.com,,Canada
6904,Ankit,Male,18.0,Chennai,2023-07-27,,2460.355,3.0,,,Unknown
,Kiran,Male,43.0,Unknown,,,2460.355,4.0,,,Canada
C6906,Simran,Unknown,43.0,Delhi,,2022-11-06,2460.355,3.0,user6905@mail.com,,Unknown
,Pooja,Unknown,43.0,Mumbai,,,2460.355,3.0,,,Unknown
6908,Ankit,Male,46.0,Unknown,,,1036.94,3.0,,,USA
,Ankit,Female,43.0,Ahmedabad,2025-10-24,2021-08-15,2460.355,3.0,user6908@mail.com,,USA
6910,Neha,Female,43.0,Ahmedabad,2023-12-09,2025-06-09,1344.53,3.0,,,Australia
,Simran,Male,43.0,Pune,,2025-05-06,2460.355,3.0,,,Unknown
6912,Ravi,Unknown,43.0,Kolkata,,,4041.78,3.0,user6911@mail.com,,India
,Priya,Unknown,43.0,Chennai,,,2460.355,3.0,,9168225868,USA
6914,Unknown,Male,43.0,Kolkata,2021-01-22,2025-08-31,2460.355,3.0,,9157472302,Unknown
,Ravi,Female,49.0,Mumbai,,,2460.355,3.0,,,Canada
,Unknown,Unknown,19.0,Chennai,,,2460.355,3.0,,,Unknown
6917,Unknown,Female,43.0,Ahmedabad,2024-12-22,,2460.355,3.0,,,Canada
,Simran,Male,43.0,Ahmedabad,2025-08-05,,2460.355,3.0,,9957511431,India
,Unknown,Female,43.0,Kolkata,,2022-06-14,2460.355,3.0,,,Australia
,Unknown,Female,20.0,Mumbai,2021-06-27,,2460.355,3.0,user6919@mail.com,,India
6921,Rahul,Female,43.0,Unknown,,2021-01-13,4339.06,3.0,,,Unknown
C6922,Simran,Male,70.0,Unknown,,,2460.355,3.0,,,Canada
6923,Amit,Male,43.0,Unknown,2024-05-05,,2460.355,1.0,,,India
6924,Simran,Female,43.0,Bangalore,2023-06-14,,2460.355,2.0,,,USA
6925,Simran,Unknown,43.0,Chennai,2023-02-04,,2460.355,3.0,,,India
6926,Ankit,Male,43.0,Kolkata,,2025-08-25,2460.355,3.0,,,India
,Unknown,Female,43.0,Delhi,2025-10-16,2025-05-30,2460.355,3.0,user6926@mail.com,,Canada
C6928,Pooja,Male,66.0,Chennai,,,1027.21,1.0,,9947991643,USA
6929,Unknown,Female,63.0,Chennai,2025-02-01,,2460.355,3.0,,9456940807,Unknown
,Simran,Female,43.0,Chennai,,,2460.355,2.0,,,UK
6931,Amit,Female,43.0,Chennai,2025-07-30,2022-07-14,2460.355,3.0,,,USA
,Rahul,Male,43.0,Chennai,2023-03-20,,2460.355,3.0,,9186642230,USA
6933,Simran,Unknown,35.0,Hyderabad,,,2460.355,3.0,user6932@mail.com,9775830844,UK
6934,Neha,Female,43.0,Chennai,2021-02-14,,2460.355,3.0,,,UK
,Pooja,Male,43.0,Hyderabad,2024-07-10,2025-06-08,2460.355,3.0,user6934@mail.com,9227869848,India
6936,Kiran,Female,47.0,Pune,,2022-07-31,1492.24,3.0,,,Canada
6937,Unknown,Female,43.0,Chennai,,,1183.78,5.0,user6936@mail.com,9742089256,Canada
6938,Neha,Female,43.0,Kolkata,,2022-11-04,2460.355,3.0,,,Unknown
6939,Sneha,Unknown,43.0,Pune,,,3621.17,3.0,,,UK
6940,Unknown,Male,43.0,Chennai,,,2460.355,2.0,,,India
C6941,Pooja,Female,43.0,Hyderabad,2021-08-06,,2460.355,3.0,,,USA
C6942,Ankit,Male,59.0,Kolkata,2025-11-15,,2460.355,3.0,,,India
6943,Priya,Male,43.0,Ahmedabad,,,2460.355,5.0,user6942@mail.com,,India
6944,Neha,Female,43.0,Hyderabad,,,2460.355,4.0,,,UK
C6945,Unknown,Female,43.0,Chennai,2023-06-07,,2460.355,3.0,user6944@mail.com,,UK
,Ravi,Female,43.0,Hyderabad,,,2460.355,3.0,,,Australia
6947,Kiran,Female,43.0,Chennai,,,2460.355,3.0,,,UK
6948,Neha,Male,43.0,Mumbai,2020-12-23,2021-10-31,3227.37,4.0,user6947@mail.com,,Australia
6949,Unknown,Male,43.0,Ahmedabad,,,2460.355,3.0,,,UK
C6950,Pooja,Female,43.0,Unknown,,,4283.6,3.0,,,Unknown
6951,Unknown,Female,45.0,Pune,2024-10-27,,2896.79,3.0,,,Canada
C6952,Ankit,Female,69.0,Chennai,2025-10-17,2023-04-25,2460.355,3.0,,,USA
C6953,Kiran,Female,43.0,Hyderabad,,,1169.72,5.0,user6952@mail.com,,USA
,Pooja,Male,61.0,Chennai,,2022-09-06,2460.355,3.0,,9889104407,Australia
6955,Rahul,Unknown,43.0,Bangalore,,2023-03-29,2912.25,3.0,user6954@mail.com,,Canada
,Neha,Female,43.0,Ahmedabad,,,2460.355,5.0,,9731621911,USA
,Unknown,Female,19.0,Unknown,2023-06-29,,186.24,3.0,,,UK
6958,Kiran,Unknown,43.0,Chennai,2024-01-13,,2460.355,3.0,user6957@mail.com,,USA
C6959,Priya,Unknown,29.0,Hyderabad,,,2460.355,3.0,,,USA
6960,Ravi,Female,43.0,Kolkata,,2025-12-14,2460.355,2.0,,9384869427,Canada
6961,Rahul,Male,43.0,Ahmedabad,,2025-07-13,2460.355,3.0,,,Canada
6962,Pooja,Female,43.0,Ahmedabad,,2021-03-28,2460.355,3.0,,9458228667,USA
C6963,Amit,Male,43.0,Unknown,2020-09-18,,2460.355,3.0,user6962@mail.com,,India
C6964,Unknown,Female,43.0,Bangalore,,,2460.355,1.0,user6963@mail.com,,UK
6965,Pooja,Female,43.0,Pune,2025-11-29,,2460.355,3.0,,,USA
6966,Ravi,Unknown,43.0,Delhi,2025-05-05,,517.4,5.0,,9319515932,USA
6967,Pooja,Female,43.0,Kolkata,2024-04-17,,733.63,3.0,user6966@mail.com,,Australia
6968,Amit,Unknown,43.0,Hyderabad,2024-05-26,2024-01-05,2460.355,3.0,,,USA
C6969,Ankit,Female,64.0,Chennai,,,2460.355,3.0,user6968@mail.com,9475079581,India
C6970,Pooja,Unknown,43.0,Delhi,2021-08-21,,2460.355,3.0,,9600205992,Unknown
C6971,Amit,Unknown,34.0,Mumbai,2024-07-18,,2460.355,3.0,,9425902092,UK
,Priya,Male,43.0,Kolkata,2021-01-10,,2460.355,3.0,,,India
6973,Simran,Male,43.0,Delhi,,2022-10-08,224.72,3.0,,,Australia
C6974,Priya,Male,43.0,Bangalore,2025-09-25,2025-09-07,2460.355,3.0,,,Unknown
6975,Sneha,Female,31.0,Kolkata,2024-05-19,,2460.355,3.0,,,India
6976,Ankit,Female,43.0,Ahmedabad,2023-05-21,,2460.355,1.0,user6975@mail.com,,USA
C6977,Ravi,Female,43.0,Pune,,,2460.355,3.0,,9328757988,India
6978,Rahul,Female,43.0,Unknown,2024-07-31,,2460.355,5.0,,,USA
6979,Kiran,Male,28.0,Pune,2024-03-05,,4832.97,3.0,,,UK
,Neha,Female,43.0,Pune,2021-02-04,,2045.61,3.0,,,Canada
6981,Rahul,Female,43.0,Ahmedabad,,,2460.355,3.0,,,Canada
6982,Unknown,Female,70.0,Delhi,,,2460.355,3.0,user6981@mail.com,,India
,Ravi,Female,43.0,Unknown,,,2460.355,3.0,user6982@mail.com,,India
C6984,Ravi,Female,50.0,Ahmedabad,,,2460.355,3.0,,,USA
6985,Sneha,Male,36.0,Ahmedabad,2025-07-09,,3718.32,3.0,,,UK
,Unknown,Unknown,38.0,Ahmedabad,2023-11-01,,2460.355,3.0,,,Australia
6987,Sneha,Male,43.0,Hyderabad,2025-12-03,2021-03-25,3538.84,3.0,,,Australia
,Unknown,Male,43.0,Ahmedabad,,,2460.355,3.0,,,Unknown
C6989,Simran,Female,43.0,Unknown,2025-09-03,2021-03-26,2460.355,3.0,,9211809153,Canada
,Ravi,Male,43.0,Chennai,,,2460.355,3.0,,9251696650,India
6991,Kiran,Female,43.0,Bangalore,2023-02-02,,2460.355,1.0,,,India
,Ravi,Female,43.0,Mumbai,2023-04-24,,2460.355,3.0,,9170141589,India
6993,Priya,Female,43.0,Bangalore,2021-05-28,,2460.355,3.0,,,Canada
6994,Simran,Female,43.0,Ahmedabad,,,2460.355,3.0,user6993@mail.com,,Australia
,Amit,Male,43.0,Bangalore,,,2460.355,3.0,,9884530840,USA
6996,Unknown,Female,43.0,Bangalore,2022-04-04,,2460.355,3.0,,,Unknown
6997,Amit,Female,67.0,Unknown,,,2460.355,3.0,user6996@mail.com,9328298726,USA
,Amit,Female,43.0,Hyderabad,2024-08-09,,2460.355,3.0,,,India
,Ravi,Female,43.0,Mumbai,2025-07-16,2021-05-11,2460.355,3.0,,,Canada
,Unknown,Male,43.0,Hyderabad,2023-06-30,,2460.355,3.0,user6999@mail.com,,Canada
C7001,Kiran,Male,43.0,Hyderabad,2023-06-03,,2460.355,3.0,user7000@mail.com,,Unknown
7002,Amit,Male,43.0,Hyderabad,2026-01-03,,2634.92,2.0,user7001@mail.com,,India
C7003,Unknown,Female,43.0,Kolkata,2023-01-19,,3962.19,3.0,,9795760109,UK
7004,Pooja,Unknown,43.0,Bangalore,,,2460.355,3.0,,,Australia
7005,Unknown,Male,43.0,Unknown,,,2718.89,3.0,user7004@mail.com,,Unknown
C7006,Amit,Male,43.0,Mumbai,2024-02-11,,3285.55,3.0,user7005@mail.com,,UK
,Rahul,Male,67.0,Ahmedabad,2025-08-30,2023-09-30,2460.355,3.0,,9652316325,USA
,Kiran,Male,33.0,Kolkata,,,2460.355,1.0,,,India
C7009,Amit,Unknown,43.0,Pune,,,2460.355,3.0,user7008@mail.com,9724726988,Unknown
,Ankit,Unknown,68.0,Pune,,,2460.355,3.0,,9571099805,USA
7011,Unknown,Unknown,43.0,Unknown,,,3024.94,3.0,,,USA
7012,Kiran,Male,43.0,Ahmedabad,,,2460.355,3.0,,,Unknown
,Amit,Male,43.0,Hyderabad,2020-12-28,2023-04-08,2460.355,3.0,,,Canada
C7014,Priya,Unknown,43.0,Ahmedabad,,,2460.355,4.0,,9131211054,UK
7015,Kiran,Unknown,43.0,Hyderabad,,2021-02-06,2460.355,3.0,user7014@mail.com,,Australia
7016,Amit,Unknown,43.0,Kolkata,,,1219.34,5.0,,9791421131,Canada
,Unknown,Male,43.0,Delhi,2022-01-23,,2460.355,3.0,user7016@mail.com,9405855799,USA
,Sneha,Male,69.0,Chennai,,,2460.355,3.0,,,UK
,Unknown,Unknown,43.0,Chennai,,,2460.355,3.0,user7018@mail.com,,Australia
7020,Amit,Unknown,43.0,Bangalore,2024-08-12,2023-01-17,2460.355,3.0,user7019@mail.com,,USA
7021,Unknown,Female,43.0,Ahmedabad,2024-04-04,,294.79,3.0,user7020@mail.com,,USA
C7022,Simran,Female,43.0,Kolkata,2022-06-26,,2460.355,3.0,user7021@mail.com,9736651726,Unknown
C7023,Amit,Female,43.0,Chennai,2022-07-11,,2460.355,3.0,user7022@mail.com,,Canada
7024,Ravi,Female,51.0,Kolkata,2024-04-16,,2460.355,3.0,,,UK
7025,Sneha,Male,70.0,Chennai,,2022-11-26,2460.355,3.0,,,Australia
7026,Ravi,Unknown,27.0,Unknown,,,437.8,3.0,,,India
C7027,Pooja,Male,68.0,Chennai,2024-12-26,,2460.355,3.0,user7026@mail.com,9313603116,Australia
7028,Sneha,Male,43.0,Chennai,2021-08-13,,2537.96,5.0,,9439939307,Australia
C7029,Simran,Unknown,43.0,Pune,2020-12-14,,2460.355,3.0,,,Australia
,Unknown,Unknown,43.0,Mumbai,,2025-05-28,2460.355,1.0,user7029@mail.com,9744891379,India
7031,Rahul,Female,43.0,Pune,,2025-12-08,2460.355,3.0,,,UK
C7032,Ankit,Male,43.0,Bangalore,2020-10-12,2025-08-16,2460.355,3.0,,,USA
7033,Pooja,Male,43.0,Pune,,,2460.355,3.0,,,UK
7034,Rahul,Unknown,43.0,Unknown,,,2460.355,3.0,user7033@mail.com,,India
C7035,Priya,Female,43.0,Kolkata,2024-12-29,,2460.355,3.0,user7034@mail.com,,India
7036,Simran,Female,22.0,Bangalore,,,2460.355,3.0,,,Canada
7037,Ravi,Male,28.0,Kolkata,,,2460.355,3.0,,,Australia
,Rahul,Female,43.0,Unknown,2022-04-02,2024-09-14,2460.355,2.0,,,Unknown
7039,Simran,Unknown,38.0,Unknown,,,2460.355,3.0,,,Australia
7040,Ravi,Unknown,43.0,Unknown,2020-12-14,2025-08-18,2460.355,3.0,,9706689543,India
,Simran,Female,25.0,Hyderabad,2024-10-03,,2460.355,3.0,,9406379669,Canada
,Pooja,Female,43.0,Hyderabad,2023-08-02,,4390.67,2.0,,9989878171,USA
C7043,Unknown,Female,43.0,Bangalore,,,2460.355,1.0,,,UK
C7044,Sneha,Male,49.0,Unknown,,2021-02-08,2460.355,3.0,,,UK
7045,Simran,Female,37.0,Chennai,2022-05-17,2020-09-03,2460.355,3.0,,,Unknown
7046,Priya,Female,43.0,Kolkata,2024-09-28,2025-08-01,2460.355,3.0,user7045@mail.com,,USA
7047,Sneha,Male,43.0,Mumbai,,2024-08-05,2460.355,3.0,,9927053304,UK
7048,Ankit,Female,43.0,Hyderabad,2022-10-07,,2460.355,3.0,user7047@mail.com,,Australia
C7049,Unknown,Male,43.0,Ahmedabad,2023-01-01,2021-09-20,2460.355,3.0,user7048@mail.com,,India
7050,Sneha,Unknown,27.0,Chennai,,,2460.355,5.0,user7049@mail.com,,USA
7051,Unknown,Male,28.0,Mumbai,2022-10-14,,2460.355,5.0,,9563317181,India
7052,Neha,Male,68.0,Bangalore,2021-07-19,,2460.355,3.0,,,Unknown
C7053,Neha,Male,43.0,Pune,,,2636.16,3.0,,,Australia
7054,Ravi,Female,43.0,Mumbai,2025-07-12,2025-04-11,430.91,3.0,,9990194853,Unknown
C7055,Sneha,Female,40.0,Ahmedabad,2022-09-28,,2460.355,3.0,,9608461959,Canada
C7056,Sneha,Male,43.0,Bangalore,,2022-11-28,2460.355,2.0,,9589679825,Unknown
7057,Unknown,Male,43.0,Ahmedabad,,,2460.355,4.0,,,Canada
C7058,Ankit,Male,43.0,Hyderabad,2021-05-03,2024-03-16,2460.355,3.0,,,Australia
7059,Unknown,Female,19.0,Chennai,2022-09-22,,2460.355,3.0,,,Australia
7060,Rahul,Male,43.0,Kolkata,2021-01-02,,2460.355,3.0,,9600173895,Unknown
7061,Kiran,Female,48.0,Unknown,2024-10-23,,2460.355,3.0,,,Australia
7062,Simran,Male,31.0,Kolkata,2024-06-03,,2460.355,3.0,,,Canada
,Unknown,Female,43.0,Kolkata,,,561.8,3.0,,,Canada
C7064,Amit,Male,43.0,Mumbai,2025-07-07,,2460.355,3.0,user7063@mail.com,,USA
7065,Unknown,Unknown,43.0,Bangalore,2022-09-11,,2460.355,3.0,,,India
7066,Unknown,Male,43.0,Hyderabad,,2022-07-30,2460.355,2.0,,,Canada
7067,Neha,Female,41.0,Pune,2021-01-18,,2460.355,3.0,,,Australia
7068,Neha,Unknown,43.0,Mumbai,,2024-11-10,4582.53,4.0,,,UK
,Simran,Unknown,43.0,Unknown,,,2460.355,3.0,,,Unknown
C7070,Pooja,Unknown,43.0,Mumbai,2021-09-06,,2460.355,3.0,,9894827476,Canada
7071,Sneha,Female,29.0,Mumbai,2025-03-07,2022-07-16,221.54,3.0,,,Australia
C7072,Priya,Unknown,43.0,Unknown,2020-10-06,2024-07-30,2460.355,2.0,user7071@mail.com,,India
7073,Neha,Male,43.0,Chennai,2023-05-18,2022-06-12,2460.355,1.0,,,USA
7074,Sneha,Unknown,63.0,Hyderabad,2025-08-20,2023-11-22,2460.355,3.0,user7073@mail.com,,UK
,Rahul,Male,43.0,Kolkata,2025-12-15,,2460.355,1.0,,9876011948,Canada
,Sneha,Male,43.0,Bangalore,,,3416.83,3.0,,,Unknown
7077,Kiran,Male,43.0,Pune,2021-12-29,,2460.355,3.0,,,Canada
,Priya,Male,43.0,Hyderabad,2024-07-19,2024-07-22,2460.355,3.0,,,Canada
C7079,Unknown,Male,43.0,Hyderabad,2022-03-15,,2460.355,3.0,user7078@mail.com,,Australia
7080,Amit,Male,43.0,Delhi,2025-05-01,,2460.355,3.0,,9194952266,UK
,Sneha,Female,43.0,Hyderabad,,,2460.355,3.0,user7080@mail.com,,Australia
7082,Ravi,Male,43.0,Delhi,,2023-03-06,2460.355,3.0,user7081@mail.com,,Unknown
,Simran,Unknown,37.0,Pune,,,2460.355,3.0,user7082@mail.com,,India
7084,Kiran,Female,43.0,Unknown,,2023-08-19,3397.75,1.0,,,India
C7085,Unknown,Male,43.0,Hyderabad,2023-01-09,2025-07-05,1703.69,3.0,,9283467435,Unknown
7086,Ravi,Female,43.0,Chennai,,,2460.355,5.0,,,UK
,Pooja,Female,43.0,Delhi,2025-04-27,2022-12-11,2460.355,3.0,user7086@mail.com,9649102529,Unknown
C7088,Priya,Male,43.0,Mumbai,,2021-01-21,4307.31,4.0,,,Unknown
C7089,Neha,Unknown,61.0,Mumbai,,,4554.06,3.0,,,Australia
,Simran,Female,43.0,Bangalore,,,2460.355,3.0,,,India
7091,Ravi,Female,43.0,Bangalore,,2024-10-03,2460.355,3.0,,,Canada
7092,Sneha,Unknown,43.0,Pune,,2024-04-20,2460.355,3.0,,,Canada
C7093,Pooja,Female,43.0,Delhi,,,2460.355,3.0,user7092@mail.com,,Canada
,Rahul,Female,43.0,Delhi,,,2460.355,5.0,,,USA
C7095,Pooja,Unknown,43.0,Pune,2022-01-08,,2460.355,3.0,,,Unknown
7096,Simran,Unknown,43.0,Kolkata,,,2460.355,3.0,,,Unknown
7097,Rahul,Male,43.0,Pune,,,4844.46,3.0,,9952294313,India
7098,Unknown,Unknown,43.0,Bangalore,2023-03-26,,2460.355,3.0,user7097@mail.com,,Canada
C7099,Pooja,Male,43.0,Pune,,,2460.355,3.0,,,UK
C7100,Rahul,Male,22.0,Bangalore,,,2460.355,3.0,user7099@mail.com,,Canada
C7101,Rahul,Unknown,43.0,Bangalore,,,1161.64,3.0,,,Unknown
C7102,Pooja,Female,43.0,Pune,2022-12-10,,4115.24,3.0,,9895350025,Canada
C7103,Unknown,Female,43.0,Unknown,,,2460.355,3.0,,,UK
,Amit,Male,43.0,Hyderabad,2025-05-26,,2460.355,3.0,user7103@mail.com,9974636046,Australia
C7105,Kiran,Female,43.0,Mumbai,2024-09-26,,2460.355,3.0,,,India
7106,Priya,Female,43.0,Bangalore,2025-04-21,,2460.355,3.0,,,India
7107,Ravi,Female,43.0,Bangalore,2021-03-12,2023-09-19,2460.355,3.0,,9151786143,India
7108,Simran,Female,43.0,Bangalore,2024-11-27,2022-06-14,2460.355,3.0,,,Unknown
7109,Unknown,Female,43.0,Kolkata,2024-07-01,,2460.355,3.0,,,Australia
C7110,Pooja,Male,43.0,Ahmedabad,2024-06-17,,2460.355,3.0,user7109@mail.com,9646274272,Unknown
,Unknown,Unknown,43.0,Chennai,2021-03-20,,2460.355,1.0,,,Australia
7112,Unknown,Female,43.0,Chennai,2021-08-17,2022-09-26,2460.355,3.0,,,Unknown
7113,Ankit,Female,43.0,Mumbai,2025-03-24,,2460.355,3.0,,,UK
7114,Ravi,Male,43.0,Ahmedabad,2024-04-25,,2460.355,3.0,,,UK
7115,Ravi,Female,43.0,Pune,2026-01-12,,2460.355,3.0,,9257533195,UK
7116,Unknown,Male,43.0,Bangalore,,,3055.02,3.0,,,UK
C7117,Amit,Unknown,40.0,Pune,2023-03-12,,2460.355,3.0,,,UK
7118,Priya,Female,59.0,Hyderabad,,2023-02-09,2460.355,3.0,,,USA
7119,Unknown,Unknown,43.0,Bangalore,,,2460.355,3.0,,,UK
7120,Unknown,Female,43.0,Pune,,2021-08-27,3108.96,3.0,,,UK
,Unknown,Male,49.0,Hyderabad,2021-03-07,2020-10-10,3829.75,3.0,user7120@mail.com,9410475150,UK
C7122,Rahul,Male,43.0,Hyderabad,,2022-06-08,2460.355,3.0,user7121@mail.com,,UK
C7123,Ankit,Unknown,62.0,Hyderabad,,2023-06-26,2460.355,3.0,user7122@mail.com,9355368888,Unknown
7124,Neha,Unknown,70.0,Bangalore,,,217.51,1.0,,9387808719,USA
7125,Unknown,Unknown,43.0,Ahmedabad,2021-04-26,2023-04-18,2460.355,3.0,,,USA
7126,Amit,Female,43.0,Bangalore,2020-10-14,,2460.355,3.0,,,India
C7127,Sneha,Unknown,43.0,Ahmedabad,,2020-10-30,2460.355,3.0,user7126@mail.com,,Unknown
,Neha,Male,43.0,Hyderabad,2025-10-30,2023-04-04,2460.355,3.0,,,UK
7129,Priya,Unknown,24.0,Delhi,,2021-12-19,2460.355,3.0,,,Canada
,Amit,Female,43.0,Unknown,,2022-08-04,2460.355,3.0,user7129@mail.com,9349084484,Australia
,Unknown,Male,37.0,Bangalore,2023-02-04,,116.16,3.0,,,Unknown
C7132,Amit,Male,43.0,Ahmedabad,,,2460.355,3.0,user7131@mail.com,,Unknown
7133,Kiran,Female,34.0,Bangalore,,2022-11-11,2460.355,5.0,user7132@mail.com,,Canada
7134,Rahul,Female,43.0,Delhi,,,1603.53,1.0,,9522811020,USA
7135,Pooja,Female,43.0,Chennai,2020-10-23,,2460.355,3.0,,9602860654,USA
,Priya,Unknown,43.0,Ahmedabad,,2022-08-07,2460.355,3.0,user7135@mail.com,9909671369,Australia
7137,Unknown,Male,43.0,Ahmedabad,,2023-03-09,2460.355,3.0,user7136@mail.com,9903413151,India
,Ankit,Unknown,43.0,Unknown,2022-01-22,,2460.355,2.0,,,India
C7139,Sneha,Male,43.0,Hyderabad,2024-03-22,2025-01-18,2460.355,4.0,,,Unknown
7140,Kiran,Unknown,43.0,Kolkata,2025-04-06,2025-07-28,2460.355,3.0,user7139@mail.com,,Australia
C7141,Rahul,Male,43.0,Chennai,2025-12-11,,2460.355,3.0,,,Australia
,Sneha,Male,43.0,Delhi,2023-04-06,,2460.355,3.0,,,Unknown
7143,Ravi,Male,43.0,Bangalore,2024-11-07,,4353.01,3.0,user7142@mail.com,9304213037,UK
,Rahul,Male,43.0,Hyderabad,,,2460.355,3.0,,,UK
7145,Priya,Male,43.0,Delhi,,,2460.355,3.0,,,Australia
C7146,Simran,Unknown,69.0,Unknown,2022-06-15,2023-03-30,2460.355,3.0,,,Australia
7147,Sneha,Female,43.0,Mumbai,2024-02-10,2025-10-25,2460.355,1.0,,,Canada
C7148,Amit,Female,61.0,Hyderabad,,,3589.64,3.0,,,India
7149,Simran,Female,35.0,Hyderabad,2025-02-10,,2460.355,3.0,,,Australia
7150,Unknown,Male,36.0,Mumbai,2025-12-01,,2460.355,3.0,,9417505279,USA
7151,Rahul,Unknown,43.0,Delhi,,,2460.355,3.0,,,Unknown
,Pooja,Male,65.0,Kolkata,,,34.06,3.0,,,Canada
7153,Pooja,Female,43.0,Unknown,2025-06-21,,2460.355,1.0,,,Canada
7154,Neha,Unknown,24.0,Ahmedabad,2023-07-13,2022-02-15,2460.355,3.0,user7153@mail.com,,India
7155,Neha,Female,43.0,Bangalore,,,693.76,4.0,,,UK
7156,Neha,Female,43.0,Ahmedabad,2025-02-09,,3190.06,1.0,,9881111620,Australia
,Unknown,Male,43.0,Pune,2022-09-26,,2460.355,3.0,,,Australia
C7158,Simran,Male,20.0,Mumbai,2024-07-31,2024-03-31,2460.355,3.0,,,UK
C7159,Pooja,Unknown,43.0,Bangalore,2022-01-03,,433.16,3.0,,,USA
C7160,Amit,Male,32.0,Chennai,2024-01-27,,2256.46,2.0,,,Canada
7161,Ankit,Male,57.0,Ahmedabad,,2025-08-15,2460.355,3.0,,,USA
,Priya,Female,43.0,Chennai,,,2987.96,3.0,,,UK
C7163,Neha,Female,28.0,Pune,2022-06-15,,2460.355,3.0,user7162@mail.com,,Canada
7164,Pooja,Unknown,43.0,Unknown,2025-06-17,2021-06-15,2460.355,3.0,,,Canada
7165,Simran,Male,43.0,Chennai,2024-07-23,,2460.355,3.0,,9192774237,Canada
7166,Ravi,Female,43.0,Mumbai,,,2460.355,5.0,user7165@mail.com,9678898092,Canada
C7167,Priya,Male,43.0,Chennai,2021-11-04,,2460.355,3.0,user7166@mail.com,9888486555,India
,Kiran,Unknown,43.0,Delhi,,,194.78,5.0,,,UK
7169,Amit,Male,43.0,Bangalore,2023-12-17,2025-03-15,2460.355,3.0,,,Canada
,Ankit,Male,43.0,Kolkata,,,2460.355,3.0,,,Australia
C7171,Ankit,Female,43.0,Mumbai,,,2460.355,2.0,user7170@mail.com,,Australia
,Ankit,Female,43.0,Bangalore,,,2460.355,3.0,,,Australia
7173,Simran,Male,43.0,Bangalore,,2023-04-08,4437.73,2.0,,9808978084,Australia
,Simran,Male,28.0,Ahmedabad,,2025-06-22,4172.67,3.0,,,Canada
,Unknown,Female,69.0,Pune,,2023-11-04,2460.355,3.0,,,USA
,Sneha,Female,43.0,Pune,,,2460.355,3.0,,,USA
7177,Neha,Female,68.0,Mumbai,,2025-06-09,2460.355,3.0,,,Canada
,Unknown,Unknown,43.0,Delhi,,,3670.61,3.0,user7177@mail.com,9628476891,UK
7179,Rahul,Female,43.0,Pune,2024-04-08,2025-12-15,2460.355,3.0,,,UK
7180,Priya,Female,43.0,Mumbai,,,2460.355,3.0,user7179@mail.com,,Canada
7181,Sneha,Unknown,63.0,Kolkata,,2025-09-15,3051.95,3.0,,,Canada
7182,Unknown,Unknown,43.0,Mumbai,2023-04-17,,2460.355,3.0,,9442559685,USA
C7183,Sneha,Female,43.0,Delhi,,,2460.355,3.0,,,Unknown
C7184,Unknown,Female,43.0,Unknown,2022-11-22,2021-01-20,2460.355,3.0,,,India
7185,Neha,Female,43.0,Ahmedabad,,,2460.355,2.0,,,UK
C7186,Neha,Unknown,43.0,Delhi,,,2460.355,3.0,user7185@mail.com,9577879667,Unknown
C7187,Neha,Male,43.0,Mumbai,2023-12-29,2023-10-07,3593.4,3.0,user7186@mail.com,,Australia
C7188,Priya,Male,43.0,Ahmedabad,2023-12-11,,2460.355,3.0,,,Canada
7189,Sneha,Unknown,43.0,Bangalore,,,1846.46,3.0,,,Unknown
C7190,Unknown,Unknown,43.0,Pune,,2024-06-10,2460.355,3.0,,9958960206,Unknown
C7191,Ankit,Female,43.0,Ahmedabad,,,2460.355,5.0,,,Unknown
7192,Rahul,Male,43.0,Kolkata,2020-08-17,,2670.92,3.0,,,UK
7193,Kiran,Male,43.0,Hyderabad,,,2460.355,2.0,,9366851493,Australia
7194,Priya,Male,68.0,Hyderabad,,2025-09-22,2460.355,3.0,,,USA
,Amit,Unknown,47.0,Mumbai,,2024-05-26,3771.84,3.0,,9728871909,USA
7196,Neha,Unknown,43.0,Pune,2021-11-04,,2460.355,3.0,,9655495539,India
,Unknown,Male,43.0,Unknown,2023-06-18,2020-11-07,2460.355,3.0,,,USA
7198,Unknown,Male,43.0,Unknown,2025-06-27,,2460.355,3.0,user7197@mail.com,,USA
,Simran,Unknown,26.0,Kolkata,2024-02-21,2023-06-04,2332.76,3.0,,,Unknown
C7200,Pooja,Male,47.0,Unknown,,2021-07-08,2460.355,3.0,,,Australia
,Unknown,Female,43.0,Ahmedabad,2025-06-04,,2460.355,3.0,,,Australia
7202,Rahul,Unknown,43.0,Pune,,,2460.355,3.0,,9749004343,UK
C7203,Amit,Unknown,43.0,Ahmedabad,,,2460.355,3.0,user7202@mail.com,,Unknown
7204,Unknown,Unknown,43.0,Hyderabad,2022-08-26,,1879.69,3.0,,,USA
7205,Sneha,Female,70.0,Mumbai,,,2460.355,3.0,,9212546316,Canada
7206,Priya,Female,46.0,Kolkata,,2023-09-12,2460.355,3.0,user7205@mail.com,,Australia
,Amit,Male,43.0,Chennai,,,2460.355,3.0,user7206@mail.com,9678301094,India
7208,Pooja,Male,43.0,Bangalore,,2022-04-07,2460.355,3.0,,9572912924,Unknown
C7209,Ankit,Female,43.0,Kolkata,,,2460.355,3.0,user7208@mail.com,,India
,Pooja,Male,43.0,Mumbai,2025-01-23,,967.07,3.0,,,Australia
,Priya,Female,66.0,Chennai,,2024-04-02,3718.46,3.0,,,India
C7212,Kiran,Female,43.0,Delhi,2025-09-18,,2460.355,3.0,,9531422761,UK
C7213,Kiran,Female,43.0,Bangalore,,2024-03-19,2460.355,3.0,,9945951349,Canada
7214,Pooja,Female,26.0,Unknown,,,65.99,3.0,,,UK
7215,Amit,Male,50.0,Hyderabad,,,2460.355,4.0,,,Australia
,Ravi,Male,43.0,Hyderabad,2024-08-15,,4535.97,3.0,,,USA
7217,Pooja,Male,43.0,Pune,,2022-11-24,2460.355,3.0,,,UK
7218,Simran,Male,43.0,Delhi,,2024-03-01,2460.355,3.0,user7217@mail.com,,UK
C7219,Pooja,Male,43.0,Unknown,,,4331.12,3.0,user7218@mail.com,,Canada
7220,Pooja,Unknown,68.0,Bangalore,2023-06-06,,2460.355,3.0,,,UK
7221,Pooja,Male,49.0,Bangalore,2025-07-17,,2460.355,3.0,,,UK
7222,Ravi,Unknown,43.0,Chennai,2025-01-31,,2460.355,4.0,user7221@mail.com,,Canada
C7223,Ravi,Unknown,43.0,Bangalore,,,2460.355,3.0,,9747200563,Canada
,Simran,Male,45.0,Ahmedabad,,,2460.355,3.0,,,India
7225,Pooja,Female,43.0,Delhi,2021-02-01,2023-10-09,2460.355,3.0,user7224@mail.com,,Australia
,Amit,Female,43.0,Kolkata,2023-02-28,,2460.355,4.0,,9135941323,Australia
7227,Simran,Male,43.0,Pune,2022-06-14,,2460.355,3.0,,,Unknown
7228,Neha,Male,43.0,Chennai,2022-03-10,2021-02-17,2740.93,3.0,,,Australia
7229,Sneha,Male,30.0,Unknown,,,2460.355,3.0,,9932449365,India
,Priya,Male,43.0,Hyderabad,2024-08-20,,2460.355,3.0,,,Unknown
C7231,Priya,Unknown,43.0,Unknown,,,2460.355,3.0,,9578957504,Canada
C7232,Ankit,Male,36.0,Mumbai,,,2460.355,3.0,,9476606980,USA
7233,Pooja,Male,43.0,Chennai,2024-03-02,,2718.57,3.0,,,Unknown
7234,Kiran,Female,43.0,Kolkata,,,2460.355,3.0,user7233@mail.com,,Australia
C7235,Unknown,Male,43.0,Delhi,2020-09-29,,2460.355,3.0,,,UK
7236,Neha,Female,43.0,Kolkata,,,2460.355,3.0,,,UK
C7237,Priya,Female,29.0,Unknown,,,2460.355,3.0,,9906605882,USA
7238,Pooja,Female,64.0,Unknown,,,2460.355,3.0,user7237@mail.com,9551503626,Australia
7239,Neha,Female,43.0,Kolkata,2023-07-17,2024-02-08,2460.355,3.0,user7238@mail.com,,India
7240,Ravi,Male,33.0,Hyderabad,2022-09-15,,2460.355,3.0,,,Unknown
C7241,Sneha,Unknown,43.0,Delhi,,,2272.54,3.0,,,USA
7242,Sneha,Male,43.0,Unknown,2025-06-19,,2460.355,3.0,,,Canada
7243,Simran,Male,43.0,Pune,,,2460.355,3.0,,,Unknown
7244,Unknown,Unknown,33.0,Chennai,,2024-06-12,2460.355,1.0,,,UK
C7245,Unknown,Unknown,39.0,Bangalore,2021-12-28,,2460.355,3.0,,9670571922,UK
7246,Priya,Unknown,29.0,Delhi,,,2460.355,3.0,user7245@mail.com,9393705123,USA
,Priya,Female,44.0,Kolkata,,,2460.355,3.0,,,Unknown
7248,Unknown,Male,43.0,Pune,,,4211.3,3.0,user7247@mail.com,,Canada
C7249,Sneha,Male,43.0,Pune,2025-08-08,2022-01-30,2460.355,3.0,,,Unknown
7250,Amit,Male,43.0,Kolkata,,,2460.355,3.0,,9432512511,Canada
7251,Rahul,Male,43.0,Mumbai,2023-11-12,,2460.355,3.0,user7250@mail.com,,USA
,Neha,Female,43.0,Pune,,,2460.355,3.0,,,USA
,Ravi,Male,43.0,Hyderabad,2025-01-25,,2460.355,3.0,user7252@mail.com,,Australia
C7254,Priya,Male,43.0,Ahmedabad,2025-05-15,2021-09-12,2460.355,3.0,,,UK
,Simran,Male,43.0,Bangalore,,2023-09-03,1729.14,3.0,,,Australia
,Ankit,Female,43.0,Mumbai,2021-09-15,2022-08-06,2656.38,3.0,,,Australia
C7257,Priya,Male,43.0,Chennai,,,4491.84,3.0,,,Australia
,Pooja,Female,27.0,Unknown,,,2460.355,3.0,,,Unknown
C7259,Rahul,Male,43.0,Mumbai,,2023-06-11,2460.355,5.0,,9126706209,Unknown
,Unknown,Female,43.0,Chennai,2023-03-15,2025-10-03,2460.355,3.0,,,Australia
C7261,Priya,Male,67.0,Chennai,2020-12-03,,2460.355,3.0,user7260@mail.com,9415498383,Canada
7262,Simran,Unknown,67.0,Unknown,2024-02-27,2024-03-15,2460.355,3.0,,,India
7263,Priya,Male,43.0,Kolkata,,,2260.53,3.0,,,USA
7264,Neha,Male,43.0,Pune,2025-02-11,2023-06-14,2460.355,1.0,,,Canada
,Ankit,Male,43.0,Delhi,,2022-06-03,2460.355,5.0,,,Unknown
7266,Kiran,Male,43.0,Delhi,2021-02-24,2021-01-01,2460.355,3.0,,9120538903,Canada
7267,Kiran,Female,43.0,Hyderabad,,,2460.355,2.0,,,USA
7268,Sneha,Female,70.0,Kolkata,,2021-07-18,2460.355,3.0,,,USA
7269,Unknown,Male,43.0,Ahmedabad,,,2460.355,3.0,,9717754735,USA
,Priya,Unknown,43.0,Ahmedabad,,,2460.355,3.0,,9754959999,Unknown
,Kiran,Male,43.0,Hyderabad,2024-11-14,,2460.355,2.0,,,Canada
C7272,Simran,Unknown,43.0,Mumbai,,2022-11-18,2460.355,3.0,,,Canada
C7273,Pooja,Male,43.0,Chennai,2025-09-06,,192.06,3.0,,,UK
7274,Unknown,Female,43.0,Pune,,2021-10-05,1251.57,3.0,user7273@mail.com,,Australia
,Ravi,Unknown,43.0,Bangalore,2023-04-03,,2150.47,3.0,user7274@mail.com,,India
C7276,Unknown,Unknown,43.0,Unknown,2024-04-25,,2460.355,3.0,user7275@mail.com,9958823537,USA
,Kiran,Female,32.0,Hyderabad,2022-11-19,2021-06-09,2460.355,3.0,,,Canada
7278,Ravi,Unknown,43.0,Bangalore,2023-01-31,,2460.355,3.0,,9625620640,Canada
C7279,Simran,Female,43.0,Unknown,,,3675.24,3.0,,,India
,Priya,Female,43.0,Kolkata,2023-12-21,,2460.355,3.0,,,USA
C7281,Kiran,Unknown,43.0,Pune,,,2460.355,3.0,user7280@mail.com,,UK
7282,Unknown,Unknown,24.0,Mumbai,2022-09-09,,27.84,4.0,,,India
C7283,Kiran,Male,43.0,Ahmedabad,2022-07-13,,1928.22,3.0,user7282@mail.com,,Unknown
7284,Ravi,Male,43.0,Delhi,,,3263.46,3.0,,,Unknown
7285,Unknown,Unknown,36.0,Mumbai,,2024-03-03,2460.355,1.0,,,Unknown
C7286,Priya,Female,43.0,Mumbai,,2023-10-20,2460.355,3.0,,9439277914,Australia
7287,Rahul,Unknown,43.0,Kolkata,,2021-02-03,2460.355,5.0,user7286@mail.com,,Canada
7288,Ravi,Unknown,33.0,Hyderabad,,,2356.57,3.0,,,Canada
7289,Pooja,Male,25.0,Pune,2023-10-03,,2460.355,3.0,,,India
7290,Kiran,Female,43.0,Chennai,2024-11-29,,2460.355,3.0,,,USA
7291,Ankit,Female,43.0,Delhi,2023-05-08,,1159.08,3.0,,,Canada
7292,Priya,Male,43.0,Kolkata,2025-05-09,,2460.355,1.0,,,UK
,Kiran,Unknown,43.0,Mumbai,2022-07-23,,2460.355,3.0,,,Unknown
7294,Unknown,Female,43.0,Hyderabad,,,2460.355,5.0,,9150572163,Australia
C7295,Ankit,Male,40.0,Chennai,,,3107.87,4.0,,9663919461,India
7296,Unknown,Male,18.0,Mumbai,2021-12-19,,3354.99,3.0,,,Unknown
7297,Simran,Male,43.0,Pune,,,2460.355,1.0,user7296@mail.com,,UK
C7298,Pooja,Male,43.0,Ahmedabad,2025-03-30,2022-08-11,4505.37,3.0,user7297@mail.com,,USA
7299,Kiran,Female,43.0,Ahmedabad,2025-06-16,,2460.355,3.0,,,USA
C7300,Simran,Male,43.0,Mumbai,,,4667.07,3.0,,,Canada
7301,Ankit,Unknown,43.0,Hyderabad,2020-12-22,,2460.355,1.0,user7300@mail.com,,Unknown
7302,Rahul,Unknown,41.0,Hyderabad,2024-11-28,,2460.355,3.0,,9600479627,Unknown
7303,Sneha,Unknown,43.0,Hyderabad,2022-10-20,,2460.355,3.0,user7302@mail.com,,Australia
7304,Ravi,Male,43.0,Kolkata,2022-11-13,,1396.23,3.0,,9248537179,Unknown
,Sneha,Female,43.0,Ahmedabad,2025-04-03,,2460.355,3.0,user7304@mail.com,,Australia
7306,Rahul,Male,41.0,Kolkata,2022-07-10,2025-10-19,537.37,3.0,,,Australia
C7307,Pooja,Male,43.0,Kolkata,2024-06-25,2024-09-17,2460.355,3.0,,,Unknown
7308,Amit,Female,43.0,Ahmedabad,2024-11-26,,2460.355,3.0,,9806537104,Unknown
7309,Rahul,Male,54.0,Pune,2022-11-17,,2460.355,3.0,user7308@mail.com,9211085014,Australia
C7310,Priya,Female,43.0,Bangalore,,,4483.47,3.0,,,Canada
,Ankit,Male,43.0,Pune,,,2460.355,3.0,,,USA
,Unknown,Male,43.0,Hyderabad,2021-06-05,,3083.46,4.0,,,Canada
C7313,Simran,Male,43.0,Hyderabad,2025-04-20,2025-08-29,2460.355,1.0,,,Unknown
7314,Amit,Unknown,43.0,Kolkata,,2023-09-26,2460.355,3.0,user7313@mail.com,,UK
C7315,Ravi,Unknown,43.0,Ahmedabad,,2025-05-09,2460.355,3.0,,,UK
,Priya,Female,44.0,Bangalore,,,4784.93,3.0,,9831952118,Unknown
C7317,Simran,Female,43.0,Hyderabad,2024-12-16,2025-02-14,3667.3,3.0,user7316@mail.com,9714614740,Australia
,Simran,Female,43.0,Ahmedabad,2024-12-11,,2460.355,3.0,,,India
7319,Rahul,Unknown,23.0,Delhi,,,2460.355,3.0,,,Canada
C7320,Sneha,Female,43.0,Chennai,2024-12-01,,2460.355,3.0,,9649299960,India
,Unknown,Female,43.0,Pune,2023-03-10,,2460.355,3.0,user7320@mail.com,,India
7322,Unknown,Female,43.0,Kolkata,2023-11-19,,14.23,3.0,,,UK
C7323,Pooja,Unknown,43.0,Ahmedabad,2020-08-14,,2460.355,3.0,user7322@mail.com,,UK
7324,Simran,Male,43.0,Bangalore,,,2460.355,2.0,,,Unknown
C7325,Neha,Female,43.0,Mumbai,2020-11-20,,2460.355,3.0,user7324@mail.com,,UK
7326,Priya,Female,43.0,Mumbai,2023-10-29,2025-01-17,3683.76,3.0,,,UK
C7327,Unknown,Male,43.0,Chennai,,,2460.355,3.0,user7326@mail.com,9886269393,USA
C7328,Sneha,Unknown,43.0,Pune,2025-06-12,,2460.355,3.0,,,Canada
7329,Unknown,Unknown,43.0,Bangalore,2025-07-04,,2460.355,3.0,user7328@mail.com,,India
7330,Amit,Unknown,34.0,Chennai,,,2460.355,5.0,,,Canada
7331,Amit,Female,43.0,Kolkata,2025-12-08,,2460.355,3.0,,,India
7332,Simran,Male,43.0,Delhi,2022-03-29,,4074.61,3.0,user7331@mail.com,,USA
,Ankit,Female,20.0,Unknown,2021-01-28,2024-03-30,2460.355,3.0,,,Canada
7334,Ankit,Female,43.0,Mumbai,2026-01-13,,2460.355,3.0,,,India
7335,Simran,Female,30.0,Pune,,,771.31,3.0,,,Canada
7336,Kiran,Male,43.0,Kolkata,2024-02-18,,2460.355,3.0,,,Unknown
,Simran,Unknown,43.0,Mumbai,2021-03-03,,2460.355,3.0,,,Unknown
,Simran,Female,43.0,Hyderabad,2021-01-16,,2460.355,1.0,,9105345100,Canada
C7339,Sneha,Male,27.0,Bangalore,,2021-03-21,2460.355,3.0,,9243824360,Unknown
C7340,Ravi,Male,36.0,Bangalore,,2025-06-11,2460.355,3.0,,,UK
,Unknown,Female,43.0,Mumbai,,,2630.7,3.0,,,India
7342,Simran,Female,43.0,Delhi,2024-04-20,,2460.355,3.0,,,India
7343,Pooja,Male,43.0,Unknown,2021-06-29,,694.73,2.0,,,UK
7344,Ankit,Female,43.0,Chennai,,,2460.355,3.0,,,Canada
7345,Unknown,Male,43.0,Mumbai,,2020-10-09,2460.355,3.0,,,Unknown
C7346,Simran,Female,43.0,Kolkata,,2024-05-21,2327.06,3.0,,,USA
,Ankit,Male,43.0,Bangalore,,2024-10-15,2460.355,4.0,,,Canada
,Kiran,Male,43.0,Delhi,2021-11-17,2025-03-19,2460.355,3.0,,9289495735,India
7349,Neha,Male,34.0,Mumbai,2021-08-17,2021-10-02,2460.355,3.0,,,UK
,Neha,Unknown,65.0,Pune,2025-11-23,2024-02-10,2460.355,3.0,user7349@mail.com,9867741614,India
7351,Amit,Female,28.0,Hyderabad,2020-08-17,,2460.355,3.0,,,Unknown
,Sneha,Male,67.0,Delhi,,,2460.355,3.0,,,UK
7353,Rahul,Male,43.0,Mumbai,2022-01-28,2021-07-29,2460.355,3.0,,,UK
7354,Unknown,Male,43.0,Ahmedabad,,,2460.355,3.0,,,USA
,Pooja,Unknown,43.0,Hyderabad,,,2460.355,3.0,,,UK
,Rahul,Unknown,43.0,Mumbai,,2020-12-14,2460.355,3.0,,9980787928,Canada
C7357,Priya,Male,57.0,Bangalore,2023-08-10,2025-11-11,2460.355,3.0,user7356@mail.com,,Canada
C7358,Neha,Male,43.0,Kolkata,2025-03-22,,2460.355,3.0,user7357@mail.com,,USA
C7359,Priya,Female,43.0,Chennai,,,2460.355,3.0,user7358@mail.com,,USA
,Kiran,Unknown,34.0,Pune,,,2460.355,4.0,,9972084319,UK
7361,Unknown,Unknown,43.0,Ahmedabad,2021-02-04,2022-09-13,2460.355,2.0,,,India
,Kiran,Male,43.0,Ahmedabad,2025-05-29,2020-11-06,2027.3,3.0,,,USA
C7363,Kiran,Male,43.0,Ahmedabad,2021-03-19,2023-02-22,2460.355,2.0,,9584317526,Unknown
7364,Simran,Female,43.0,Mumbai,,2023-10-05,4184.65,2.0,,,Unknown
,Pooja,Male,43.0,Hyderabad,2024-05-08,,2460.355,3.0,,,USA
,Priya,Unknown,18.0,Ahmedabad,2026-01-22,,2460.355,3.0,,,USA
7367,Unknown,Female,43.0,Delhi,2022-11-27,,2460.355,3.0,,,UK
,Unknown,Male,43.0,Chennai,2023-11-04,,1567.78,3.0,,,India
7369,Ankit,Male,30.0,Bangalore,,,3403.46,3.0,user7368@mail.com,,Canada
7370,Ankit,Unknown,43.0,Chennai,2020-12-07,,2460.355,3.0,,9246009062,India
,Ravi,Male,43.0,Ahmedabad,2020-12-22,,2460.355,3.0,,9231417293,India
,Priya,Unknown,24.0,Bangalore,,,2460.355,5.0,,,USA
7373,Kiran,Male,43.0,Chennai,,,3923.36,3.0,,9355362705,Unknown
7374,Simran,Unknown,43.0,Kolkata,2023-05-01,2025-03-18,2460.355,3.0,,9571657894,Canada
7375,Sneha,Female,43.0,Hyderabad,2021-07-08,,2460.355,3.0,,,USA
,Unknown,Female,32.0,Mumbai,,,2915.52,2.0,,,Unknown
C7377,Sneha,Unknown,43.0,Bangalore,2022-04-11,,2460.355,3.0,,9806901620,India
,Ankit,Female,33.0,Pune,2021-05-05,2025-01-03,2460.355,4.0,,,USA
7379,Ankit,Male,40.0,Delhi,,,2460.355,3.0,,,Unknown
C7380,Sneha,Unknown,43.0,Pune,,2022-05-10,2849.93,3.0,,,India
,Priya,Unknown,43.0,Hyderabad,,,2460.355,3.0,,,Australia
C7382,Ravi,Unknown,43.0,Bangalore,,,2460.355,3.0,,,UK
C7383,Priya,Unknown,43.0,Hyderabad,,,2460.355,3.0,,,USA
7384,Neha,Unknown,43.0,Delhi,2020-11-24,2022-05-25,3933.05,3.0,,9350552437,USA
7385,Unknown,Unknown,39.0,Chennai,,,2460.355,3.0,,,USA
7386,Ravi,Male,55.0,Unknown,2022-02-05,2021-12-05,2460.355,3.0,,,Canada
C7387,Pooja,Female,43.0,Delhi,,2025-03-01,2460.355,3.0,user7386@mail.com,,USA
C7388,Sneha,Male,43.0,Kolkata,,2025-05-06,2460.355,3.0,,,Canada
7389,Ankit,Female,43.0,Bangalore,2025-03-11,,2460.355,3.0,,9713409225,Australia
,Pooja,Unknown,43.0,Unknown,,,1731.26,3.0,,,Australia
7391,Kiran,Male,70.0,Unknown,2023-11-23,,2460.355,3.0,,,Unknown
7392,Sneha,Unknown,43.0,Kolkata,,,2460.355,3.0,,,Unknown
,Neha,Male,43.0,Hyderabad,2025-12-17,,2460.355,3.0,,9485532142,USA
7394,Ravi,Unknown,63.0,Unknown,,,2460.355,3.0,,,USA
C7395,Priya,Female,43.0,Bangalore,,2021-09-03,2460.355,5.0,,,India
7396,Ravi,Male,43.0,Delhi,,,2460.355,3.0,,9297752455,India
7397,Ravi,Female,43.0,Ahmedabad,2021-09-18,,2460.355,3.0,,,Unknown
7398,Simran,Female,43.0,Mumbai,2024-06-29,,2460.355,3.0,,9152168210,Australia
C7399,Kiran,Female,43.0,Chennai,,2024-04-16,2460.355,3.0,user7398@mail.com,,UK
,Rahul,Male,43.0,Hyderabad,,,2460.355,3.0,user7399@mail.com,,Canada
C7401,Sneha,Unknown,43.0,Unknown,2020-09-26,,2460.355,3.0,,9186340400,India
7402,Kiran,Female,43.0,Mumbai,2023-09-30,2025-09-05,2460.355,3.0,,,UK
C7403,Ankit,Female,42.0,Pune,,,2460.355,3.0,,9855214134,Canada
7404,Pooja,Female,26.0,Pune,2022-03-25,2025-02-20,3509.46,3.0,,,UK
C7405,Unknown,Female,43.0,Unknown,2025-03-18,,2460.355,2.0,,,India
,Amit,Female,43.0,Delhi,,,2460.355,3.0,,,UK
7407,Ankit,Female,43.0,Kolkata,2024-09-30,,2172.8,1.0,,,UK
7408,Priya,Male,43.0,Kolkata,2022-10-20,,2460.355,3.0,,9445025782,Australia
7409,Unknown,Female,43.0,Unknown,2021-10-27,,2460.355,3.0,user7408@mail.com,,Unknown
,Amit,Male,33.0,Pune,2021-12-13,2022-08-08,3494.93,3.0,,,Canada
C7411,Sneha,Unknown,40.0,Mumbai,,,3381.74,3.0,,,Unknown
7412,Pooja,Female,43.0,Pune,,,2884.77,3.0,,,Australia
,Ankit,Female,43.0,Pune,,2022-01-06,2460.355,1.0,user7412@mail.com,,USA
7414,Unknown,Unknown,43.0,Unknown,,,4238.63,4.0,,9866928949,USA
7415,Ravi,Male,43.0,Unknown,,2020-08-13,2460.355,3.0,user7414@mail.com,,Australia
7416,Priya,Female,43.0,Hyderabad,,,2460.355,3.0,,,Australia
7417,Rahul,Unknown,43.0,Unknown,2023-09-13,,2460.355,1.0,,,Canada
C7419,Ankit,Unknown,43.0,Kolkata,2023-11-14,,2460.355,3.0,user7418@mail.com,,Canada
7420,Simran,Unknown,43.0,Hyderabad,2021-10-02,2025-12-18,2460.355,3.0,,9723140071,UK
7421,Priya,Female,43.0,Ahmedabad,,,2460.355,3.0,user7420@mail.com,9135383702,USA
7422,Simran,Male,33.0,Delhi,,2024-08-26,2460.355,3.0,,,USA
7423,Kiran,Unknown,43.0,Kolkata,,,2460.355,3.0,,,India
7424,Simran,Male,43.0,Delhi,2023-07-09,,2428.95,3.0,,,Unknown
7425,Rahul,Unknown,43.0,Kolkata,,,2460.355,1.0,,9675245373,Canada
7426,Priya,Unknown,43.0,Kolkata,,,2460.355,3.0,user7425@mail.com,,Unknown
,Pooja,Unknown,57.0,Delhi,2024-04-22,2025-01-19,3442.54,3.0,user7426@mail.com,,USA
7428,Ankit,Female,66.0,Pune,2023-12-08,2024-05-31,166.34,3.0,user7427@mail.com,,Canada
,Amit,Female,43.0,Unknown,,,2460.355,3.0,,,India
C7430,Ravi,Male,43.0,Chennai,2024-09-21,,2460.355,3.0,,,Unknown
7431,Amit,Unknown,43.0,Kolkata,2025-11-30,,3605.56,3.0,,9737383796,India
C7432,Neha,Female,43.0,Hyderabad,2020-08-08,,2460.355,3.0,,,UK
C7433,Rahul,Male,43.0,Bangalore,,,1679.52,3.0,,,Canada
7434,Ravi,Male,43.0,Unknown,2023-01-02,2021-10-13,2460.355,1.0,user7433@mail.com,,Canada
C7435,Sneha,Unknown,43.0,Chennai,2022-10-23,2020-08-30,2460.355,2.0,,,Canada
C7436,Unknown,Female,43.0,Kolkata,2022-07-30,,2460.355,3.0,,,USA
7437,Unknown,Male,52.0,Unknown,,2023-10-06,2460.355,3.0,,,Canada
7438,Ravi,Female,24.0,Kolkata,2023-09-09,,2460.355,3.0,,,India
,Rahul,Female,43.0,Kolkata,,2021-03-02,3387.6,3.0,,,UK
C7440,Neha,Unknown,43.0,Delhi,2022-08-04,2021-01-25,2460.355,3.0,,,USA
,Amit,Female,43.0,Chennai,2025-04-11,,2460.355,3.0,user7440@mail.com,,Canada
7442,Amit,Unknown,51.0,Unknown,,2023-09-04,1767.86,4.0,,,India
,Kiran,Male,43.0,Mumbai,,,4925.23,3.0,,,Australia
C7444,Rahul,Female,30.0,Delhi,,2023-10-25,2460.355,3.0,,,Australia
C7445,Simran,Unknown,43.0,Kolkata,,2021-12-27,2460.355,3.0,,,Australia
,Unknown,Female,43.0,Bangalore,2022-08-03,2023-03-28,2460.355,1.0,user7445@mail.com,9882730470,USA
C7447,Amit,Unknown,43.0,Pune,,,4143.3,3.0,user7446@mail.com,,Australia
7448,Rahul,Female,43.0,Pune,,2023-11-27,2460.355,3.0,,,Australia
C7449,Ankit,Female,43.0,Ahmedabad,2023-08-09,,2460.355,3.0,user7448@mail.com,9902624279,Australia
7450,Sneha,Male,43.0,Delhi,2023-04-21,2020-12-23,2460.355,3.0,,9995457757,India
7451,Ankit,Male,28.0,Mumbai,2024-01-06,,227.54,3.0,user7450@mail.com,,Canada
,Kiran,Male,43.0,Hyderabad,2023-06-10,,2460.355,3.0,,9770800931,India
,Kiran,Unknown,43.0,Bangalore,2022-07-31,,2460.355,1.0,,,Canada
7454,Sneha,Unknown,43.0,Pune,2023-06-24,,2460.355,3.0,,,India
7455,Sneha,Female,43.0,Unknown,2023-07-19,,2460.355,3.0,user7454@mail.com,,India
7456,Kiran,Female,43.0,Ahmedabad,,,2460.355,1.0,,9421275283,USA
7457,Neha,Unknown,43.0,Pune,2022-01-08,,2460.355,3.0,,,India
,Sneha,Female,43.0,Unknown,2021-08-03,,2460.355,3.0,,,USA
7459,Neha,Male,43.0,Kolkata,2022-01-23,,2460.355,3.0,,,India
7460,Ankit,Male,31.0,Delhi,,,2460.355,3.0,,,USA
7461,Simran,Female,43.0,Ahmedabad,2023-06-11,,2460.355,5.0,,,USA
,Unknown,Male,43.0,Kolkata,2020-08-21,,2460.355,3.0,,,USA
,Pooja,Female,22.0,Mumbai,2021-09-02,,2460.355,3.0,,9871008811,Canada
,Sneha,Unknown,43.0,Chennai,2025-06-30,2023-12-12,2460.355,3.0,user7464@mail.com,,UK
,Priya,Unknown,43.0,Ahmedabad,,2023-12-12,2460.355,3.0,,,Unknown
7467,Sneha,Unknown,43.0,Bangalore,,2025-07-10,847.57,3.0,,,Unknown
C7468,Amit,Female,26.0,Hyderabad,,,2460.355,3.0,,,Australia
7469,Priya,Male,43.0,Hyderabad,2024-06-30,,2460.355,3.0,,,USA
C7470,Simran,Female,43.0,Bangalore,,,2460.355,3.0,,9839028567,UK
7471,Priya,Unknown,43.0,Kolkata,2020-08-27,2022-09-13,2460.355,1.0,user7470@mail.com,9878820249,Unknown
7472,Kiran,Unknown,43.0,Ahmedabad,,2022-12-27,2460.355,4.0,,,Australia
7473,Unknown,Male,43.0,Kolkata,2024-09-17,2023-01-01,2460.355,3.0,,,India
7474,Simran,Female,43.0,Unknown,2024-08-10,,3556.94,3.0,,9131011737,Unknown
,Pooja,Unknown,43.0,Unknown,,2025-07-07,2460.355,3.0,,,Australia
C7476,Neha,Unknown,43.0,Bangalore,2021-09-13,2025-01-24,2460.355,5.0,,9558260971,Unknown
,Unknown,Male,25.0,Delhi,2023-03-02,2024-07-23,2460.355,3.0,,,Australia
C7478,Simran,Female,43.0,Delhi,2022-05-11,,2460.355,3.0,user7477@mail.com,9949444728,Australia
,Unknown,Unknown,43.0,Kolkata,2020-10-21,,2934.77,3.0,user7478@mail.com,,USA
7480,Neha,Male,41.0,Bangalore,2022-12-10,,424.93,3.0,user7479@mail.com,9799652948,Canada
7481,Simran,Unknown,46.0,Chennai,,,2460.355,3.0,user7480@mail.com,9175375941,Unknown
C7482,Simran,Male,43.0,Unknown,,,2659.12,3.0,,9919840482,USA
C7483,Unknown,Male,22.0,Bangalore,,2020-12-26,2080.67,3.0,user7482@mail.com,,Canada
,Simran,Female,43.0,Chennai,,2021-02-09,2460.355,3.0,,,India
7485,Priya,Male,42.0,Ahmedabad,2025-10-28,,2460.355,1.0,,,USA
,Neha,Male,43.0,Kolkata,,2025-03-07,2460.355,2.0,user7485@mail.com,,Australia
C7487,Ravi,Female,43.0,Ahmedabad,,,2460.355,3.0,,9765758744,India
7488,Amit,Female,43.0,Kolkata,2023-07-08,,2460.355,3.0,,,UK
7489,Pooja,Female,43.0,Chennai,2023-05-18,2024-05-15,2460.355,3.0,,9739545982,UK
7490,Rahul,Male,26.0,Pune,,,1635.71,3.0,,,Australia
C7491,Priya,Female,43.0,Bangalore,,,2460.355,3.0,,,UK
7492,Neha,Female,50.0,Kolkata,,,4646.04,3.0,user7491@mail.com,9280541659,Canada
7493,Amit,Unknown,68.0,Unknown,,,4693.47,3.0,,,Unknown
,Pooja,Unknown,43.0,Kolkata,,,2460.355,3.0,user7493@mail.com,,UK
7495,Unknown,Unknown,43.0,Hyderabad,,,2460.355,3.0,,,UK
,Kiran,Female,43.0,Delhi,,,2460.355,3.0,user7495@mail.com,,Australia
C7497,Priya,Female,43.0,Hyderabad,,,2460.355,3.0,,,Canada
C7498,Kiran,Female,43.0,Pune,,,2435.62,3.0,,9465199068,UK
7499,Ankit,Male,61.0,Bangalore,,,4460.33,3.0,,,USA
,Amit,Male,43.0,Delhi,2023-08-18,,2460.355,3.0,,,Unknown
,Ravi,Male,43.0,Hyderabad,2025-01-30,,2460.355,3.0,,,USA
7502,Neha,Unknown,43.0,Hyderabad,2024-12-22,,2460.355,1.0,,,India
,Amit,Male,43.0,Pune,,,2460.355,3.0,user7502@mail.com,9121520038,Unknown
,Simran,Unknown,43.0,Unknown,,,2460.355,3.0,user7503@mail.com,,Canada
,Pooja,Female,43.0,Kolkata,,,2460.355,3.0,,,Unknown
,Kiran,Unknown,43.0,Bangalore,2023-12-11,,2460.355,3.0,,,Canada
7507,Pooja,Unknown,24.0,Bangalore,2025-02-03,2025-02-04,2460.355,3.0,,9171445885,India
7508,Amit,Male,43.0,Hyderabad,2025-06-25,,2460.355,3.0,user7507@mail.com,9916395784,USA
7509,Unknown,Male,43.0,Mumbai,,2021-11-11,2460.355,3.0,user7508@mail.com,,UK
C7510,Simran,Unknown,43.0,Pune,,,2460.355,3.0,user7509@mail.com,,Australia
7511,Rahul,Unknown,43.0,Hyderabad,2022-11-26,,2236.59,3.0,,,Canada
7512,Rahul,Male,43.0,Chennai,2025-07-15,2021-08-01,2460.355,2.0,,9703066505,India
7513,Rahul,Male,43.0,Mumbai,2022-01-31,,2460.355,3.0,,,UK
,Unknown,Unknown,43.0,Kolkata,,,2460.355,3.0,,,Unknown
,Ankit,Unknown,43.0,Pune,2025-06-01,,2460.355,1.0,,,Unknown
C7516,Pooja,Female,43.0,Mumbai,,2022-10-29,2460.355,3.0,,,India
,Unknown,Female,43.0,Hyderabad,2025-05-14,,2460.355,3.0,,9526252555,Canada
C7518,Amit,Unknown,50.0,Kolkata,2021-04-28,,2460.355,3.0,,,India
C7519,Unknown,Unknown,43.0,Chennai,,,1254.19,3.0,user7518@mail.com,,USA
,Amit,Male,43.0,Hyderabad,2022-10-25,,2460.355,3.0,,9638418658,Australia
C7521,Pooja,Male,43.0,Chennai,2021-09-04,,2460.355,3.0,,9686300912,Australia
7522,Priya,Unknown,43.0,Hyderabad,,,2460.355,4.0,,,Canada
C7523,Rahul,Male,43.0,Chennai,2023-04-10,,2460.355,5.0,,,Australia
C7524,Rahul,Unknown,43.0,Unknown,2021-02-13,2021-03-24,2460.355,3.0,,,USA
C7525,Simran,Female,31.0,Delhi,,,2460.355,3.0,,,Unknown
7526,Simran,Female,43.0,Pune,,,2460.355,3.0,,,Unknown
,Rahul,Male,40.0,Bangalore,,,2460.355,3.0,,9698046410,Unknown
7528,Ankit,Female,43.0,Ahmedabad,,,2460.355,1.0,,,USA
7529,Ravi,Unknown,43.0,Chennai,2025-03-12,,2460.355,3.0,user7528@mail.com,9612539657,Australia
7530,Rahul,Female,43.0,Hyderabad,2023-03-06,,2460.355,3.0,user7529@mail.com,,Australia
7531,Unknown,Male,43.0,Unknown,,2022-05-22,2460.355,3.0,,,UK
,Pooja,Male,43.0,Chennai,,2025-06-30,2460.355,3.0,user7531@mail.com,,USA
7533,Ankit,Female,42.0,Ahmedabad,,2023-04-21,2460.355,3.0,user7532@mail.com,,UK
7534,Kiran,Male,43.0,Hyderabad,2024-07-19,,2460.355,1.0,user7533@mail.com,,Australia
7535,Sneha,Male,43.0,Unknown,2022-06-28,,4533.25,3.0,user7534@mail.com,9420243150,UK
7536,Amit,Unknown,37.0,Mumbai,,,2460.355,4.0,,,Canada
7537,Ravi,Unknown,43.0,Unknown,2022-06-11,,2460.355,3.0,user7536@mail.com,,UK
7538,Pooja,Female,49.0,Pune,,2025-01-26,2460.355,3.0,,,USA
C7539,Rahul,Female,29.0,Bangalore,,,2460.355,3.0,,,Canada
7540,Kiran,Female,43.0,Kolkata,2023-11-15,,282.25,4.0,,,Australia
,Unknown,Unknown,64.0,Delhi,2025-07-03,,3639.0,3.0,,9730538698,Canada
7542,Unknown,Female,43.0,Ahmedabad,2023-10-08,2023-08-22,2460.355,3.0,user7541@mail.com,9392428675,Canada
7543,Pooja,Unknown,43.0,Mumbai,2024-06-10,2023-06-27,2460.355,3.0,user7542@mail.com,,USA
7544,Unknown,Female,43.0,Unknown,,2022-09-25,3931.0,3.0,,9831608928,UK
7545,Neha,Female,43.0,Mumbai,2024-09-09,2021-12-15,2460.355,3.0,,,Australia
7546,Neha,Female,27.0,Chennai,,2021-08-18,2460.355,3.0,,,USA
,Priya,Unknown,43.0,Delhi,2024-09-11,2023-05-31,2460.355,3.0,,,Unknown
C7548,Simran,Female,43.0,Hyderabad,2023-07-17,2025-03-11,1865.85,3.0,,,Unknown
7549,Kiran,Unknown,43.0,Ahmedabad,2021-06-30,2025-11-07,2493.37,3.0,,9479698604,India
7550,Pooja,Female,43.0,Hyderabad,2021-03-22,,2460.355,3.0,user7549@mail.com,9388237747,Canada
C7551,Pooja,Unknown,43.0,Hyderabad,,,2460.355,3.0,user7550@mail.com,9976955347,India
C7552,Simran,Male,43.0,Bangalore,,2025-02-10,2460.355,3.0,,,Canada
,Unknown,Male,43.0,Mumbai,2020-09-10,,2460.355,3.0,,9339693467,Canada
,Pooja,Male,43.0,Delhi,2025-11-24,2025-08-18,2460.355,3.0,,,Australia
,Simran,Female,43.0,Mumbai,2025-05-22,,2460.355,3.0,,,India
C7556,Amit,Female,18.0,Unknown,2021-02-07,,2632.9,3.0,,9462491217,Unknown
,Priya,Unknown,43.0,Ahmedabad,,,2460.355,5.0,user7556@mail.com,,Unknown
,Simran,Male,69.0,Pune,2025-07-28,,2460.355,2.0,,,Unknown
C7559,Priya,Male,43.0,Pune,2020-10-06,2024-10-10,557.46,5.0,user7558@mail.com,,Australia
,Priya,Female,24.0,Bangalore,,,3023.03,4.0,user7559@mail.com,,UK
7561,Neha,Female,43.0,Pune,2023-12-11,2022-12-26,712.81,2.0,,,UK
7562,Unknown,Unknown,43.0,Hyderabad,,,2460.355,3.0,,,UK
7563,Priya,Male,43.0,Mumbai,,,2460.355,3.0,,,Australia
7564,Ravi,Male,43.0,Mumbai,2024-06-22,2023-12-21,2460.355,3.0,,,Canada
7565,Neha,Female,43.0,Ahmedabad,,2025-08-01,3370.62,3.0,user7564@mail.com,,India
,Sneha,Female,43.0,Delhi,2024-03-10,,2460.355,3.0,,9779752379,USA
7567,Simran,Male,70.0,Delhi,2020-08-22,,2460.355,3.0,,9536753944,USA
7568,Unknown,Female,21.0,Chennai,2025-12-21,,2460.355,2.0,,,Australia
,Ankit,Male,60.0,Bangalore,2025-02-17,,3944.42,3.0,,,UK
C7570,Ankit,Unknown,43.0,Chennai,2023-10-17,,2460.355,5.0,user7569@mail.com,,Canada
C7571,Ankit,Male,43.0,Unknown,2021-11-10,2022-01-07,232.0,3.0,,,Australia
7572,Pooja,Unknown,29.0,Unknown,,2022-05-12,2460.355,5.0,,,Unknown
,Unknown,Female,39.0,Chennai,,2021-12-23,3593.7,3.0,,,USA
C7574,Amit,Unknown,66.0,Delhi,2025-10-19,,2460.355,3.0,,9114022836,Canada
,Amit,Female,43.0,Mumbai,2022-05-29,,2460.355,3.0,user7574@mail.com,,UK
,Neha,Male,19.0,Delhi,2021-10-13,,688.05,3.0,,,UK
,Priya,Unknown,43.0,Delhi,,,2460.355,5.0,,,Australia
C7578,Neha,Unknown,68.0,Kolkata,,,4827.23,3.0,user7577@mail.com,,Unknown
7579,Ravi,Female,68.0,Delhi,2025-02-06,,2460.355,3.0,,,Unknown
7580,Kiran,Male,43.0,Delhi,2021-07-28,,2460.355,3.0,,9832239208,Australia
C7581,Ankit,Male,43.0,Kolkata,,,1615.42,3.0,,,Canada
,Pooja,Male,43.0,Pune,2022-01-19,,2460.355,3.0,,,USA
,Priya,Male,60.0,Pune,,,2460.355,3.0,,,Australia
7584,Neha,Female,52.0,Unknown,2020-10-06,2025-02-22,2460.355,3.0,,,Unknown
,Sneha,Male,37.0,Pune,,,2460.355,3.0,,,Australia
7586,Pooja,Female,22.0,Hyderabad,2025-01-28,,2460.355,5.0,user7585@mail.com,,UK
7587,Pooja,Unknown,34.0,Bangalore,,,2726.97,1.0,,,Unknown
7588,Ankit,Female,43.0,Ahmedabad,2024-06-11,2023-09-16,2460.355,3.0,,,India
7589,Sneha,Female,43.0,Chennai,,,2460.355,3.0,,,UK
C7590,Unknown,Unknown,43.0,Kolkata,,,2460.355,3.0,,,Australia
7591,Priya,Female,43.0,Pune,,,2460.355,3.0,,,India
7592,Unknown,Male,43.0,Unknown,,,2460.355,3.0,,,USA
7593,Pooja,Male,69.0,Kolkata,2025-09-24,2025-02-07,2460.355,3.0,,,Canada
7594,Priya,Male,43.0,Chennai,2025-01-11,2025-06-25,2460.355,3.0,,,UK
C7595,Sneha,Male,41.0,Hyderabad,,2021-10-07,2460.355,3.0,user7594@mail.com,,India
,Sneha,Unknown,43.0,Bangalore,,2021-03-24,2460.355,3.0,,9654574603,Canada
,Ankit,Male,69.0,Mumbai,,,2460.355,4.0,,,Unknown
7598,Sneha,Female,43.0,Unknown,2025-05-07,,2460.355,2.0,,,Australia
7599,Sneha,Female,43.0,Hyderabad,,2020-12-30,2460.355,3.0,,,UK
7600,Priya,Unknown,43.0,Kolkata,2025-06-07,2023-12-10,2460.355,1.0,,,Canada
7601,Rahul,Unknown,32.0,Delhi,,,2460.355,3.0,,9359431549,Unknown
7602,Sneha,Male,43.0,Chennai,,2025-03-23,2460.355,3.0,,,USA
C7603,Rahul,Unknown,41.0,Bangalore,,,2319.16,3.0,user7602@mail.com,9778459638,USA
,Sneha,Male,43.0,Mumbai,2025-09-30,,2460.355,3.0,,,UK
,Unknown,Female,43.0,Kolkata,2020-11-10,2025-06-28,2460.355,3.0,user7604@mail.com,,UK
,Unknown,Male,43.0,Mumbai,,,3279.26,3.0,,,USA
,Ankit,Female,43.0,Mumbai,2024-04-08,,2460.355,3.0,,9646066161,Australia
C7608,Priya,Female,43.0,Bangalore,,,2460.355,3.0,user7607@mail.com,,India
7609,Kiran,Unknown,43.0,Unknown,,,2460.355,3.0,,9855953877,Canada
C7610,Kiran,Male,43.0,Hyderabad,,,1888.24,3.0,user7609@mail.com,,UK
7611,Ankit,Male,58.0,Kolkata,2023-08-17,,2460.355,3.0,,9346988775,USA
7612,Simran,Male,43.0,Kolkata,2025-02-21,2025-08-19,2460.355,5.0,,9254971510,USA
C7613,Sneha,Unknown,43.0,Kolkata,,,2460.355,3.0,,,Australia
,Sneha,Male,43.0,Delhi,2024-09-02,2020-08-13,2460.355,3.0,,9385997769,UK
7615,Ankit,Female,43.0,Bangalore,,,2460.355,3.0,,,India
7616,Kiran,Female,20.0,Delhi,2025-04-09,2022-04-18,2460.355,3.0,user7615@mail.com,,Canada
7617,Kiran,Female,43.0,Pune,2020-08-22,,2460.355,3.0,user7616@mail.com,9718395727,UK
7618,Ravi,Male,43.0,Chennai,,,2460.355,3.0,,,Unknown
7619,Sneha,Female,47.0,Pune,,2021-04-03,2460.355,3.0,,,Unknown
C7620,Simran,Male,55.0,Delhi,2024-11-05,2024-04-21,2460.355,3.0,,,Canada
7621,Amit,Male,43.0,Ahmedabad,2024-11-04,,2460.355,3.0,,9447948682,Canada
7622,Unknown,Female,43.0,Delhi,,,2460.355,3.0,user7621@mail.com,,USA
C7623,Kiran,Unknown,43.0,Pune,,,2460.355,1.0,user7622@mail.com,,Unknown
7624,Simran,Female,43.0,Mumbai,,,2460.355,1.0,,9695602887,USA
C7625,Pooja,Unknown,43.0,Kolkata,,,155.61,3.0,,,India
7626,Sneha,Male,43.0,Pune,,2022-10-06,3572.57,3.0,,,Canada
7627,Ravi,Female,58.0,Pune,,,3189.34,3.0,,,Unknown
7628,Pooja,Male,60.0,Ahmedabad,2022-09-21,2023-12-04,2460.355,3.0,user7627@mail.com,9896961919,USA
C7629,Unknown,Male,59.0,Hyderabad,2025-11-08,,1567.83,3.0,,,India
7630,Sneha,Male,43.0,Unknown,2023-09-02,2025-10-30,2460.355,3.0,user7629@mail.com,,Unknown
7631,Ravi,Male,43.0,Ahmedabad,,,2460.355,3.0,,9114548847,Canada
C7632,Pooja,Female,43.0,Unknown,,,1048.41,3.0,,,Australia
7633,Unknown,Male,43.0,Kolkata,,,2460.355,3.0,user7632@mail.com,,USA
C7634,Kiran,Unknown,43.0,Chennai,2022-03-15,,3463.16,3.0,,,UK
7635,Unknown,Male,43.0,Hyderabad,,2022-09-11,2460.355,3.0,,,USA
C7636,Unknown,Unknown,43.0,Delhi,2024-09-20,,2341.55,3.0,,,Australia
,Amit,Female,63.0,Bangalore,2021-01-07,2022-09-20,2460.355,3.0,user7636@mail.com,,India
7638,Amit,Unknown,43.0,Pune,,,2460.355,3.0,,,USA
7639,Amit,Female,43.0,Chennai,2024-08-09,,540.51,3.0,user7638@mail.com,,Canada
7640,Amit,Male,43.0,Kolkata,2021-10-23,,2460.355,5.0,,,Canada
7641,Unknown,Male,43.0,Hyderabad,2021-11-19,,2460.65,3.0,,,Australia
7642,Unknown,Female,23.0,Bangalore,,,2460.355,3.0,,,Unknown
C7643,Rahul,Female,50.0,Unknown,,,2460.355,3.0,,,UK
,Amit,Unknown,43.0,Ahmedabad,,,2460.355,3.0,,,Canada
,Unknown,Female,43.0,Mumbai,,2022-01-23,2460.355,1.0,,,USA
7646,Unknown,Female,43.0,Pune,,,74.67,3.0,,,Unknown
7647,Unknown,Male,20.0,Ahmedabad,2025-04-19,,2460.355,3.0,user7646@mail.com,,UK
7648,Neha,Female,43.0,Hyderabad,2025-01-30,2021-05-22,2460.355,4.0,,9196618174,Unknown
,Ankit,Male,43.0,Chennai,,,2460.355,3.0,,,USA
7650,Neha,Female,43.0,Ahmedabad,2020-10-29,,2074.43,4.0,,9550821919,Australia
7651,Neha,Female,56.0,Delhi,2024-09-14,,2460.355,3.0,,,Australia
7652,Sneha,Male,43.0,Ahmedabad,,2025-04-22,2460.355,3.0,,,Unknown
,Sneha,Female,43.0,Hyderabad,,,2460.355,3.0,,9665254579,Canada
7654,Amit,Unknown,43.0,Delhi,,2022-07-30,2460.355,3.0,,,Unknown
,Sneha,Male,43.0,Mumbai,,,2460.355,3.0,user7654@mail.com,,UK
,Neha,Female,51.0,Hyderabad,,,2460.355,3.0,,,USA
,Neha,Male,43.0,Kolkata,,2022-09-11,2460.355,3.0,,,Unknown
7658,Pooja,Female,50.0,Mumbai,2024-01-02,,2460.355,1.0,,,USA
,Unknown,Male,43.0,Hyderabad,2023-06-24,2020-11-21,2460.355,3.0,,,UK
C7660,Sneha,Female,43.0,Hyderabad,,2024-03-29,2460.355,3.0,user7659@mail.com,,USA
7661,Ankit,Female,43.0,Hyderabad,,2022-07-28,2460.355,2.0,,,UK
C7662,Ravi,Female,43.0,Delhi,,,2460.355,2.0,user7661@mail.com,,UK
,Priya,Male,43.0,Hyderabad,2024-02-29,2024-02-24,2460.355,5.0,,,USA
,Amit,Female,43.0,Chennai,,,2460.355,3.0,,,Unknown
C7665,Ankit,Male,43.0,Chennai,,2023-09-24,1182.08,3.0,,,USA
C7666,Ankit,Unknown,43.0,Kolkata,2022-05-19,2023-04-12,721.58,3.0,user7665@mail.com,,Canada
C7667,Rahul,Female,43.0,Kolkata,2025-12-19,,2460.355,3.0,user7666@mail.com,,Unknown
C7668,Ravi,Female,43.0,Delhi,2021-03-07,,2460.355,3.0,user7667@mail.com,9589872330,India
,Amit,Male,43.0,Kolkata,2022-08-09,,2460.355,2.0,,9614243082,USA
7670,Sneha,Female,45.0,Kolkata,2021-05-05,,2460.355,3.0,,,USA
,Pooja,Male,43.0,Hyderabad,2021-04-21,,2460.355,3.0,,,Unknown
C7672,Kiran,Male,43.0,Unknown,2020-09-01,,2460.355,3.0,,,Australia
C7673,Priya,Male,31.0,Pune,,2024-10-24,2460.355,3.0,,,India
7674,Sneha,Female,43.0,Ahmedabad,2023-11-08,,2460.355,3.0,user7673@mail.com,9264685155,India
7675,Kiran,Male,43.0,Unknown,2022-10-26,,3293.21,3.0,,9795495885,Canada
C7676,Ravi,Male,43.0,Chennai,,,2460.355,5.0,,,UK
7677,Simran,Unknown,43.0,Chennai,,2024-05-23,2460.355,3.0,,,Canada
C7678,Rahul,Female,65.0,Unknown,,,2460.355,4.0,user7677@mail.com,,Unknown
7679,Unknown,Male,43.0,Pune,2023-01-19,,2460.355,3.0,,,USA
C7680,Neha,Male,25.0,Ahmedabad,2023-10-28,2026-01-20,2460.355,3.0,,,Australia
7681,Pooja,Male,43.0,Ahmedabad,2023-04-02,,2330.94,3.0,,,USA
C7682,Neha,Female,43.0,Chennai,2021-05-29,,2460.355,3.0,,9768051282,USA
7683,Rahul,Unknown,43.0,Unknown,2022-07-24,,2460.355,3.0,user7682@mail.com,9547744839,Australia
7684,Neha,Female,43.0,Chennai,,,2069.75,5.0,,,USA
7685,Unknown,Male,68.0,Delhi,2020-10-26,2024-04-28,1863.98,3.0,user7684@mail.com,,Australia
C7686,Kiran,Unknown,43.0,Bangalore,,,2460.355,5.0,,,USA
7687,Pooja,Female,38.0,Mumbai,2022-03-15,,2460.355,3.0,user7686@mail.com,,India
7688,Amit,Unknown,43.0,Unknown,,,2460.355,3.0,user7687@mail.com,,UK
C7689,Neha,Unknown,64.0,Unknown,2023-03-27,,2460.355,3.0,,,USA
7690,Ravi,Female,32.0,Unknown,2022-03-28,,890.23,3.0,user7689@mail.com,,Canada
7691,Pooja,Female,43.0,Kolkata,,,4936.65,1.0,,,Unknown
7692,Unknown,Unknown,43.0,Bangalore,,,2460.355,3.0,user7691@mail.com,,Unknown
C7693,Unknown,Male,43.0,Ahmedabad,,2023-07-17,2460.355,3.0,user7692@mail.com,,Unknown
7694,Priya,Male,27.0,Ahmedabad,2024-02-20,2024-02-14,2460.355,2.0,,9434030957,India
7695,Priya,Male,43.0,Delhi,,2022-06-30,2460.355,3.0,,9793517584,USA
,Unknown,Male,44.0,Bangalore,,,2460.355,3.0,,9409878197,Unknown
7697,Rahul,Female,43.0,Pune,,,2460.355,3.0,,,India
C7698,Rahul,Male,43.0,Chennai,,2020-08-17,2460.355,3.0,,,UK
7699,Priya,Male,43.0,Mumbai,2023-11-28,2023-05-12,2460.355,3.0,,,Australia
,Kiran,Female,43.0,Mumbai,,,2460.355,3.0,,,Canada
C7701,Ankit,Female,43.0,Delhi,,,2460.355,3.0,,,UK
7702,Sneha,Female,43.0,Bangalore,,2022-05-07,3116.49,3.0,,9589392834,India
7703,Simran,Female,43.0,Bangalore,2025-12-12,,2460.355,5.0,,,UK
7704,Rahul,Male,43.0,Mumbai,2025-04-20,2023-03-29,2460.355,3.0,,,India
7705,Amit,Male,43.0,Unknown,2024-05-26,2025-06-25,4193.19,3.0,user7704@mail.com,,India
C7706,Amit,Female,43.0,Bangalore,2025-02-11,2025-03-03,2460.355,3.0,,,India
7707,Kiran,Male,59.0,Hyderabad,,,2460.355,5.0,,,Unknown
7708,Priya,Male,43.0,Hyderabad,2023-06-29,,2460.355,2.0,,9501322605,USA
C7709,Unknown,Unknown,43.0,Pune,,,2460.355,3.0,,,USA
C7710,Amit,Male,54.0,Hyderabad,,2023-07-13,2460.355,3.0,,,Unknown
7711,Unknown,Male,43.0,Pune,2025-08-11,2021-01-04,2460.355,3.0,,9765820759,Unknown
7712,Ravi,Male,43.0,Chennai,2024-06-19,,2460.355,3.0,,9519136082,India
7713,Priya,Unknown,32.0,Delhi,2025-09-03,,3327.34,3.0,,9901216016,Australia
,Ankit,Female,43.0,Kolkata,,2023-08-21,2460.355,5.0,,9287871367,India
7715,Priya,Male,43.0,Hyderabad,,,4735.25,3.0,user7714@mail.com,,India
7716,Rahul,Female,43.0,Hyderabad,,,2460.355,3.0,,,USA
C7717,Unknown,Male,52.0,Unknown,,,2460.355,3.0,,,USA
7718,Simran,Female,43.0,Kolkata,2020-09-08,,2460.355,3.0,user7717@mail.com,9933741905,Australia
7719,Neha,Male,43.0,Ahmedabad,,2022-08-06,2460.355,3.0,,,Australia
7720,Unknown,Female,43.0,Unknown,2021-04-07,2022-10-18,4625.34,3.0,,,Unknown
7721,Rahul,Female,43.0,Hyderabad,2024-09-27,,1359.29,3.0,user7720@mail.com,,Unknown
7722,Sneha,Male,43.0,Unknown,,2020-09-01,2460.355,3.0,,,Canada
7723,Priya,Unknown,56.0,Hyderabad,2022-06-24,2025-12-22,3456.32,1.0,,9524862644,Unknown
C7724,Kiran,Female,43.0,Hyderabad,,,4607.78,3.0,,9192492454,UK
7725,Kiran,Unknown,55.0,Unknown,2021-10-03,,2460.355,1.0,,,USA
,Ankit,Female,43.0,Ahmedabad,,,2460.355,1.0,,,Australia
7727,Kiran,Male,43.0,Hyderabad,2025-02-11,2023-05-13,2460.355,3.0,,,Unknown
C7728,Rahul,Female,43.0,Ahmedabad,,,2460.355,1.0,,,India
C7729,Ravi,Male,43.0,Unknown,2023-10-04,2022-02-14,2460.355,3.0,,,India
7730,Sneha,Female,43.0,Kolkata,2023-04-25,2025-04-18,2460.355,3.0,user7729@mail.com,,Unknown
7731,Sneha,Unknown,41.0,Hyderabad,2022-12-08,,2573.35,3.0,,9192093926,Australia
C7732,Ankit,Female,43.0,Pune,,,2460.355,3.0,,,USA
7733,Ravi,Male,64.0,Kolkata,2024-11-09,2025-05-07,2460.355,3.0,,,Canada
7734,Rahul,Male,43.0,Hyderabad,2021-06-27,2024-01-26,2460.355,3.0,,,Canada
,Amit,Unknown,43.0,Kolkata,2024-08-08,,2460.355,3.0,user7734@mail.com,,Australia
,Neha,Unknown,43.0,Pune,2021-08-05,2022-10-22,2460.355,3.0,,,Australia
7737,Ankit,Unknown,43.0,Bangalore,,,2590.97,3.0,,9203562046,Unknown
C7738,Unknown,Unknown,43.0,Ahmedabad,,2024-11-23,542.41,4.0,,,Australia
7739,Unknown,Unknown,43.0,Pune,,2023-01-25,2460.355,1.0,,,Canada
7740,Kiran,Female,43.0,Bangalore,2023-03-03,,2460.355,1.0,user7739@mail.com,,Unknown
,Simran,Female,43.0,Ahmedabad,2024-07-18,,2460.355,3.0,,9383768744,UK
C7742,Kiran,Unknown,43.0,Ahmedabad,2022-05-26,,2460.355,2.0,,9900778891,USA
7743,Sneha,Unknown,43.0,Chennai,,,2460.355,3.0,,,Unknown
7744,Amit,Unknown,70.0,Bangalore,2022-10-08,,2460.355,3.0,user7743@mail.com,,Unknown
C7745,Sneha,Male,43.0,Delhi,2021-02-27,2024-05-21,2460.355,4.0,,9519356836,UK
7746,Unknown,Unknown,43.0,Kolkata,,,1321.67,3.0,,9675682916,Canada
,Pooja,Male,39.0,Unknown,,,2460.355,3.0,user7746@mail.com,,Australia
7748,Pooja,Female,43.0,Unknown,2024-10-10,,2460.355,3.0,,9479781883,USA
7749,Pooja,Unknown,43.0,Bangalore,,,2460.355,3.0,,,Canada
7750,Sneha,Unknown,43.0,Pune,2022-11-15,,3332.78,3.0,,,Australia
7751,Sneha,Unknown,43.0,Mumbai,,,2460.355,3.0,,9342443572,Unknown
C7752,Kiran,Female,25.0,Hyderabad,,,3927.37,3.0,user7751@mail.com,,India
7753,Ankit,Female,43.0,Kolkata,2024-03-10,2025-11-27,2460.355,3.0,,,Canada
7754,Sneha,Male,43.0,Pune,2023-09-27,,2460.355,3.0,,,Canada
7755,Simran,Unknown,43.0,Mumbai,,,2460.355,3.0,,9208587993,India
7756,Sneha,Female,49.0,Chennai,,2023-12-26,2460.355,3.0,,,Canada
7757,Unknown,Male,43.0,Mumbai,2022-06-29,,428.94,3.0,,9551314015,UK
,Sneha,Female,43.0,Mumbai,,,4042.4,5.0,user7757@mail.com,,India
7759,Amit,Male,59.0,Delhi,2023-07-03,,2460.355,3.0,user7758@mail.com,9477594942,Australia
C7760,Sneha,Unknown,43.0,Kolkata,2024-06-15,,2460.355,1.0,,,USA
7761,Sneha,Unknown,43.0,Pune,,,2460.355,3.0,,9257314842,India
,Simran,Male,43.0,Unknown,2023-05-10,,2460.355,3.0,,,India
,Sneha,Unknown,61.0,Pune,,,2460.355,3.0,user7762@mail.com,,Unknown
7764,Amit,Male,43.0,Chennai,2022-11-08,2022-12-09,2460.355,3.0,,,USA
,Pooja,Female,32.0,Bangalore,,2025-06-07,2460.355,3.0,,,USA
,Unknown,Unknown,43.0,Unknown,,,2460.355,3.0,,,UK
,Priya,Unknown,43.0,Chennai,,2021-03-25,2460.355,3.0,,9573003374,Australia
7768,Neha,Unknown,43.0,Mumbai,2026-01-03,2023-06-20,2460.355,3.0,user7767@mail.com,,Australia
C7769,Neha,Female,43.0,Mumbai,,2023-09-03,2460.355,3.0,,,Australia
7770,Unknown,Male,43.0,Ahmedabad,,2023-10-12,2460.355,3.0,,9610041123,UK
7771,Priya,Unknown,43.0,Hyderabad,2025-03-04,2021-06-09,2460.355,3.0,user7770@mail.com,9620335689,Australia
7772,Ravi,Male,43.0,Mumbai,2023-04-28,,2037.22,3.0,user7771@mail.com,,Canada
7773,Priya,Male,43.0,Unknown,,,2460.355,3.0,,,Canada
C7774,Sneha,Female,43.0,Ahmedabad,2023-05-21,2022-11-08,2460.355,3.0,,9826459309,India
C7775,Kiran,Male,43.0,Pune,,,4501.47,3.0,user7774@mail.com,9991117368,Unknown
7776,Ravi,Male,43.0,Unknown,2024-07-19,2023-08-18,2460.355,3.0,,,India
7777,Neha,Male,43.0,Mumbai,2021-06-22,,2460.355,3.0,user7776@mail.com,,Unknown
,Unknown,Female,43.0,Bangalore,,2024-03-29,2460.355,3.0,,,UK
,Pooja,Female,43.0,Ahmedabad,,2026-01-10,2460.355,4.0,,,India
7780,Ankit,Female,43.0,Hyderabad,2022-11-19,2020-08-06,2460.355,3.0,,,UK
,Ravi,Female,22.0,Bangalore,2025-12-22,,2460.355,3.0,,,USA
7782,Sneha,Female,53.0,Kolkata,,,3709.82,3.0,,9249457569,India
,Pooja,Male,43.0,Chennai,2024-07-29,2025-07-27,2460.355,5.0,,9564459016,UK
7784,Ravi,Male,27.0,Chennai,,,2460.355,3.0,user7783@mail.com,,Canada
C7785,Ankit,Male,43.0,Hyderabad,2024-02-18,,2460.355,4.0,user7784@mail.com,9557818801,UK
,Neha,Unknown,43.0,Hyderabad,2021-12-06,2023-03-19,2460.355,3.0,user7785@mail.com,,USA
7787,Sneha,Female,43.0,Chennai,2023-06-15,2024-03-30,2460.355,3.0,,,India
7788,Priya,Unknown,43.0,Bangalore,2024-06-23,2024-03-29,2460.355,3.0,,,India
,Ravi,Male,43.0,Ahmedabad,,2025-05-27,4879.97,3.0,,,Australia
C7790,Rahul,Unknown,43.0,Unknown,2021-08-19,2023-12-05,2460.355,3.0,,,Unknown
7791,Neha,Female,43.0,Ahmedabad,2025-05-14,2025-01-22,2460.355,3.0,,,Canada
7792,Amit,Female,43.0,Mumbai,,,2460.355,3.0,user7791@mail.com,,UK
,Sneha,Female,43.0,Mumbai,2021-01-05,2021-09-09,2460.355,3.0,,,India
7794,Sneha,Male,55.0,Bangalore,2025-12-02,,1770.94,3.0,user7793@mail.com,,India
,Priya,Female,43.0,Pune,,2022-07-16,4624.76,3.0,,,UK
7796,Kiran,Unknown,43.0,Hyderabad,,2024-02-23,2460.355,3.0,,,UK
,Pooja,Female,43.0,Pune,2023-04-14,,1013.28,3.0,,,Australia
C7798,Sneha,Male,43.0,Kolkata,2021-02-22,,2460.355,4.0,,,Australia
7799,Neha,Male,43.0,Hyderabad,,,2460.355,1.0,user7798@mail.com,,India
7800,Priya,Male,43.0,Kolkata,2025-05-23,,299.69,3.0,,,UK
,Ravi,Female,43.0,Ahmedabad,2023-04-06,,2460.355,3.0,,,India
,Rahul,Male,43.0,Bangalore,2021-03-02,,570.42,3.0,,,India
7803,Amit,Female,55.0,Pune,2023-02-22,,2460.355,3.0,,,India
7804,Sneha,Female,43.0,Bangalore,2020-12-03,2023-10-24,4632.62,2.0,,,India
,Rahul,Female,43.0,Ahmedabad,,2023-08-07,2460.355,3.0,,,Australia
C7806,Ravi,Unknown,43.0,Bangalore,,,2460.355,2.0,,,UK
7807,Simran,Female,43.0,Bangalore,2024-07-02,2021-07-14,1042.67,4.0,,,Unknown
7808,Kiran,Unknown,44.0,Delhi,2024-10-06,,2460.355,3.0,,,Unknown
C7809,Simran,Female,43.0,Unknown,,2021-08-05,2460.355,3.0,user7808@mail.com,9683780977,Unknown
,Unknown,Female,43.0,Bangalore,2022-10-23,,2460.355,3.0,user7809@mail.com,9786184951,Unknown
C7811,Ankit,Male,43.0,Unknown,2022-02-24,,2460.355,5.0,user7810@mail.com,,UK
7812,Unknown,Female,43.0,Chennai,2021-08-05,2020-12-01,4334.9,3.0,,,Unknown
7813,Unknown,Male,43.0,Mumbai,2022-01-31,,3612.39,3.0,,,India
7814,Pooja,Male,43.0,Delhi,2022-09-20,2024-06-14,3112.45,3.0,,9747355117,Australia
7815,Amit,Unknown,44.0,Bangalore,,,2460.355,1.0,,,Canada
7816,Unknown,Female,20.0,Mumbai,,2023-10-17,2460.355,3.0,,,UK
7817,Simran,Female,43.0,Delhi,2020-12-31,,2460.355,4.0,,,India
7818,Amit,Male,43.0,Chennai,,,2460.355,3.0,,,Unknown
7819,Amit,Male,33.0,Chennai,2022-12-07,2026-01-02,2460.355,3.0,,,India
7820,Simran,Unknown,22.0,Unknown,2024-07-09,2023-06-24,3402.28,3.0,,9693474211,Australia
7821,Priya,Female,43.0,Chennai,,,2460.355,3.0,,,India
7822,Kiran,Male,43.0,Delhi,,2023-02-02,2460.355,3.0,,,Canada
C7823,Amit,Unknown,43.0,Mumbai,,,2623.97,3.0,user7822@mail.com,,Canada
7824,Kiran,Unknown,33.0,Delhi,2021-03-23,,2460.355,3.0,,,USA
7825,Unknown,Female,43.0,Unknown,2025-12-31,,537.54,3.0,,9934548576,Australia
7826,Unknown,Male,43.0,Delhi,2021-06-25,2023-08-10,3982.73,2.0,,,Unknown
7827,Pooja,Unknown,43.0,Mumbai,2022-05-20,,2159.09,3.0,,,USA
C7828,Sneha,Male,43.0,Delhi,,2022-06-22,2460.355,3.0,,,USA
7829,Ankit,Unknown,43.0,Pune,2023-10-10,2023-02-09,4981.71,2.0,,9940787685,Canada
C7830,Ravi,Female,43.0,Unknown,,2023-05-13,2460.355,3.0,,9811541957,India
C7831,Rahul,Female,43.0,Mumbai,,,2460.355,3.0,,,UK
,Ravi,Female,43.0,Kolkata,2022-05-02,,2460.355,3.0,user7831@mail.com,,Australia
,Kiran,Female,53.0,Kolkata,2025-11-30,,2460.355,3.0,,9852209417,India
C7834,Ankit,Male,24.0,Delhi,2024-09-19,2021-04-24,2460.355,3.0,,,Canada
C7835,Simran,Female,43.0,Mumbai,,,1623.33,4.0,,,UK
7836,Ravi,Male,43.0,Ahmedabad,,,2460.355,3.0,,9384867369,UK
C7837,Ravi,Female,43.0,Chennai,2021-01-28,2023-05-31,2460.355,3.0,user7836@mail.com,,USA
C7838,Amit,Male,25.0,Hyderabad,2022-05-17,,2460.355,3.0,,9254682776,UK
,Unknown,Female,43.0,Mumbai,2020-10-13,2025-10-01,2460.355,3.0,,,Australia
7840,Ravi,Male,43.0,Pune,2021-05-25,,2460.355,3.0,,,UK
C7841,Kiran,Female,43.0,Mumbai,2023-10-25,,2460.355,3.0,,,Unknown
C7842,Neha,Unknown,43.0,Unknown,2024-12-13,2025-01-25,2460.355,3.0,,,UK
C7843,Rahul,Unknown,21.0,Bangalore,,,2460.355,3.0,,9622391815,India
C7844,Sneha,Female,43.0,Delhi,2023-02-07,,55.18,3.0,,9116305476,Canada
7845,Amit,Unknown,70.0,Chennai,,,2460.355,1.0,,,Unknown
7846,Rahul,Male,43.0,Unknown,2020-10-21,2025-07-08,2460.355,3.0,,9305729862,Australia
C7847,Rahul,Male,43.0,Hyderabad,2021-10-06,,2460.355,3.0,,,Canada
7848,Unknown,Male,43.0,Bangalore,2024-08-22,2021-05-09,2460.355,4.0,,,India
C7849,Neha,Unknown,43.0,Chennai,2025-03-09,2024-11-17,2460.355,3.0,,9587915626,USA
7850,Priya,Unknown,43.0,Bangalore,,2022-01-07,4768.66,2.0,,,UK
7851,Simran,Female,43.0,Delhi,2023-04-04,,2460.355,4.0,user7850@mail.com,9506658357,Canada
C7852,Amit,Female,43.0,Bangalore,,,2460.355,3.0,,,Unknown
7853,Unknown,Male,43.0,Bangalore,2021-06-03,,2756.84,1.0,,,India
C7854,Ankit,Unknown,43.0,Delhi,2024-04-23,2021-10-10,3247.69,3.0,,9294197532,Unknown
C7855,Unknown,Male,43.0,Bangalore,2024-09-27,,2460.355,2.0,,,Unknown
C7856,Rahul,Unknown,43.0,Chennai,2023-05-11,,1478.98,5.0,,,Canada
,Ravi,Female,43.0,Kolkata,,,2381.32,3.0,,,UK
C7858,Unknown,Female,43.0,Mumbai,2023-11-03,,568.69,3.0,,,Canada
,Rahul,Unknown,43.0,Chennai,,,2460.355,3.0,,,Australia
7860,Amit,Unknown,31.0,Pune,,,2460.355,1.0,,,USA
,Ravi,Female,43.0,Chennai,,,2951.99,3.0,user7860@mail.com,,Australia
7862,Simran,Male,43.0,Delhi,,,3032.92,2.0,,,Australia
,Rahul,Unknown,43.0,Pune,,,2460.355,3.0,,,Unknown
7864,Ankit,Female,43.0,Kolkata,2021-11-03,,2460.355,3.0,,,Unknown
7865,Kiran,Unknown,43.0,Mumbai,,,2723.55,3.0,,,USA
,Sneha,Female,43.0,Delhi,,,2460.355,1.0,,,USA
7867,Unknown,Male,43.0,Unknown,2025-01-10,2022-05-16,2460.355,3.0,,,Australia
C7868,Rahul,Male,43.0,Kolkata,,,2460.355,3.0,,,UK
7869,Ankit,Male,43.0,Bangalore,2023-11-27,,2460.355,3.0,,,UK
7870,Amit,Female,43.0,Mumbai,,,2460.355,3.0,user7869@mail.com,9272105949,Canada
7871,Pooja,Female,56.0,Pune,2024-09-15,,2460.355,3.0,user7870@mail.com,,Australia
7872,Unknown,Male,43.0,Hyderabad,2024-10-22,,2460.355,3.0,user7871@mail.com,,Canada
7873,Neha,Unknown,43.0,Bangalore,2023-06-03,,412.8,3.0,user7872@mail.com,,Unknown
7874,Kiran,Female,43.0,Pune,2020-08-26,,2460.355,3.0,user7873@mail.com,9707735984,USA
,Priya,Unknown,43.0,Pune,2025-05-24,,2460.355,3.0,user7874@mail.com,,UK
,Unknown,Female,43.0,Chennai,,2024-06-08,2460.355,3.0,,,Canada
7877,Ravi,Male,43.0,Chennai,,,2460.355,3.0,,,Australia
7878,Ravi,Male,64.0,Bangalore,2021-08-22,2021-07-19,2460.355,3.0,user7877@mail.com,,India
C7879,Ankit,Female,43.0,Chennai,,,2460.355,3.0,,,UK
,Priya,Male,43.0,Hyderabad,,2021-04-20,2460.355,3.0,,9110320003,India
C7881,Kiran,Female,43.0,Kolkata,,,2460.355,4.0,,9545072039,Australia
7882,Ravi,Unknown,43.0,Ahmedabad,2021-08-09,,2460.355,2.0,,,India
7883,Neha,Unknown,43.0,Delhi,,,2460.355,3.0,,9590940185,Unknown
C7884,Sneha,Female,43.0,Unknown,,2023-06-04,2460.355,3.0,,,India
,Amit,Female,43.0,Unknown,2022-08-04,2020-08-14,2774.24,3.0,,,UK
7886,Neha,Unknown,43.0,Unknown,,,2460.355,3.0,,9647591936,Unknown
7887,Ankit,Female,59.0,Hyderabad,2023-11-24,,1706.29,4.0,user7886@mail.com,,India
7888,Unknown,Male,33.0,Mumbai,2024-11-10,2023-01-21,2460.355,3.0,,,Unknown
,Ankit,Unknown,43.0,Unknown,2021-11-28,,105.11,3.0,,,USA
C7890,Unknown,Female,43.0,Ahmedabad,,,2460.355,3.0,user7889@mail.com,9498126150,Canada
7891,Unknown,Male,64.0,Delhi,,2025-02-06,3031.6,3.0,,,Unknown
7892,Ravi,Male,43.0,Chennai,2022-02-18,,2460.355,3.0,,9899398622,UK
,Kiran,Male,43.0,Bangalore,2023-11-15,,2460.355,4.0,,9695831217,India
C7894,Pooja,Unknown,54.0,Chennai,,,514.59,5.0,,,UK
7895,Neha,Male,43.0,Unknown,,,2460.355,4.0,,9448013406,Australia
C7896,Simran,Female,43.0,Ahmedabad,,,2460.355,2.0,,9454442632,India
7897,Pooja,Unknown,43.0,Bangalore,2024-06-14,,931.01,4.0,,,UK
,Priya,Male,43.0,Chennai,2021-10-19,2025-05-31,2460.355,3.0,,,Unknown
C7899,Amit,Male,43.0,Pune,,,2460.355,3.0,user7898@mail.com,,UK
7900,Pooja,Unknown,43.0,Kolkata,2021-12-22,,2460.355,3.0,,,USA
7901,Neha,Unknown,43.0,Hyderabad,,,2460.355,1.0,user7900@mail.com,,UK
7902,Sneha,Unknown,24.0,Chennai,,2025-06-20,2460.355,3.0,user7901@mail.com,,India
C7903,Simran,Male,43.0,Ahmedabad,,,2460.355,3.0,,,India
7904,Pooja,Male,43.0,Mumbai,,2025-08-28,2460.355,3.0,,9835319600,UK
7905,Rahul,Male,43.0,Bangalore,,2023-12-12,2460.355,3.0,,,India
7906,Rahul,Male,43.0,Unknown,,,2460.355,3.0,,,USA
7907,Neha,Female,31.0,Ahmedabad,2020-11-20,2023-01-03,769.83,2.0,,9736800143,UK
7908,Ankit,Unknown,43.0,Mumbai,2025-11-24,,2460.355,3.0,,,Australia
7909,Priya,Female,41.0,Ahmedabad,,2021-02-14,2460.355,3.0,,9757319234,Unknown
7910,Ravi,Female,43.0,Pune,2024-10-25,,2460.355,3.0,user7909@mail.com,9846432090,India
C7911,Ravi,Male,43.0,Chennai,2023-01-03,,2460.355,3.0,user7910@mail.com,,Unknown
,Neha,Female,34.0,Pune,2020-11-07,,2460.355,3.0,,9388876544,Unknown
7913,Amit,Unknown,43.0,Pune,,2020-09-16,2460.355,3.0,,,USA
C7914,Kiran,Male,40.0,Pune,,,4106.42,2.0,,,UK
7915,Amit,Unknown,43.0,Delhi,2021-08-28,,2460.355,5.0,,,Canada
C7916,Pooja,Male,43.0,Delhi,2021-04-06,,2460.355,5.0,,,USA
C7917,Sneha,Male,43.0,Pune,2020-10-05,2020-11-10,2460.355,5.0,,,Unknown
,Kiran,Male,43.0,Unknown,2023-02-15,,2460.355,3.0,,,UK
7919,Amit,Female,43.0,Mumbai,,,2460.355,3.0,,,Unknown
C7920,Ravi,Female,43.0,Mumbai,2025-11-03,,2781.26,3.0,user7919@mail.com,,Australia
C7921,Kiran,Female,43.0,Delhi,,,4600.13,3.0,,,Australia
C7922,Kiran,Male,43.0,Bangalore,2024-08-27,,2460.355,3.0,user7921@mail.com,,Unknown
,Unknown,Female,37.0,Hyderabad,,,2460.355,1.0,,,Canada
7924,Priya,Unknown,43.0,Delhi,,2023-08-21,2460.355,3.0,,,UK
7925,Unknown,Male,43.0,Hyderabad,2023-02-02,,2460.355,1.0,,,India
,Pooja,Male,59.0,Pune,,,2460.355,3.0,user7925@mail.com,9215289361,Canada
,Kiran,Male,43.0,Unknown,,,2893.25,3.0,,,Unknown
7928,Rahul,Male,51.0,Mumbai,,,2460.355,3.0,,9140907357,Unknown
C7929,Amit,Female,38.0,Ahmedabad,2022-11-29,2021-09-28,2460.355,3.0,,,UK
C7930,Ankit,Male,43.0,Mumbai,2020-12-20,,2460.355,3.0,,9717317475,Canada
7931,Pooja,Male,43.0,Hyderabad,2022-06-09,2021-06-19,2460.355,3.0,,9658583393,USA
7932,Ankit,Male,43.0,Mumbai,2024-05-20,,2460.355,4.0,user7931@mail.com,9507975143,Unknown
C7933,Ravi,Male,43.0,Unknown,,2025-03-19,2460.355,3.0,,9176935057,USA
C7934,Ankit,Male,43.0,Delhi,2020-11-08,,2460.355,3.0,,9908966217,Unknown
7935,Priya,Male,43.0,Mumbai,,2024-09-17,2460.355,3.0,,,UK
,Unknown,Female,43.0,Hyderabad,2025-10-23,2020-12-01,3913.96,1.0,user7935@mail.com,,Australia
7937,Pooja,Male,47.0,Unknown,2024-03-17,,2460.355,3.0,,9530592861,UK
C7938,Unknown,Female,43.0,Unknown,,,4834.39,2.0,user7937@mail.com,,Canada
7939,Ankit,Female,43.0,Kolkata,2023-10-21,,648.7,3.0,user7938@mail.com,,Australia
,Ankit,Male,43.0,Ahmedabad,2021-11-29,2025-10-09,2460.355,3.0,,,India
,Amit,Female,43.0,Chennai,2024-06-04,,2460.355,4.0,user7940@mail.com,9675590034,Unknown
C7942,Kiran,Unknown,43.0,Mumbai,,2020-12-23,2460.355,3.0,user7941@mail.com,,Unknown
C7943,Neha,Female,37.0,Unknown,,,2460.355,3.0,,,Unknown
7944,Amit,Female,43.0,Kolkata,,2024-12-02,2460.355,3.0,,,USA
7945,Pooja,Male,62.0,Pune,2024-06-05,,2460.355,3.0,,,India
7946,Sneha,Female,43.0,Mumbai,2021-01-10,,2460.355,3.0,user7945@mail.com,,Canada
7947,Sneha,Male,23.0,Ahmedabad,,,2460.355,3.0,,9537546725,USA
,Ravi,Male,43.0,Chennai,2023-07-25,,2460.355,3.0,,,Australia
,Unknown,Male,43.0,Hyderabad,,,2460.355,3.0,,,Unknown
,Ankit,Male,43.0,Kolkata,2025-01-31,,4439.14,3.0,,9177439863,UK
7951,Kiran,Unknown,43.0,Chennai,2024-08-13,,1609.58,3.0,,,UK
7952,Rahul,Female,43.0,Delhi,,2020-11-18,2460.355,3.0,user7951@mail.com,,India
7953,Pooja,Unknown,43.0,Pune,,,2460.355,3.0,,9656338420,UK
7954,Kiran,Female,43.0,Unknown,2025-10-08,,2460.355,3.0,,,USA
7955,Kiran,Male,49.0,Bangalore,,,2460.355,3.0,user7954@mail.com,,Australia
C7956,Ankit,Male,43.0,Pune,2022-06-17,2023-04-29,2460.355,2.0,,9697632244,Unknown
7957,Unknown,Male,29.0,Unknown,2021-02-19,,873.81,3.0,,,India
7958,Ravi,Female,43.0,Delhi,2025-10-01,,2460.355,3.0,user7957@mail.com,,India
7959,Ravi,Female,43.0,Ahmedabad,2022-11-04,2025-09-27,2460.355,3.0,,,USA
7960,Rahul,Male,43.0,Kolkata,,,2460.355,3.0,,,UK
7961,Ankit,Unknown,43.0,Ahmedabad,,2021-07-02,2460.355,3.0,user7960@mail.com,,Australia
C7962,Ankit,Male,43.0,Chennai,2023-07-22,,2460.355,3.0,user7961@mail.com,,Australia
7963,Unknown,Female,58.0,Ahmedabad,,2023-04-07,2460.355,3.0,,9580632100,Canada
7964,Neha,Female,58.0,Mumbai,2021-02-27,,2460.355,3.0,,9363642753,USA
,Ankit,Unknown,67.0,Delhi,,,2460.355,3.0,user7964@mail.com,,Canada
7966,Sneha,Female,31.0,Delhi,,,4939.34,3.0,,,Canada
7967,Unknown,Male,43.0,Chennai,,2025-09-29,1249.15,3.0,,,USA
7968,Simran,Male,43.0,Bangalore,,2025-07-27,2460.355,3.0,,,Canada
7969,Simran,Unknown,43.0,Ahmedabad,2025-07-15,,2460.355,5.0,,,Canada
C7970,Sneha,Female,43.0,Ahmedabad,,,2460.355,1.0,,,India
7971,Priya,Female,43.0,Kolkata,2025-09-20,,2460.355,3.0,user7970@mail.com,,USA
7972,Sneha,Male,43.0,Bangalore,,2021-02-17,2460.355,3.0,,,Unknown
,Ravi,Male,43.0,Chennai,2021-06-15,2024-12-29,2423.82,3.0,,,UK
7974,Priya,Unknown,43.0,Bangalore,2022-10-28,,2460.355,3.0,,,Canada
,Sneha,Male,43.0,Hyderabad,,,2460.355,3.0,,,UK
C7976,Unknown,Male,43.0,Bangalore,,,2460.355,3.0,,,India
7977,Pooja,Male,43.0,Chennai,,,2460.355,3.0,user7976@mail.com,,USA
,Sneha,Female,43.0,Chennai,2022-05-26,,2460.355,3.0,,,Canada
7979,Unknown,Male,43.0,Kolkata,2023-01-13,,2460.355,3.0,,,UK
7980,Neha,Female,43.0,Bangalore,,,1641.41,3.0,,,UK
C7981,Simran,Male,43.0,Pune,2025-12-16,2022-07-22,2460.355,2.0,,,Unknown
C7982,Ankit,Unknown,43.0,Unknown,,,2460.355,3.0,,,UK
7983,Ravi,Female,43.0,Pune,,,4833.35,3.0,,,Canada
7984,Ravi,Female,43.0,Bangalore,2024-05-09,,2460.355,3.0,,9570042879,Unknown
7985,Neha,Female,43.0,Bangalore,,2024-12-02,2460.355,4.0,user7984@mail.com,,India
7986,Kiran,Female,18.0,Kolkata,2021-06-03,,2460.355,3.0,,,Canada
C7987,Kiran,Male,43.0,Delhi,2024-11-16,,2460.355,3.0,,,Australia
7988,Unknown,Male,43.0,Chennai,2021-10-23,,2460.355,3.0,user7987@mail.com,,USA
C7989,Unknown,Female,43.0,Chennai,,,2460.355,3.0,,9803094533,UK
C7990,Unknown,Female,43.0,Hyderabad,,2025-05-14,2460.355,3.0,,,Australia
C7991,Priya,Female,43.0,Pune,2022-07-12,2023-09-17,2460.355,3.0,user7990@mail.com,,USA
7992,Neha,Male,43.0,Pune,2020-09-16,2023-12-06,2460.355,3.0,,,USA
7993,Neha,Unknown,43.0,Ahmedabad,2022-09-13,,2460.355,3.0,,9351892188,USA
7994,Ankit,Male,29.0,Unknown,2020-12-20,2021-01-18,4169.48,3.0,,9168739143,UK
7995,Kiran,Unknown,43.0,Bangalore,2021-02-26,2022-10-17,1270.38,1.0,,,Canada
,Kiran,Male,43.0,Mumbai,,2024-03-27,2615.54,3.0,user7995@mail.com,,India
7997,Sneha,Male,43.0,Hyderabad,2024-01-16,,2460.355,3.0,,,Australia
7998,Unknown,Male,43.0,Unknown,2021-07-11,2023-08-03,2460.355,3.0,user7997@mail.com,,USA
,Sneha,Male,64.0,Delhi,,,2460.355,4.0,,9130519195,India
8000,Sneha,Unknown,43.0,Unknown,,,2460.355,2.0,,9896431041,India
8001,Simran,Male,43.0,Delhi,2023-08-06,,2460.355,3.0,,,Australia
C8002,Pooja,Female,43.0,Mumbai,2024-12-25,,2460.355,3.0,,,India
8003,Unknown,Male,43.0,Bangalore,2021-05-01,,2460.355,3.0,user8002@mail.com,,UK
C8004,Unknown,Male,43.0,Chennai,2025-09-27,,2460.355,4.0,user8003@mail.com,,Canada
8005,Ravi,Female,43.0,Hyderabad,,,2460.355,3.0,user8004@mail.com,,USA
8006,Rahul,Male,29.0,Delhi,2020-10-21,2022-05-16,2460.355,1.0,,9269667448,USA
8007,Pooja,Unknown,43.0,Delhi,,,2460.355,3.0,,,UK
8008,Priya,Female,30.0,Unknown,2020-10-14,,2460.355,3.0,,9279624148,Canada
8009,Pooja,Female,33.0,Bangalore,,2023-07-10,2460.355,3.0,,,USA
,Amit,Male,34.0,Ahmedabad,,,2460.355,3.0,,9544252524,Unknown
8011,Ravi,Male,43.0,Hyderabad,2025-11-03,2022-03-11,4093.03,3.0,,,USA
,Unknown,Female,43.0,Delhi,2025-03-12,2020-08-08,2290.0,3.0,,9724215981,Canada
,Unknown,Male,43.0,Bangalore,,2023-05-01,2755.25,3.0,,,India
8014,Simran,Female,53.0,Delhi,,,2460.355,3.0,,9706996732,India
C8015,Ankit,Male,43.0,Bangalore,,2022-07-01,2460.355,3.0,,,USA
,Pooja,Female,28.0,Hyderabad,,,2460.355,3.0,,,Canada
8017,Sneha,Female,43.0,Unknown,,2023-03-09,2460.355,3.0,user8016@mail.com,,UK
8018,Unknown,Female,19.0,Pune,2021-11-09,,2460.355,3.0,user8017@mail.com,,USA
C8019,Unknown,Female,43.0,Ahmedabad,2025-07-15,,2460.355,3.0,,,Canada
8020,Pooja,Male,43.0,Hyderabad,,,2460.355,3.0,,,India
8021,Sneha,Female,43.0,Pune,,,2460.355,3.0,,9352152687,USA
C8022,Neha,Unknown,23.0,Pune,2024-10-20,,4086.69,3.0,,,UK
,Rahul,Unknown,64.0,Pune,,,3395.52,3.0,,9603735380,USA
C8024,Ravi,Female,43.0,Bangalore,,2023-11-01,2460.355,3.0,,,Canada
C8025,Simran,Unknown,65.0,Hyderabad,,2023-10-03,2460.355,3.0,,,USA
,Unknown,Male,43.0,Pune,2022-07-05,,2858.37,5.0,,,Canada
8027,Pooja,Female,43.0,Mumbai,,,2460.355,3.0,user8026@mail.com,9312005894,UK
8028,Ankit,Female,43.0,Bangalore,2022-07-11,2020-10-29,2460.355,3.0,,9903579152,Australia
,Neha,Female,43.0,Unknown,2023-04-15,,2460.355,3.0,user8028@mail.com,9742803345,Canada
8030,Amit,Female,43.0,Bangalore,,,2460.355,1.0,user8029@mail.com,,USA
8031,Unknown,Female,43.0,Chennai,2022-03-09,,2460.355,3.0,,9134589834,USA
,Priya,Female,43.0,Unknown,2025-11-03,,2460.355,3.0,user8031@mail.com,9805057279,Canada
,Priya,Female,43.0,Ahmedabad,2020-09-06,,2460.355,3.0,user8032@mail.com,,Unknown
C8034,Ravi,Female,43.0,Unknown,,,2460.355,2.0,,,USA
8035,Unknown,Male,43.0,Delhi,2026-01-14,,2460.355,3.0,,,Unknown
,Kiran,Male,44.0,Ahmedabad,,,4004.41,3.0,user8035@mail.com,9683333942,Canada
8037,Unknown,Male,43.0,Chennai,2024-07-19,2020-12-12,2460.355,3.0,,,India
8038,Rahul,Male,43.0,Chennai,2025-02-25,2025-08-14,1933.98,3.0,user8037@mail.com,,USA
8039,Pooja,Male,43.0,Chennai,2021-12-19,2025-03-19,2460.355,3.0,,,India
C8040,Neha,Unknown,43.0,Ahmedabad,,,2460.355,1.0,,9924406859,USA
,Priya,Male,43.0,Bangalore,2024-05-03,,4075.3,3.0,user8040@mail.com,9659265471,Canada
C8042,Unknown,Male,43.0,Mumbai,,,2460.355,3.0,,,India
8043,Unknown,Female,43.0,Kolkata,2023-10-28,2021-04-01,2460.355,3.0,,,Australia
8044,Amit,Female,43.0,Ahmedabad,,,3336.74,3.0,user8043@mail.com,,Unknown
8045,Ravi,Male,22.0,Chennai,2022-11-02,2021-03-19,2460.355,3.0,user8044@mail.com,9287246796,India
C8046,Ravi,Male,43.0,Delhi,,,4563.13,2.0,,,Unknown
C8047,Neha,Female,43.0,Bangalore,,,2460.355,3.0,,9656949966,Unknown
8048,Rahul,Female,28.0,Bangalore,2022-05-06,2024-09-06,2460.355,1.0,,9611877461,Australia
,Unknown,Male,44.0,Bangalore,,2021-05-28,2460.355,3.0,user8048@mail.com,,Canada
,Unknown,Male,68.0,Unknown,,,2460.355,3.0,,,UK
8051,Pooja,Male,43.0,Ahmedabad,,2023-08-28,829.38,3.0,,,Australia
C8052,Rahul,Female,43.0,Hyderabad,2025-12-06,2021-07-03,699.81,3.0,user8051@mail.com,,India
C8053,Unknown,Female,48.0,Pune,2022-05-28,2021-02-24,2460.355,3.0,,,UK
8054,Priya,Female,36.0,Bangalore,2023-05-09,2025-09-17,2077.84,2.0,,,Australia
,Rahul,Female,57.0,Ahmedabad,2023-03-04,2025-05-05,2460.355,1.0,,,UK
8056,Rahul,Unknown,43.0,Kolkata,2023-12-15,,2460.355,3.0,,,Unknown
C8057,Unknown,Male,43.0,Kolkata,2022-07-12,,2460.355,5.0,user8056@mail.com,,Australia
8058,Rahul,Male,43.0,Kolkata,2024-08-04,,3500.3,3.0,,,UK
8059,Rahul,Male,43.0,Pune,,,103.82,1.0,,,Unknown
C8060,Ravi,Male,43.0,Unknown,2024-03-02,,2460.355,3.0,,9154609483,Unknown
,Priya,Male,43.0,Chennai,2022-11-25,2024-06-20,2460.355,3.0,,,Australia
8062,Priya,Unknown,32.0,Pune,2021-02-11,2020-12-22,2460.355,3.0,,,India
C8063,Simran,Unknown,43.0,Ahmedabad,,,2460.355,3.0,,,Australia
C8064,Ravi,Female,25.0,Chennai,2023-10-19,2023-12-16,4404.27,3.0,,,Unknown
,Unknown,Male,43.0,Hyderabad,,2025-01-06,2460.355,3.0,,,Canada
8066,Ravi,Female,43.0,Pune,2020-08-30,2020-11-10,2460.355,3.0,user8065@mail.com,,Unknown
8067,Kiran,Female,43.0,Mumbai,2021-08-23,2020-10-11,2460.355,3.0,,,India
C8068,Simran,Female,33.0,Kolkata,2024-07-10,2025-11-13,2460.355,3.0,,9913319299,Canada
8069,Unknown,Female,43.0,Kolkata,,,1907.79,3.0,,,Canada
8070,Priya,Male,43.0,Kolkata,,,2460.355,1.0,user8069@mail.com,,UK
8071,Unknown,Male,41.0,Pune,,,2460.355,3.0,,9165724292,Unknown
C8072,Kiran,Unknown,43.0,Bangalore,,,2460.355,3.0,user8071@mail.com,9669270624,Australia
8073,Pooja,Male,43.0,Kolkata,2021-03-07,2022-03-10,1297.88,3.0,user8072@mail.com,,Canada
8074,Rahul,Male,43.0,Bangalore,2020-08-07,2023-05-14,3372.72,2.0,,,Unknown
8075,Simran,Male,43.0,Mumbai,,2023-11-16,2460.355,3.0,user8074@mail.com,9210799971,Unknown
8076,Ravi,Female,43.0,Bangalore,,2022-12-23,2460.355,3.0,,9234994972,UK
C8077,Ankit,Female,43.0,Kolkata,2023-11-18,,4562.8,3.0,,,Canada
8078,Priya,Male,43.0,Hyderabad,,,2460.355,3.0,user8077@mail.com,,Australia
,Priya,Male,43.0,Kolkata,,2024-10-25,320.66,2.0,user8078@mail.com,,Unknown
8080,Amit,Unknown,43.0,Unknown,2020-08-30,,2460.355,3.0,user8079@mail.com,9327879947,Unknown
8081,Neha,Unknown,63.0,Unknown,2021-12-21,2025-02-08,1318.68,3.0,user8080@mail.com,,UK
8082,Neha,Male,45.0,Chennai,,,2460.355,3.0,user8081@mail.com,,Unknown
8083,Priya,Male,43.0,Kolkata,2024-07-31,2023-01-31,505.72,3.0,user8082@mail.com,,Australia
C8084,Sneha,Unknown,43.0,Bangalore,,,634.44,2.0,user8083@mail.com,9180240559,Unknown
C8085,Kiran,Female,43.0,Chennai,2024-06-22,,712.52,3.0,,,UK
C8086,Pooja,Male,43.0,Delhi,,2023-07-18,2460.355,2.0,,,Unknown
C8087,Unknown,Male,43.0,Mumbai,2021-01-16,,2460.355,2.0,,,USA
8088,Simran,Male,38.0,Hyderabad,,,1160.3,2.0,,,Unknown
8089,Amit,Unknown,43.0,Delhi,,2020-11-23,2460.355,3.0,,,Canada
8090,Rahul,Female,43.0,Bangalore,,,2424.16,3.0,user8089@mail.com,,Unknown
,Ravi,Female,43.0,Kolkata,,2021-05-12,298.39,3.0,,,India
C8092,Simran,Female,43.0,Pune,2023-04-07,,2460.355,4.0,,,USA
C8093,Unknown,Female,43.0,Hyderabad,,,2460.355,3.0,,,Canada
C8094,Sneha,Male,43.0,Chennai,2022-02-12,,2460.355,3.0,,,India
8095,Ravi,Male,43.0,Ahmedabad,2025-06-06,,2460.355,5.0,,,USA
C8096,Ankit,Female,43.0,Kolkata,2023-05-16,,2460.355,3.0,,9601101647,UK
,Kiran,Male,43.0,Pune,2024-01-11,2021-12-14,2460.355,3.0,,9858453635,Australia
C8098,Neha,Female,43.0,Chennai,,,2460.355,3.0,,,Unknown
C8099,Rahul,Male,43.0,Delhi,2024-10-24,,2460.355,3.0,,,India
C8100,Unknown,Male,61.0,Chennai,2022-08-22,,2460.355,3.0,user8099@mail.com,,Canada
8101,Kiran,Male,43.0,Ahmedabad,,,2460.355,3.0,user8100@mail.com,,Australia
C8102,Priya,Male,43.0,Hyderabad,,,2460.355,3.0,,,India
C8103,Pooja,Unknown,43.0,Mumbai,2020-08-13,,2460.355,3.0,,9793402974,India
C8104,Sneha,Female,43.0,Delhi,2021-02-19,,2460.355,3.0,,,UK
C8105,Unknown,Male,43.0,Kolkata,2024-07-18,,2460.355,5.0,,,Canada
8106,Ankit,Female,43.0,Chennai,,,2460.355,3.0,user8105@mail.com,,India
,Kiran,Male,22.0,Hyderabad,,2022-04-13,3873.35,3.0,,,Australia
,Ankit,Unknown,43.0,Unknown,2026-01-05,,2460.355,3.0,,9958611039,Canada
8109,Pooja,Female,45.0,Chennai,2020-10-24,2023-11-20,2460.355,3.0,,,UK
C8110,Ankit,Male,43.0,Bangalore,2022-12-08,2022-08-29,498.19,5.0,,9668720518,USA
8111,Rahul,Male,43.0,Delhi,,,2460.355,3.0,user8110@mail.com,,Australia
8112,Pooja,Unknown,64.0,Unknown,2020-11-06,,4260.02,3.0,user8111@mail.com,,India
,Pooja,Female,43.0,Unknown,,,2460.355,3.0,,9642674728,USA
,Sneha,Female,43.0,Kolkata,,,2460.355,3.0,user8113@mail.com,,Canada
C8115,Pooja,Female,43.0,Ahmedabad,,,2460.355,3.0,user8114@mail.com,,India
8116,Ankit,Unknown,43.0,Kolkata,2022-04-22,,2460.355,3.0,,,Canada
C8117,Simran,Male,43.0,Chennai,,,2460.355,3.0,,,Australia
8118,Sneha,Male,43.0,Bangalore,,,2460.355,3.0,,,Unknown
8119,Amit,Male,48.0,Chennai,2022-09-05,2021-10-20,2460.355,3.0,,,Australia
8120,Priya,Unknown,43.0,Ahmedabad,,,2460.355,3.0,,,Australia
,Kiran,Unknown,33.0,Kolkata,2022-11-28,,3280.74,3.0,,9274046555,Unknown
C8122,Kiran,Female,43.0,Unknown,2025-05-17,2021-12-31,2460.355,3.0,user8121@mail.com,9686227460,Australia
8123,Sneha,Female,68.0,Ahmedabad,2025-04-16,,2460.355,3.0,,,Australia
8124,Sneha,Male,53.0,Hyderabad,,2023-11-22,2829.72,2.0,,,UK
C8125,Priya,Male,43.0,Mumbai,,,4446.68,3.0,,,India
8126,Pooja,Male,43.0,Bangalore,,,2460.355,3.0,user8125@mail.com,,Canada
C8127,Simran,Female,37.0,Mumbai,,,2460.355,3.0,,,Australia
8128,Rahul,Male,46.0,Hyderabad,2023-06-18,2022-03-25,2460.355,3.0,,,India
8129,Unknown,Unknown,43.0,Mumbai,,,2460.355,3.0,,,Australia
C8130,Rahul,Male,43.0,Hyderabad,2021-10-27,2025-06-08,2460.355,3.0,,9231076740,Unknown
C8131,Simran,Female,43.0,Kolkata,2022-06-27,,4120.08,2.0,,9889413657,UK
8132,Unknown,Unknown,43.0,Hyderabad,,2025-03-17,2460.355,3.0,user8131@mail.com,,India
8133,Pooja,Female,43.0,Unknown,2021-12-25,,3982.84,5.0,user8132@mail.com,,UK
C8134,Priya,Male,43.0,Ahmedabad,,,1211.54,3.0,,,Unknown
C8135,Pooja,Male,43.0,Mumbai,2025-06-24,,4443.96,3.0,,,India
8136,Simran,Male,43.0,Chennai,,,4101.06,3.0,,9312937221,Canada
8137,Unknown,Female,41.0,Ahmedabad,,2022-01-06,2460.355,3.0,user8136@mail.com,9545813083,Unknown
8138,Ravi,Male,43.0,Hyderabad,2024-08-05,,2460.355,3.0,,,UK
8139,Kiran,Female,43.0,Mumbai,,,2460.355,3.0,,,USA
,Ankit,Male,43.0,Ahmedabad,2022-11-03,,2460.355,3.0,,,India
8141,Amit,Female,43.0,Mumbai,2021-09-17,2024-11-15,2460.355,3.0,,,India
,Priya,Unknown,18.0,Kolkata,2025-04-01,2025-05-27,2460.355,5.0,,,Canada
8143,Simran,Unknown,43.0,Mumbai,2022-05-17,2023-04-01,2460.355,3.0,,9557992344,India
,Ravi,Female,27.0,Hyderabad,2024-05-16,,2460.355,3.0,,,India
8145,Ankit,Male,25.0,Unknown,2022-03-28,,495.07,3.0,user8144@mail.com,,Canada
C8146,Unknown,Female,43.0,Hyderabad,,,4903.44,3.0,,,Australia
,Ankit,Male,43.0,Chennai,2023-06-13,2023-04-13,3596.01,4.0,user8146@mail.com,9718906434,Australia
8148,Pooja,Male,43.0,Ahmedabad,,,2460.355,3.0,user8147@mail.com,,Australia
,Unknown,Female,36.0,Bangalore,2021-05-29,,1106.78,3.0,,9996062967,India
C8150,Amit,Female,43.0,Pune,,2022-01-15,2460.355,3.0,,9626711231,India
C8151,Simran,Male,43.0,Pune,,,2460.355,3.0,user8150@mail.com,9548804229,Canada
C8152,Amit,Female,22.0,Mumbai,2021-06-13,,2460.355,3.0,user8151@mail.com,,Unknown
8153,Amit,Unknown,24.0,Pune,,2024-07-26,2460.355,3.0,,9636480108,UK
,Ankit,Male,43.0,Mumbai,,,2460.355,3.0,,,USA
C8155,Neha,Female,43.0,Bangalore,,,2460.355,3.0,,,Unknown
8156,Unknown,Female,67.0,Delhi,,2020-10-28,2460.355,3.0,user8155@mail.com,9139094416,Australia
8157,Sneha,Female,43.0,Kolkata,2020-10-19,,2460.355,3.0,user8156@mail.com,,Australia
8158,Sneha,Male,60.0,Bangalore,2023-12-07,,2269.65,3.0,user8157@mail.com,,UK
8159,Pooja,Female,43.0,Chennai,2024-03-09,2022-05-10,1172.92,3.0,,,UK
C8160,Simran,Female,43.0,Hyderabad,,,2460.355,1.0,,,Unknown
8161,Unknown,Male,40.0,Bangalore,2022-03-10,,2460.355,3.0,,9737294962,USA
8162,Kiran,Female,20.0,Pune,2023-07-17,2021-02-06,3335.45,3.0,user8161@mail.com,,India
8163,Simran,Female,43.0,Chennai,,2021-11-19,2460.355,3.0,,,UK
8164,Rahul,Female,43.0,Mumbai,2023-11-26,2024-12-28,2460.355,3.0,user8163@mail.com,,Australia
8165,Pooja,Female,46.0,Bangalore,,,2460.355,3.0,,9969688772,USA
C8166,Neha,Female,43.0,Mumbai,2024-12-14,,1021.06,3.0,user8165@mail.com,,India
,Unknown,Unknown,43.0,Pune,,2026-01-02,2460.355,3.0,,,USA
C8168,Unknown,Female,43.0,Chennai,2025-06-25,,2460.355,3.0,,,UK
8169,Ravi,Unknown,43.0,Bangalore,,,2460.355,3.0,,9231144389,UK
8170,Ravi,Female,56.0,Mumbai,,,4706.64,1.0,,,UK
,Unknown,Female,68.0,Kolkata,2023-12-19,2025-04-19,273.14,3.0,,,Canada
,Kiran,Unknown,26.0,Chennai,2025-08-26,,2460.355,3.0,user8171@mail.com,,Australia
8173,Simran,Unknown,43.0,Hyderabad,,2025-10-25,2460.355,3.0,,,USA
C8174,Ravi,Female,43.0,Mumbai,,2025-01-28,4824.26,1.0,,,India
C8175,Unknown,Female,57.0,Delhi,2021-01-14,,2460.355,3.0,,9823742260,USA
8176,Ravi,Male,27.0,Unknown,,2022-07-10,2965.67,3.0,,,Canada
C8177,Ankit,Unknown,44.0,Bangalore,,,2460.355,3.0,,,Australia
8178,Pooja,Male,43.0,Ahmedabad,2025-11-10,,2460.355,3.0,user8177@mail.com,9288566955,UK
8179,Ravi,Unknown,43.0,Chennai,2021-08-19,,2460.355,5.0,user8178@mail.com,,Unknown
,Amit,Female,43.0,Kolkata,2021-09-04,2022-04-21,2652.05,2.0,,,Unknown
8181,Sneha,Female,43.0,Pune,,,3679.65,2.0,,,Australia
8182,Neha,Male,64.0,Unknown,2021-05-22,2023-07-07,2460.355,3.0,,,UK
8183,Rahul,Male,43.0,Pune,2022-03-14,,2460.355,5.0,,,Canada
,Ravi,Female,25.0,Delhi,,,2460.355,3.0,,,USA
C8185,Priya,Unknown,43.0,Hyderabad,2025-02-08,,2460.355,4.0,,,Unknown
8186,Simran,Female,61.0,Ahmedabad,2022-08-16,,2460.355,4.0,,,Canada
8187,Neha,Unknown,43.0,Delhi,2021-01-08,,2460.355,3.0,user8186@mail.com,,India
C8188,Unknown,Female,43.0,Delhi,,,2460.355,3.0,,,India
C8189,Ankit,Female,43.0,Bangalore,2023-10-23,,2460.355,5.0,,,Unknown
C8190,Unknown,Male,43.0,Ahmedabad,2025-01-03,2022-01-20,2460.355,3.0,,,India
,Amit,Female,43.0,Bangalore,2023-06-15,,2460.355,3.0,,,India
8192,Amit,Male,43.0,Chennai,,2021-08-19,2460.355,3.0,,,India
8193,Kiran,Female,43.0,Chennai,2020-09-10,2021-04-24,2460.355,3.0,,9708372342,Australia
8194,Sneha,Unknown,43.0,Ahmedabad,,,2460.355,5.0,,,Canada
8195,Ravi,Female,22.0,Kolkata,,2021-07-29,2460.355,3.0,,,UK
C8196,Amit,Male,61.0,Mumbai,2023-10-26,,2460.355,4.0,,,USA
C8197,Pooja,Unknown,64.0,Unknown,,,2460.355,3.0,,,UK
C8198,Priya,Unknown,43.0,Chennai,,2022-03-09,4591.04,3.0,user8197@mail.com,9336891898,Canada
8199,Ravi,Female,43.0,Unknown,2022-06-15,,2460.355,5.0,,,USA
C8200,Simran,Male,43.0,Bangalore,,2024-09-01,3557.91,3.0,,,Australia
C8201,Simran,Male,43.0,Unknown,2025-11-08,2020-08-20,2460.355,3.0,,,Australia
C8202,Ankit,Female,43.0,Hyderabad,2025-12-08,,2460.355,3.0,,,Australia
,Unknown,Male,43.0,Unknown,2023-04-12,,4283.28,3.0,user8202@mail.com,,UK
C8204,Unknown,Male,43.0,Mumbai,,2022-05-26,2460.355,5.0,,,Unknown
,Ankit,Female,43.0,Ahmedabad,2021-04-13,2022-02-09,2460.355,3.0,,,UK
C8206,Rahul,Female,43.0,Chennai,,2021-11-26,2460.355,3.0,user8205@mail.com,9412698478,USA
8207,Amit,Female,43.0,Mumbai,2024-01-09,2022-05-26,2460.355,3.0,,,UK
C8208,Sneha,Female,43.0,Ahmedabad,,,2460.355,3.0,,9994055356,USA
,Unknown,Female,43.0,Mumbai,2022-07-12,,2460.355,1.0,,,Unknown
C8210,Rahul,Unknown,43.0,Hyderabad,,,2460.355,3.0,,,Canada
,Amit,Unknown,53.0,Mumbai,2025-05-26,,2460.355,5.0,,,Canada
C8212,Amit,Unknown,43.0,Mumbai,,,2777.94,3.0,user8211@mail.com,,Australia
C8213,Kiran,Male,43.0,Delhi,2023-07-23,2021-11-20,2460.355,1.0,,,Canada
8214,Unknown,Female,43.0,Hyderabad,2024-06-20,2022-09-01,3722.59,3.0,,,Canada
8215,Rahul,Unknown,43.0,Ahmedabad,2023-02-09,,2460.355,3.0,,9552748795,UK
8216,Pooja,Female,43.0,Unknown,,,1347.23,3.0,,,Canada
C8217,Simran,Unknown,48.0,Hyderabad,,2022-09-22,2460.355,3.0,,,Australia
C8218,Ravi,Male,43.0,Unknown,,,2460.355,3.0,,,UK
8219,Ravi,Male,43.0,Chennai,,2022-10-12,221.43,3.0,,,India
8220,Unknown,Female,43.0,Bangalore,,,1832.99,3.0,,,USA
8221,Sneha,Male,43.0,Unknown,,,2460.355,3.0,,,Canada
8222,Rahul,Unknown,43.0,Chennai,2023-09-10,2022-04-21,2460.355,3.0,user8221@mail.com,9337241023,Australia
,Kiran,Male,43.0,Hyderabad,2023-06-12,2024-09-16,2460.355,3.0,,,India
C8224,Unknown,Female,43.0,Ahmedabad,,,2460.355,2.0,,,Unknown
8225,Unknown,Female,43.0,Ahmedabad,,2021-05-08,2460.355,3.0,,,UK
8226,Kiran,Female,43.0,Bangalore,,,2460.355,3.0,,,Unknown
C8227,Sneha,Female,43.0,Bangalore,,,2460.355,3.0,,9219689255,Australia
,Neha,Male,43.0,Ahmedabad,,2023-01-06,2460.355,2.0,user8227@mail.com,,UK
8229,Amit,Female,43.0,Chennai,2026-01-02,2021-02-02,4532.88,2.0,,,Canada
C8230,Sneha,Male,43.0,Hyderabad,,,2460.355,3.0,,9109019653,Unknown
8231,Amit,Female,44.0,Unknown,2022-08-09,2024-07-18,2460.355,3.0,user8230@mail.com,9151412628,Unknown
,Sneha,Male,43.0,Mumbai,2025-01-07,,2460.355,3.0,user8231@mail.com,,India
C8233,Pooja,Male,43.0,Bangalore,,,2460.355,3.0,,,Unknown
8234,Unknown,Unknown,58.0,Pune,2025-02-08,2023-07-30,2460.06,3.0,,,UK
,Kiran,Male,43.0,Kolkata,,,2460.355,1.0,,,USA
C8236,Rahul,Female,35.0,Mumbai,2022-04-01,,2460.355,3.0,,9133421074,India
8237,Neha,Female,43.0,Bangalore,2024-05-22,,394.94,1.0,,9845865950,Unknown
8238,Rahul,Male,37.0,Delhi,,,100.82,3.0,,9181250168,UK
C8239,Rahul,Male,43.0,Ahmedabad,2021-08-28,,2460.355,3.0,,9367050338,Australia
8240,Kiran,Female,43.0,Delhi,2024-10-19,2022-07-25,2533.1,3.0,user8239@mail.com,9700773912,Canada
,Unknown,Male,43.0,Bangalore,2021-11-07,2023-07-26,2460.355,5.0,,,UK
8242,Unknown,Male,43.0,Delhi,2025-04-09,2022-04-09,3059.15,3.0,user8241@mail.com,,Australia
8243,Simran,Male,56.0,Kolkata,,,2460.355,3.0,user8242@mail.com,,UK
,Amit,Female,43.0,Mumbai,,,2460.355,3.0,user8243@mail.com,,USA
8245,Kiran,Female,46.0,Bangalore,,,1366.49,3.0,user8244@mail.com,,Australia
8246,Sneha,Unknown,43.0,Unknown,,2024-06-26,2460.355,3.0,,9443901090,Unknown
8247,Pooja,Unknown,43.0,Bangalore,,,2460.355,3.0,,,Unknown
,Amit,Unknown,43.0,Unknown,,,4693.79,2.0,,,Unknown
,Unknown,Unknown,43.0,Bangalore,,,642.43,3.0,,,Canada
8250,Neha,Male,43.0,Pune,,,2514.73,3.0,,,USA
C8251,Ankit,Female,43.0,Kolkata,2021-04-06,,4108.88,1.0,,,UK
8252,Pooja,Male,43.0,Pune,2024-05-04,,2460.355,3.0,,,USA
8253,Ankit,Unknown,43.0,Chennai,2020-08-22,2024-05-17,2460.355,3.0,user8252@mail.com,,India
8254,Simran,Unknown,43.0,Mumbai,2023-04-28,,2460.355,5.0,user8253@mail.com,,Unknown
8255,Simran,Male,43.0,Mumbai,2023-09-12,,511.9,3.0,,9249627015,UK
,Amit,Male,43.0,Unknown,2023-02-16,2023-12-12,3170.53,3.0,,9907832135,USA
C8257,Amit,Male,43.0,Mumbai,2025-10-16,,2460.355,3.0,,,Canada
8258,Unknown,Female,43.0,Kolkata,2023-12-08,2020-09-06,2460.355,5.0,,,UK
8259,Rahul,Unknown,30.0,Unknown,,,2460.355,3.0,,,UK
8260,Neha,Unknown,43.0,Mumbai,,,2460.355,3.0,,,Unknown
8261,Neha,Male,27.0,Ahmedabad,,2024-08-31,2460.355,3.0,,,Canada
8262,Ankit,Unknown,43.0,Ahmedabad,,,2460.355,3.0,,,Australia
8263,Neha,Unknown,40.0,Delhi,2024-02-25,2023-03-14,2460.355,3.0,,9248576902,Australia
8264,Simran,Female,43.0,Kolkata,,2024-03-20,2460.355,3.0,,,UK
,Ankit,Male,43.0,Delhi,,,2460.355,3.0,user8264@mail.com,,India
,Rahul,Unknown,62.0,Chennai,,,2460.355,3.0,,,Unknown
,Neha,Male,43.0,Chennai,,2024-08-27,2460.355,3.0,,,Australia
C8268,Ravi,Male,43.0,Bangalore,,,2460.355,3.0,user8267@mail.com,9177208916,USA
8269,Kiran,Male,43.0,Pune,,,1191.32,3.0,,,India
8270,Amit,Female,43.0,Chennai,2021-06-17,,4392.51,3.0,,,UK
C8271,Kiran,Unknown,64.0,Pune,,,2460.355,3.0,,,India
,Simran,Female,67.0,Chennai,,2020-08-21,139.1,3.0,,,UK
C8273,Sneha,Male,43.0,Mumbai,2022-05-25,2023-04-19,2460.355,5.0,,9723582478,UK
8274,Pooja,Female,51.0,Hyderabad,,2025-05-01,2460.355,3.0,,,India
8275,Ravi,Male,43.0,Chennai,2024-05-30,,4474.86,3.0,,,Australia
8276,Ankit,Female,43.0,Pune,2025-01-11,,2460.355,3.0,user8275@mail.com,,Unknown
8277,Ravi,Female,43.0,Chennai,2022-10-16,,2460.355,3.0,,9507883217,Unknown
8278,Pooja,Female,43.0,Kolkata,2021-07-18,,2460.355,3.0,,,USA
8279,Ravi,Female,43.0,Hyderabad,,2026-01-01,2460.355,3.0,,,Canada
8280,Simran,Female,43.0,Pune,2023-06-01,,193.58,2.0,,,Australia
C8281,Neha,Female,43.0,Chennai,2023-04-02,,2460.355,3.0,,,India
C8282,Kiran,Female,52.0,Chennai,2025-05-02,2023-02-06,2460.355,3.0,,,UK
C8283,Ankit,Female,43.0,Mumbai,,,2460.355,3.0,,,Canada
C8284,Sneha,Male,43.0,Delhi,,,2460.355,3.0,,9771539320,India
C8285,Simran,Female,43.0,Pune,,,2460.355,3.0,user8284@mail.com,9951234480,India
8286,Priya,Female,43.0,Pune,2023-12-04,2021-04-16,1966.02,2.0,,,Unknown
C8287,Amit,Female,43.0,Bangalore,,,2460.355,3.0,user8286@mail.com,,USA
C8288,Ravi,Male,43.0,Unknown,,,2460.355,3.0,,,India
,Pooja,Female,43.0,Pune,,,2460.355,2.0,,,India
8290,Ankit,Unknown,43.0,Mumbai,2023-03-10,2024-02-10,2460.355,3.0,,,India
C8291,Rahul,Female,43.0,Kolkata,2023-05-26,,2460.355,3.0,,,UK
,Kiran,Female,43.0,Ahmedabad,,2021-07-08,930.48,3.0,user8291@mail.com,,Australia
,Kiran,Female,43.0,Mumbai,2023-07-18,2022-05-27,2460.355,1.0,,,India
8294,Sneha,Female,60.0,Mumbai,,,2460.355,3.0,,,Australia
8295,Pooja,Male,43.0,Delhi,,2020-10-13,4070.71,5.0,user8294@mail.com,,USA
8296,Unknown,Male,25.0,Hyderabad,,2021-12-29,2460.355,4.0,,,Unknown
8297,Kiran,Female,43.0,Mumbai,,,2460.355,4.0,,9400658069,India
8298,Neha,Female,43.0,Hyderabad,2025-10-10,2020-12-13,2460.355,1.0,,,UK
8299,Ankit,Male,43.0,Unknown,2021-01-08,2020-11-09,2460.355,4.0,user8298@mail.com,,UK
8300,Unknown,Female,43.0,Mumbai,2021-10-22,2022-05-11,2069.65,4.0,user8299@mail.com,,Canada
,Pooja,Male,43.0,Delhi,,2025-04-25,2460.355,3.0,,,Unknown
,Unknown,Female,41.0,Hyderabad,,,2460.355,3.0,,,Canada
8303,Rahul,Female,43.0,Hyderabad,,,2460.355,3.0,,9967598230,India
8304,Unknown,Male,43.0,Kolkata,2022-01-18,2021-08-20,2460.355,4.0,,,USA
8305,Unknown,Male,20.0,Pune,2022-04-22,,2460.355,3.0,,,Australia
,Sneha,Female,43.0,Mumbai,,,2460.355,3.0,,,USA
8307,Ankit,Male,38.0,Mumbai,,,2956.61,2.0,,,India
8308,Rahul,Male,43.0,Delhi,,2020-08-18,2669.99,3.0,,,USA
8309,Ravi,Unknown,43.0,Ahmedabad,,,2460.355,3.0,,,Unknown
8310,Sneha,Female,43.0,Mumbai,,,2460.355,3.0,user8309@mail.com,9966054510,India
8311,Kiran,Female,34.0,Chennai,2021-05-20,2023-02-03,2460.355,3.0,user8310@mail.com,,Unknown
8312,Unknown,Male,43.0,Chennai,,2025-05-27,2460.355,3.0,user8311@mail.com,9711588588,UK
8313,Unknown,Male,41.0,Delhi,,2022-03-02,3238.61,3.0,user8312@mail.com,9129729342,India
,Kiran,Male,65.0,Bangalore,2025-11-21,,2460.355,3.0,user8313@mail.com,,Canada
,Unknown,Unknown,43.0,Pune,2025-02-13,2020-10-16,2460.355,3.0,,,Unknown
8316,Kiran,Unknown,43.0,Chennai,,,2460.355,3.0,,,USA
8317,Ankit,Male,43.0,Ahmedabad,2020-08-16,,2586.84,3.0,,9794044119,Unknown
8318,Unknown,Male,43.0,Delhi,,,2460.355,3.0,user8317@mail.com,,UK
8319,Ravi,Male,43.0,Kolkata,,,2460.355,4.0,,,Australia
C8320,Priya,Male,43.0,Delhi,,,2460.355,5.0,,9530802313,Unknown
,Unknown,Female,43.0,Chennai,2021-08-20,2025-01-26,2460.355,1.0,user8320@mail.com,9284529517,Unknown
8322,Neha,Female,43.0,Unknown,,,2460.355,3.0,,,India
8323,Neha,Male,43.0,Bangalore,,,2460.355,3.0,,,USA
8324,Amit,Male,43.0,Chennai,,,709.9,3.0,,,UK
8325,Priya,Male,43.0,Kolkata,2024-12-06,,2460.355,3.0,,9754364035,USA
C8326,Neha,Male,43.0,Unknown,,,2371.01,3.0,,9117225564,Australia
C8327,Rahul,Female,43.0,Chennai,2021-12-05,2024-01-07,2460.355,3.0,,,USA
8328,Sneha,Female,43.0,Bangalore,,,2460.355,3.0,user8327@mail.com,,UK
C8329,Amit,Female,43.0,Delhi,,,2460.355,5.0,,9630833207,India
C8330,Priya,Female,43.0,Chennai,2022-08-11,2024-08-07,2460.355,3.0,,,Australia
,Priya,Unknown,43.0,Bangalore,2025-07-08,2022-06-01,2460.355,1.0,,,Unknown
8332,Amit,Female,24.0,Kolkata,,,209.16,3.0,,,Australia
,Unknown,Female,43.0,Unknown,,2022-12-14,3066.12,3.0,,,UK
8334,Ankit,Female,43.0,Bangalore,,,2460.355,4.0,,,Australia
C8335,Neha,Male,43.0,Ahmedabad,,,4608.12,3.0,user8334@mail.com,,Canada
8336,Pooja,Female,69.0,Chennai,,,2460.355,3.0,,9962560287,UK
8337,Rahul,Female,43.0,Bangalore,,,2460.355,3.0,user8336@mail.com,,India
8338,Ankit,Female,43.0,Unknown,2021-01-30,,735.83,3.0,,9435534929,India
8339,Neha,Female,43.0,Delhi,2022-05-30,,2460.355,3.0,user8338@mail.com,,Australia
8340,Kiran,Male,43.0,Mumbai,2025-10-01,,2460.355,3.0,user8339@mail.com,9144630406,USA
C8341,Priya,Male,43.0,Ahmedabad,,2025-10-20,2460.355,3.0,,9965851179,Australia
,Sneha,Male,43.0,Hyderabad,2025-07-22,,3015.68,3.0,,9697108895,Unknown
,Unknown,Male,37.0,Bangalore,,,2460.355,2.0,,,Australia
,Ravi,Male,43.0,Hyderabad,,,2460.355,3.0,,9534521032,Unknown
8345,Kiran,Female,58.0,Hyderabad,2022-04-24,,2460.355,3.0,,9830568622,Unknown
C8346,Pooja,Female,43.0,Unknown,,,1013.85,3.0,,9190381543,India
C8347,Priya,Unknown,33.0,Chennai,2022-12-07,,2045.09,3.0,,,Australia
8348,Ankit,Male,32.0,Ahmedabad,2022-03-18,,2460.355,3.0,,,UK
,Unknown,Male,43.0,Kolkata,2022-07-11,,3007.11,3.0,user8348@mail.com,,Canada
C8350,Ankit,Female,43.0,Kolkata,,2023-03-19,2460.355,2.0,,9778224366,Unknown
,Amit,Unknown,43.0,Chennai,2021-01-15,2023-04-04,2460.355,3.0,,9709746866,India
8352,Rahul,Female,43.0,Ahmedabad,2024-03-09,,2460.355,3.0,,,UK
8353,Unknown,Male,43.0,Delhi,2023-12-24,,80.71,3.0,user8352@mail.com,,India
8354,Priya,Male,43.0,Unknown,,2024-10-16,2460.355,3.0,,9227136146,Canada
C8355,Unknown,Male,43.0,Kolkata,,,2460.355,3.0,,,India
,Unknown,Female,43.0,Ahmedabad,2024-04-19,,2460.355,3.0,user8355@mail.com,,Unknown
8357,Sneha,Male,43.0,Delhi,,2023-07-13,2460.355,3.0,,,USA
8358,Ankit,Female,43.0,Unknown,2022-05-03,,2460.355,3.0,,9622977433,Australia
8359,Ravi,Male,43.0,Pune,,2023-12-29,2460.355,3.0,,,Canada
8360,Ankit,Male,43.0,Pune,2025-12-01,,2460.355,3.0,,9799654848,India
8361,Rahul,Female,43.0,Kolkata,,2025-02-18,2460.355,3.0,,,India
8362,Unknown,Unknown,40.0,Hyderabad,2022-04-16,2024-08-02,2460.355,3.0,,,India
8363,Sneha,Unknown,20.0,Delhi,,2023-05-13,2460.355,1.0,user8362@mail.com,,UK
8364,Ankit,Unknown,43.0,Pune,2025-03-29,2021-06-06,2460.355,3.0,,,Canada
,Neha,Female,64.0,Bangalore,,,2460.355,3.0,user8364@mail.com,,India
8366,Unknown,Male,43.0,Delhi,,,1454.83,3.0,user8365@mail.com,,Canada
8367,Rahul,Female,43.0,Pune,2025-09-06,2024-06-20,2460.355,1.0,,,UK
8368,Sneha,Female,43.0,Unknown,2025-05-09,,2460.355,3.0,user8367@mail.com,,Canada
8369,Rahul,Male,43.0,Kolkata,,2024-05-23,2460.355,5.0,user8368@mail.com,,UK
,Amit,Unknown,43.0,Unknown,2023-03-14,,2460.355,3.0,,,UK
C8371,Sneha,Male,43.0,Bangalore,2022-05-17,,4951.8,3.0,,9824114521,Unknown
C8372,Amit,Male,43.0,Ahmedabad,,2023-08-20,2460.355,3.0,,,UK
8373,Ankit,Female,59.0,Kolkata,,,2460.355,3.0,,9225479020,Australia
8374,Rahul,Female,43.0,Chennai,2024-10-26,,2460.355,5.0,,9856322913,India
C8375,Rahul,Female,60.0,Chennai,,,2460.355,3.0,user8374@mail.com,,Canada
,Ravi,Male,49.0,Ahmedabad,,,968.43,3.0,,,Canada
8377,Rahul,Female,43.0,Bangalore,2021-10-18,,2460.355,3.0,user8376@mail.com,,Canada
8378,Rahul,Unknown,41.0,Delhi,2023-07-01,,2460.355,3.0,,,Unknown
8379,Simran,Male,43.0,Chennai,2023-09-22,2025-03-07,2460.355,2.0,,,USA
,Ankit,Female,43.0,Pune,,,1896.5,3.0,user8379@mail.com,,Australia
8381,Rahul,Male,43.0,Unknown,,2020-08-13,532.99,3.0,,,Unknown
8382,Priya,Male,27.0,Chennai,2024-05-29,2021-03-28,2508.6,3.0,,,Canada
,Neha,Female,58.0,Hyderabad,,2020-08-11,2460.355,3.0,,,UK
C8384,Ankit,Male,43.0,Delhi,,,2460.355,1.0,,,Canada
,Neha,Female,43.0,Pune,,2024-05-30,2460.355,2.0,user8384@mail.com,9795294519,India
,Ankit,Unknown,54.0,Chennai,2023-06-27,,2460.355,3.0,,9969922527,India
,Pooja,Male,43.0,Bangalore,,,2460.355,3.0,user8386@mail.com,9134182541,Unknown
8388,Unknown,Female,43.0,Bangalore,2023-05-20,2024-06-26,2460.355,1.0,,,Australia
8389,Pooja,Unknown,70.0,Delhi,,,2460.355,3.0,,,USA
,Sneha,Unknown,43.0,Unknown,,,2460.355,3.0,,,Australia
8391,Ravi,Male,43.0,Mumbai,2025-10-21,2024-05-09,2460.355,3.0,user8390@mail.com,9532326798,UK
8392,Unknown,Unknown,43.0,Pune,2025-10-12,,2214.43,3.0,user8391@mail.com,,India
C8393,Ankit,Female,35.0,Unknown,2025-02-23,2025-09-06,2460.355,3.0,,9872562761,USA
8394,Simran,Female,43.0,Unknown,2024-08-18,,2460.355,3.0,,,USA
8395,Pooja,Male,43.0,Hyderabad,,2026-01-11,2460.355,3.0,,9323668733,India
8396,Unknown,Unknown,43.0,Hyderabad,2022-07-02,,2460.355,1.0,user8395@mail.com,,UK
,Unknown,Female,19.0,Bangalore,,,2460.355,2.0,user8396@mail.com,,India
C8398,Sneha,Male,43.0,Kolkata,,,2460.355,3.0,user8397@mail.com,,USA
,Sneha,Unknown,43.0,Mumbai,2025-04-19,,2460.355,3.0,user8398@mail.com,,Canada
8400,Ravi,Unknown,58.0,Unknown,,,2460.355,3.0,,,Canada
,Unknown,Male,58.0,Bangalore,,,2460.355,3.0,,,Australia
,Ravi,Male,43.0,Unknown,,,4511.74,3.0,,,Unknown
8403,Pooja,Unknown,43.0,Mumbai,2025-06-01,,478.58,3.0,,9630569545,Australia
8404,Amit,Male,43.0,Unknown,,,2460.355,3.0,,9172090285,Canada
C8405,Priya,Female,43.0,Chennai,2025-11-24,2023-09-09,2460.355,3.0,,9297150221,Canada
8406,Neha,Male,43.0,Mumbai,,,2460.355,3.0,,,India
,Unknown,Unknown,43.0,Pune,,,2460.355,3.0,user8406@mail.com,,India
,Pooja,Male,43.0,Mumbai,,,2460.355,5.0,,,Australia
,Neha,Female,23.0,Kolkata,,,2460.355,4.0,,9536482380,USA
C8410,Ankit,Female,43.0,Unknown,2025-07-22,,2460.355,3.0,,,Australia
8411,Neha,Unknown,20.0,Ahmedabad,2024-11-13,,2460.355,3.0,,9302845579,India
,Priya,Female,23.0,Chennai,,,2460.355,3.0,user8411@mail.com,9938263065,Unknown
8413,Ravi,Male,43.0,Ahmedabad,2021-03-16,,2460.355,3.0,,,USA
8414,Neha,Female,43.0,Pune,2022-04-14,2020-12-23,2460.355,3.0,,9552350254,Canada
8415,Ankit,Male,43.0,Kolkata,,,2460.355,3.0,,,UK
8416,Priya,Male,43.0,Mumbai,,,2460.355,3.0,,,Unknown
8417,Unknown,Male,43.0,Chennai,,2024-08-03,2460.355,3.0,,,Unknown
C8418,Ankit,Unknown,28.0,Kolkata,2024-03-03,2025-05-29,2460.355,1.0,user8417@mail.com,9712070081,USA
,Sneha,Male,43.0,Delhi,,,1536.71,3.0,,,India
8420,Rahul,Unknown,43.0,Ahmedabad,2021-12-16,,2460.355,3.0,,9922179651,India
8421,Rahul,Unknown,43.0,Pune,2021-04-05,2025-11-13,2460.355,3.0,,,Australia
8422,Pooja,Male,27.0,Unknown,2024-09-02,2020-08-25,2460.355,3.0,user8421@mail.com,,Unknown
,Ravi,Female,43.0,Delhi,2023-06-26,,2087.71,5.0,user8422@mail.com,9971276549,Canada
C8424,Pooja,Unknown,43.0,Hyderabad,,,3535.63,3.0,,,India
,Priya,Female,43.0,Hyderabad,2026-01-19,,2460.355,3.0,,,Unknown
C8426,Pooja,Unknown,44.0,Pune,2020-08-25,2020-11-24,2460.355,5.0,user8425@mail.com,9191478652,India
8427,Pooja,Unknown,43.0,Ahmedabad,,,2460.355,3.0,,,USA
8428,Unknown,Male,43.0,Ahmedabad,,,2460.355,3.0,,,Australia
8429,Ravi,Female,43.0,Pune,2022-01-17,2021-11-08,2460.355,3.0,user8428@mail.com,9677665264,USA
8430,Pooja,Male,36.0,Mumbai,,2025-05-04,2460.355,5.0,,,UK
8431,Ankit,Unknown,43.0,Ahmedabad,2022-09-13,2022-09-08,2460.355,2.0,,9955015967,USA
C8432,Ankit,Male,43.0,Pune,,,2460.355,3.0,,,Australia
8433,Neha,Female,43.0,Unknown,,,2460.355,3.0,,9712966105,Canada
8434,Priya,Male,43.0,Hyderabad,2021-01-21,2022-02-07,2769.07,4.0,,,Australia
,Ravi,Unknown,43.0,Delhi,2025-06-29,,2460.355,3.0,,9575607564,USA
8436,Kiran,Unknown,43.0,Delhi,2021-09-06,,2460.355,3.0,,,Unknown
8437,Kiran,Unknown,43.0,Unknown,,,2460.355,3.0,user8436@mail.com,9915112629,Unknown
8438,Ankit,Female,43.0,Hyderabad,2022-04-12,2025-09-28,2460.355,3.0,,,UK
8439,Amit,Unknown,24.0,Hyderabad,2022-01-25,,2460.355,3.0,user8438@mail.com,,Australia
8440,Unknown,Female,43.0,Mumbai,,,2460.355,1.0,,9747056848,USA
,Rahul,Male,43.0,Chennai,2023-07-07,,2460.355,3.0,user8440@mail.com,,Australia
8442,Kiran,Unknown,43.0,Bangalore,2024-09-01,,713.89,2.0,user8441@mail.com,,Australia
8443,Unknown,Female,43.0,Kolkata,2021-08-01,2020-12-20,4554.76,3.0,,,India
8444,Unknown,Male,43.0,Bangalore,2023-03-25,,2460.355,1.0,,9618726608,Unknown
,Simran,Female,43.0,Bangalore,,,2460.355,3.0,,,USA
8446,Unknown,Male,43.0,Kolkata,2023-05-18,2021-04-05,472.96,3.0,,,Unknown
8447,Rahul,Unknown,43.0,Bangalore,2024-12-24,,2460.355,3.0,,9255347092,Unknown
8448,Sneha,Female,43.0,Delhi,2022-04-03,,2460.355,3.0,,,India
C8449,Sneha,Male,43.0,Hyderabad,,2024-10-15,2460.355,5.0,user8448@mail.com,,Australia
,Ankit,Male,43.0,Unknown,,,2460.355,3.0,,9299157171,Australia
,Sneha,Female,58.0,Bangalore,2024-12-02,2023-03-23,2460.355,5.0,user8450@mail.com,,Unknown
,Ravi,Female,43.0,Chennai,,,2460.355,2.0,,9757955240,Unknown
8453,Sneha,Male,43.0,Kolkata,,,2460.355,3.0,user8452@mail.com,,India
,Ravi,Unknown,43.0,Pune,2021-10-30,2023-01-04,446.1,3.0,,,USA
8455,Simran,Female,43.0,Delhi,2020-10-21,2023-03-09,2460.355,3.0,user8454@mail.com,9175558898,Australia
C8456,Ravi,Unknown,43.0,Pune,2020-10-04,,2460.355,3.0,,,Unknown
C8457,Neha,Male,43.0,Chennai,,,2460.355,3.0,,,India
,Rahul,Female,43.0,Chennai,2021-04-09,,2460.355,3.0,user8457@mail.com,,Unknown
8459,Simran,Unknown,43.0,Mumbai,2024-12-19,2023-02-03,2460.355,3.0,,,India
8460,Neha,Unknown,41.0,Unknown,,,2460.355,3.0,,9457949706,UK
C8461,Unknown,Female,43.0,Kolkata,,2021-10-28,2460.355,2.0,user8460@mail.com,,Australia
8462,Pooja,Unknown,43.0,Chennai,2023-11-20,2023-06-23,2460.355,3.0,user8461@mail.com,9732951090,Australia
8463,Sneha,Male,43.0,Bangalore,2023-05-05,,2460.355,5.0,,,USA
8464,Amit,Female,43.0,Bangalore,2023-10-05,2020-09-21,2460.355,1.0,,9936726542,Canada
8465,Rahul,Male,43.0,Chennai,2020-08-10,,4931.44,3.0,user8464@mail.com,9120018169,Unknown
8466,Ravi,Male,43.0,Hyderabad,2023-04-11,2021-05-16,2460.355,3.0,,9427535657,Canada
8467,Ravi,Unknown,43.0,Unknown,,,2460.355,3.0,user8466@mail.com,,UK
8468,Neha,Male,43.0,Delhi,2023-06-29,,2460.355,3.0,,,USA
8469,Amit,Unknown,43.0,Chennai,,,2460.355,3.0,,,USA
C8470,Pooja,Unknown,43.0,Ahmedabad,,2025-02-10,472.1,3.0,,,Canada
C8471,Simran,Unknown,43.0,Delhi,,,2460.355,3.0,user8470@mail.com,,Canada
C8472,Ravi,Unknown,43.0,Ahmedabad,,2022-04-16,2460.355,3.0,user8471@mail.com,,USA
C8473,Kiran,Unknown,58.0,Chennai,2022-11-01,2022-05-07,4969.21,3.0,,9857966370,USA
8474,Ankit,Male,43.0,Bangalore,2025-05-03,,2460.355,1.0,,,Canada
C8475,Neha,Female,43.0,Pune,2021-08-21,,4526.59,3.0,,9354489824,UK
8476,Simran,Male,43.0,Chennai,,,2460.355,1.0,,,Unknown
C8477,Simran,Male,43.0,Bangalore,,,3494.25,3.0,user8476@mail.com,,USA
C8479,Unknown,Female,43.0,Ahmedabad,2025-08-11,2026-01-03,2460.355,3.0,,9318526872,India
8480,Sneha,Female,43.0,Unknown,,,2366.67,3.0,,,Unknown
,Simran,Male,68.0,Delhi,2020-12-09,2021-01-18,2460.355,3.0,,,USA
,Unknown,Female,43.0,Kolkata,2020-12-05,,2460.355,3.0,user8481@mail.com,,India
8483,Pooja,Unknown,43.0,Hyderabad,,,1120.69,3.0,user8482@mail.com,,USA
8484,Amit,Female,43.0,Pune,,,2460.355,3.0,user8483@mail.com,,India
8485,Unknown,Female,43.0,Mumbai,2020-12-14,,2460.355,3.0,user8484@mail.com,9489891876,Unknown
C8486,Neha,Male,47.0,Chennai,2021-11-09,,3193.84,3.0,,,UK
C8487,Pooja,Unknown,43.0,Chennai,,2023-11-12,2460.355,3.0,,,USA
8488,Sneha,Female,43.0,Bangalore,,,2460.355,3.0,,,Australia
C8489,Sneha,Male,43.0,Bangalore,2021-08-24,,2460.355,2.0,,,UK
C8490,Neha,Female,36.0,Ahmedabad,,2022-12-02,2460.355,3.0,,,Australia
8491,Amit,Male,56.0,Delhi,2021-07-27,,2460.355,3.0,,,USA
8492,Sneha,Unknown,56.0,Hyderabad,,2025-12-04,2460.355,3.0,,,Unknown
8493,Unknown,Female,22.0,Mumbai,,2022-10-24,2460.355,3.0,,,Australia
C8494,Priya,Female,43.0,Hyderabad,2024-05-05,,2460.355,3.0,,,Canada
C8495,Amit,Unknown,40.0,Kolkata,2022-02-02,,1971.75,3.0,user8494@mail.com,9201977846,Canada
,Sneha,Male,43.0,Hyderabad,,2024-10-07,2460.355,3.0,,,Canada
,Amit,Female,43.0,Kolkata,,,2460.355,3.0,,,Canada
,Simran,Female,42.0,Mumbai,,,2460.355,1.0,,9607128409,India
C8499,Simran,Male,46.0,Mumbai,,2022-11-21,2636.37,3.0,user8498@mail.com,,Australia
8500,Simran,Unknown,43.0,Mumbai,,2022-09-01,2460.355,3.0,,,USA
C8501,Unknown,Unknown,65.0,Delhi,2025-12-27,2022-11-22,2460.355,3.0,user8500@mail.com,,Australia
C8502,Priya,Male,43.0,Ahmedabad,,,2460.355,5.0,,9804320297,India
8503,Ankit,Female,43.0,Ahmedabad,2021-01-21,2025-09-09,2150.14,3.0,,,Canada
,Simran,Unknown,43.0,Hyderabad,2021-06-07,,3503.9,3.0,,,Australia
8505,Rahul,Female,38.0,Delhi,,,2460.355,3.0,,9789577701,USA
,Ravi,Male,67.0,Bangalore,,,1648.99,1.0,,,USA
8507,Ravi,Unknown,52.0,Bangalore,,,2460.355,1.0,,,India
8508,Rahul,Unknown,43.0,Mumbai,2023-09-18,,2460.355,3.0,,,Australia
,Amit,Male,53.0,Ahmedabad,,,2460.355,3.0,,9689243178,UK
C8510,Unknown,Female,43.0,Chennai,,2025-09-22,2460.355,3.0,user8509@mail.com,,UK
8511,Rahul,Male,43.0,Mumbai,2022-10-17,,2460.355,3.0,,,USA
8512,Kiran,Male,43.0,Ahmedabad,,2024-11-21,2492.94,2.0,user8511@mail.com,,Unknown
C8513,Ravi,Male,43.0,Mumbai,,2022-01-07,1696.05,3.0,,,Australia
8514,Sneha,Unknown,43.0,Delhi,2022-07-11,,2460.355,3.0,,,Unknown
8515,Pooja,Female,43.0,Kolkata,,,2460.355,3.0,,,UK
,Neha,Male,43.0,Pune,,,2460.355,3.0,,,Australia
8517,Kiran,Unknown,61.0,Kolkata,,,2460.355,3.0,user8516@mail.com,9525660073,Unknown
8518,Unknown,Male,43.0,Kolkata,2022-05-02,,504.75,5.0,,,Australia
8519,Neha,Unknown,43.0,Pune,2025-02-12,,3114.54,3.0,,,Canada
C8520,Ravi,Unknown,29.0,Delhi,,2023-07-27,1095.37,3.0,,,Australia
C8521,Rahul,Female,43.0,Chennai,,,2460.355,3.0,,,UK
C8522,Unknown,Female,43.0,Ahmedabad,,2025-03-01,4367.0,3.0,,,Canada
,Ankit,Male,43.0,Unknown,2023-10-27,2020-11-14,2460.355,3.0,,,USA
8524,Unknown,Female,43.0,Bangalore,,,4301.73,3.0,,,Canada
8525,Priya,Unknown,43.0,Bangalore,,,2460.355,3.0,user8524@mail.com,9381201051,Australia
C8526,Ankit,Male,43.0,Bangalore,2023-02-15,,3715.13,3.0,,9155822220,Canada
8527,Kiran,Female,27.0,Pune,,2023-05-08,2460.355,3.0,,,USA
8528,Simran,Female,43.0,Pune,2022-06-20,2025-06-19,2460.355,4.0,,,Unknown
,Rahul,Female,43.0,Ahmedabad,,2024-12-23,2460.355,3.0,,,Unknown
8530,Rahul,Female,43.0,Chennai,,,2460.355,3.0,user8529@mail.com,9805088026,India
8531,Sneha,Female,24.0,Ahmedabad,2022-10-26,,2338.45,1.0,,,Unknown
8532,Unknown,Male,18.0,Hyderabad,,,2460.355,3.0,user8531@mail.com,,Canada
8533,Amit,Female,43.0,Chennai,2025-04-05,2021-01-30,2460.355,5.0,user8532@mail.com,9910191690,USA
C8534,Ankit,Female,43.0,Hyderabad,,,2460.355,3.0,user8533@mail.com,,Canada
8535,Ravi,Male,43.0,Chennai,2025-12-28,2024-03-09,2460.355,3.0,,,Unknown
8536,Pooja,Male,43.0,Bangalore,2023-02-03,,2460.355,3.0,user8535@mail.com,,Australia
C8537,Unknown,Unknown,43.0,Hyderabad,,2023-09-12,2460.355,3.0,user8536@mail.com,9934163930,Australia
,Priya,Unknown,43.0,Chennai,2023-10-21,,4108.23,3.0,,,USA
8539,Unknown,Female,43.0,Hyderabad,,2020-12-12,2708.93,3.0,,,India
,Unknown,Female,54.0,Bangalore,2020-12-19,2022-06-08,412.92,3.0,,9482723823,UK
,Simran,Male,43.0,Delhi,2021-10-29,,2460.355,3.0,,,UK
C8542,Neha,Male,48.0,Bangalore,2024-12-23,,2460.355,3.0,,,Canada
8543,Pooja,Female,43.0,Bangalore,2023-07-23,,2460.355,1.0,,9693156239,India
8544,Simran,Female,41.0,Delhi,,,2460.355,3.0,,9531889458,UK
C8545,Unknown,Female,69.0,Chennai,2024-11-19,,2460.355,3.0,,,Canada
8546,Neha,Unknown,21.0,Mumbai,2025-08-15,,2460.355,3.0,user8545@mail.com,,USA
,Simran,Female,43.0,Mumbai,2024-08-27,2021-11-05,2460.355,3.0,user8546@mail.com,,India
,Neha,Female,43.0,Pune,2025-07-11,,2460.355,3.0,,,USA
,Neha,Female,43.0,Bangalore,,,3386.15,3.0,,,Australia
8550,Pooja,Female,43.0,Bangalore,,,2460.355,3.0,,,UK
C8551,Sneha,Female,43.0,Ahmedabad,2025-11-29,,2460.355,3.0,,,India
8552,Rahul,Unknown,43.0,Chennai,,2021-05-27,2460.355,3.0,user8551@mail.com,9980828575,UK
8553,Unknown,Female,43.0,Kolkata,2023-01-07,,2460.355,3.0,,,Canada
8554,Amit,Male,43.0,Kolkata,,,2460.355,3.0,,,UK
,Kiran,Unknown,36.0,Chennai,2020-08-09,2025-03-06,2460.355,3.0,,9871721501,USA
8556,Amit,Female,44.0,Chennai,,2025-10-19,2460.355,1.0,,9786104779,Canada
,Neha,Unknown,43.0,Kolkata,2023-08-27,2024-11-23,3922.4,3.0,,,USA
,Sneha,Female,43.0,Delhi,2022-07-26,2023-04-21,2460.355,3.0,user8557@mail.com,,Australia
8559,Unknown,Unknown,43.0,Ahmedabad,2024-07-20,,2460.355,3.0,,,USA
C8560,Priya,Female,43.0,Delhi,,2024-12-25,2460.355,3.0,user8559@mail.com,,Unknown
,Ankit,Female,43.0,Mumbai,2024-07-27,,2460.355,3.0,user8560@mail.com,,Canada
C8562,Simran,Female,43.0,Chennai,,,2778.93,3.0,user8561@mail.com,9584097923,Unknown
C8563,Unknown,Male,43.0,Pune,2025-04-07,,2460.355,3.0,user8562@mail.com,,Unknown
C8564,Amit,Male,43.0,Delhi,2024-06-12,2023-06-06,2460.355,3.0,,,Australia
8565,Amit,Unknown,43.0,Unknown,,,4800.2,3.0,,,Unknown
8566,Unknown,Female,43.0,Pune,,,2460.355,3.0,,,Unknown
8567,Sneha,Unknown,64.0,Chennai,,,2460.355,4.0,,,UK
8568,Simran,Female,43.0,Bangalore,,,2460.355,3.0,user8567@mail.com,,Australia
C8569,Neha,Male,43.0,Ahmedabad,,2025-09-17,2460.355,3.0,,9395218636,UK
8570,Unknown,Unknown,43.0,Delhi,2021-09-28,,2378.45,3.0,,,India
8571,Pooja,Female,47.0,Unknown,,2020-11-17,2460.355,3.0,,9586342290,Unknown
,Ankit,Female,43.0,Bangalore,2024-05-04,,2460.355,3.0,,9622941735,Australia
8573,Ankit,Male,43.0,Delhi,2023-09-27,,4762.42,3.0,user8572@mail.com,,UK
8574,Priya,Unknown,45.0,Chennai,,,2460.355,3.0,user8573@mail.com,,Australia
8575,Kiran,Unknown,43.0,Chennai,2024-10-17,,2460.355,3.0,,9181780315,Canada
8576,Simran,Female,43.0,Chennai,,,2460.355,3.0,,,Australia
8577,Neha,Female,35.0,Delhi,,,2460.355,2.0,user8576@mail.com,9496094942,USA
,Ravi,Male,43.0,Chennai,2023-02-24,,2460.355,3.0,,9397573691,USA
,Sneha,Female,43.0,Delhi,2023-11-17,2022-11-30,2460.355,3.0,user8578@mail.com,,Australia
,Priya,Female,51.0,Kolkata,,,2460.355,3.0,,,Unknown
,Unknown,Unknown,43.0,Mumbai,,,2460.355,3.0,,9345961292,UK
8582,Ravi,Female,43.0,Kolkata,2025-03-05,2025-04-12,2460.355,3.0,,,Unknown
,Simran,Unknown,43.0,Kolkata,,,2460.355,4.0,user8582@mail.com,,USA
C8584,Simran,Unknown,41.0,Unknown,,2022-01-30,2460.355,3.0,user8583@mail.com,,USA
,Simran,Male,43.0,Pune,,,2460.355,3.0,,,Unknown
,Priya,Male,43.0,Pune,,,2460.355,3.0,,,Australia
C8587,Ravi,Male,43.0,Bangalore,2024-12-03,2022-03-20,2460.355,3.0,,,Australia
8588,Ravi,Female,43.0,Ahmedabad,2024-07-05,,2460.355,3.0,,,Canada
8589,Neha,Male,43.0,Ahmedabad,2021-03-30,2020-10-29,2460.355,3.0,,,USA
8590,Simran,Male,43.0,Kolkata,2025-08-07,2023-11-02,2460.355,3.0,,9372258556,Canada
,Simran,Male,43.0,Hyderabad,2022-08-28,,2460.355,3.0,,9167578854,USA
8592,Amit,Male,28.0,Hyderabad,2025-01-07,,2460.355,3.0,,9160340940,Unknown
C8593,Pooja,Female,69.0,Delhi,,2024-09-13,2460.355,3.0,user8592@mail.com,,USA
C8594,Sneha,Unknown,28.0,Ahmedabad,2022-03-27,,2804.72,3.0,,,Canada
C8595,Unknown,Male,43.0,Unknown,,,2460.355,3.0,user8594@mail.com,,India
8596,Amit,Female,43.0,Delhi,2022-12-20,,2460.355,3.0,,,Unknown
8597,Pooja,Male,43.0,Delhi,2023-05-09,,4517.97,3.0,,,Australia
,Priya,Unknown,52.0,Mumbai,,,2460.355,3.0,,9396547383,Canada
,Ankit,Female,43.0,Pune,,,2460.355,3.0,,,UK
,Sneha,Female,43.0,Unknown,,,1045.64,3.0,user8599@mail.com,,UK
C8601,Sneha,Female,43.0,Unknown,,2022-09-06,2460.355,3.0,,9649769092,UK
C8602,Kiran,Female,43.0,Unknown,2025-09-08,,2460.355,3.0,,,India
C8603,Priya,Male,43.0,Bangalore,,,2460.355,3.0,,9550164209,Canada
C8604,Unknown,Unknown,25.0,Delhi,2023-06-06,2023-02-24,2460.355,3.0,,,USA
8605,Ankit,Male,24.0,Unknown,2021-05-23,,1940.98,3.0,,,Australia
,Neha,Unknown,43.0,Unknown,2025-06-29,2025-10-24,4032.71,3.0,user8605@mail.com,,Unknown
8607,Kiran,Female,29.0,Kolkata,,,4040.39,3.0,,,USA
,Amit,Unknown,43.0,Pune,,,2460.355,3.0,,9726820015,USA
C8609,Pooja,Male,45.0,Hyderabad,2024-11-27,,2460.355,3.0,user8608@mail.com,,USA
8610,Unknown,Female,43.0,Hyderabad,,,1810.64,3.0,,,USA
8611,Rahul,Female,43.0,Ahmedabad,,,2460.355,3.0,user8610@mail.com,,UK
8612,Neha,Unknown,29.0,Pune,2023-02-11,,2460.355,3.0,user8611@mail.com,,Canada
C8613,Unknown,Unknown,43.0,Mumbai,2025-12-09,,2460.355,3.0,user8612@mail.com,,Australia
8614,Simran,Male,43.0,Bangalore,,2023-03-15,442.53,3.0,,,India
8615,Sneha,Male,18.0,Hyderabad,2022-09-03,,2460.355,3.0,user8614@mail.com,9194045544,UK
8616,Kiran,Male,43.0,Hyderabad,2021-06-06,,2460.355,3.0,,,Canada
C8617,Unknown,Male,67.0,Hyderabad,,,2460.355,3.0,user8616@mail.com,,USA
8618,Sneha,Male,43.0,Delhi,2021-05-18,,518.97,3.0,,,Unknown
8619,Sneha,Female,43.0,Kolkata,2022-03-29,,961.98,1.0,,,USA
,Pooja,Male,43.0,Hyderabad,,2022-10-13,80.19,3.0,user8619@mail.com,,Australia
,Amit,Unknown,43.0,Delhi,,,4324.14,3.0,,,UK
8622,Priya,Male,43.0,Bangalore,,,2460.355,3.0,,,USA
C8623,Rahul,Unknown,43.0,Chennai,2025-03-20,2023-09-18,2460.355,3.0,,9778919496,USA
,Neha,Male,43.0,Mumbai,,,4851.08,3.0,,,UK
,Kiran,Male,68.0,Delhi,2021-12-02,2023-10-15,2460.355,3.0,,,Australia
8626,Neha,Unknown,43.0,Mumbai,2022-06-09,,3084.51,3.0,,,Unknown
,Pooja,Male,37.0,Ahmedabad,2021-03-30,,2460.355,3.0,,9130894016,Canada
C8628,Neha,Male,62.0,Pune,,,3453.14,3.0,,9911959461,India
8629,Ankit,Male,50.0,Delhi,2023-06-14,2021-04-13,2460.355,3.0,user8628@mail.com,9486267072,Unknown
8630,Ankit,Female,43.0,Ahmedabad,2025-01-04,2020-11-30,2460.355,3.0,,9985744416,USA
C8631,Ankit,Female,36.0,Kolkata,2023-06-17,,2460.355,3.0,,9152749935,Australia
,Kiran,Female,20.0,Ahmedabad,,,2460.355,3.0,user8631@mail.com,,Canada
,Ankit,Male,43.0,Pune,,,2460.355,3.0,,,India
8634,Simran,Female,43.0,Delhi,2021-05-02,2024-10-26,2460.355,3.0,user8633@mail.com,9438584169,UK
8635,Simran,Male,23.0,Pune,,,2460.355,3.0,,9327352415,India
C8636,Ravi,Male,20.0,Chennai,2022-08-23,,2460.355,3.0,,,Unknown
C8637,Kiran,Female,43.0,Chennai,2021-12-21,,2460.355,3.0,user8636@mail.com,,Canada
8638,Pooja,Female,43.0,Pune,,2022-12-27,2460.355,3.0,,,UK
C8639,Unknown,Unknown,31.0,Ahmedabad,,,3890.75,3.0,,,India
8640,Simran,Male,31.0,Unknown,2024-05-17,,2460.355,3.0,,,Unknown
8641,Kiran,Female,43.0,Kolkata,,,2460.355,3.0,,,Canada
,Unknown,Unknown,43.0,Hyderabad,,,2460.355,3.0,user8641@mail.com,9458752520,India
C8643,Simran,Unknown,43.0,Kolkata,,,2460.355,3.0,,,USA
8644,Kiran,Male,43.0,Hyderabad,2022-05-12,2021-07-02,2460.355,3.0,,,Australia
8645,Simran,Unknown,43.0,Mumbai,,,2460.355,3.0,,,Australia
8646,Kiran,Unknown,70.0,Pune,,,2460.355,3.0,user8645@mail.com,,Canada
8647,Ankit,Female,43.0,Delhi,,,2460.355,3.0,,9475707649,UK
8648,Pooja,Male,43.0,Mumbai,,2022-03-21,2460.355,3.0,,,Unknown
8649,Rahul,Unknown,32.0,Delhi,2021-04-27,,2460.355,3.0,,,UK
8650,Amit,Female,18.0,Pune,2022-11-18,,2460.355,1.0,,,Australia
8651,Ankit,Male,43.0,Hyderabad,2023-03-01,,2460.355,3.0,,,Australia
8652,Pooja,Unknown,43.0,Ahmedabad,,2023-05-14,2460.355,1.0,user8651@mail.com,,USA
8653,Simran,Male,43.0,Ahmedabad,,,2460.355,3.0,,,Unknown
8654,Kiran,Female,43.0,Kolkata,2024-07-27,,1821.79,3.0,,,Unknown
C8655,Simran,Male,28.0,Unknown,2022-04-17,2023-06-19,2460.355,3.0,,,Canada
C8656,Priya,Unknown,43.0,Chennai,2024-02-07,,1368.13,3.0,user8655@mail.com,,USA
,Unknown,Male,65.0,Unknown,2021-01-16,2023-02-17,2200.39,3.0,user8656@mail.com,,UK
,Ankit,Female,62.0,Delhi,,,2460.355,3.0,,,Canada
8659,Neha,Female,43.0,Mumbai,2025-04-07,,2460.355,2.0,,,Unknown
,Kiran,Unknown,43.0,Pune,2022-06-17,,1737.12,3.0,,,India
8661,Ankit,Male,43.0,Hyderabad,2021-06-28,2023-02-18,2460.355,3.0,,,India
C8662,Rahul,Unknown,43.0,Hyderabad,,,2460.355,3.0,user8661@mail.com,,UK
C8663,Ankit,Male,45.0,Mumbai,,2023-08-30,2460.355,5.0,,9680229667,Canada
,Unknown,Male,43.0,Bangalore,2024-08-10,,2460.355,3.0,,,Australia
8665,Ankit,Male,43.0,Chennai,2021-03-23,2023-05-14,2460.355,2.0,,,UK
,Simran,Unknown,43.0,Mumbai,2024-03-01,,2460.355,3.0,,,Unknown
C8667,Ravi,Unknown,37.0,Kolkata,,2025-10-02,2460.355,3.0,user8666@mail.com,,USA
C8668,Priya,Male,43.0,Bangalore,,,2460.355,3.0,,,Canada
C8669,Rahul,Male,39.0,Unknown,2024-11-16,,2460.355,3.0,,9324874035,India
,Pooja,Unknown,43.0,Hyderabad,,,2460.355,3.0,,,USA
,Unknown,Male,43.0,Pune,,,2460.355,2.0,,,Australia
,Ankit,Female,43.0,Ahmedabad,2025-05-27,,2460.355,1.0,,,UK
C8673,Ankit,Female,43.0,Kolkata,,,2460.355,3.0,,,Unknown
8674,Sneha,Female,43.0,Bangalore,2022-07-04,2020-09-10,2460.355,1.0,,,Canada
8675,Unknown,Female,54.0,Bangalore,,2023-08-23,2460.355,3.0,,,UK
,Simran,Female,57.0,Ahmedabad,,,1886.32,3.0,,,USA
,Ravi,Unknown,43.0,Hyderabad,2024-06-23,,2460.355,5.0,,,Unknown
C8678,Sneha,Female,43.0,Pune,,,2460.355,3.0,,,Canada
,Neha,Unknown,43.0,Mumbai,2021-08-06,2022-05-25,2460.355,3.0,user8678@mail.com,9989950386,India
8680,Kiran,Female,43.0,Delhi,,2021-06-20,2460.355,3.0,user8679@mail.com,,USA
,Kiran,Unknown,49.0,Ahmedabad,,,2460.355,2.0,,9561596108,UK
C8682,Neha,Female,43.0,Delhi,,,2460.355,3.0,user8681@mail.com,,Australia
8683,Pooja,Unknown,43.0,Ahmedabad,2021-05-23,,2460.355,3.0,,,Australia
8684,Kiran,Male,43.0,Hyderabad,,2022-10-08,2460.355,3.0,user8683@mail.com,9316521799,Canada
8685,Amit,Unknown,43.0,Kolkata,,2025-05-12,2376.48,3.0,,9510500320,UK
C8686,Amit,Male,66.0,Bangalore,2023-07-05,2026-01-12,2460.355,3.0,,,UK
,Sneha,Male,43.0,Ahmedabad,2021-05-27,,2460.355,3.0,user8686@mail.com,,UK
,Pooja,Unknown,43.0,Unknown,2020-08-11,,2460.355,3.0,user8687@mail.com,,Australia
8689,Ankit,Female,45.0,Chennai,,,1543.62,3.0,,,Australia
8690,Rahul,Female,43.0,Kolkata,,,2576.64,3.0,user8689@mail.com,9466426522,India
8691,Ankit,Female,43.0,Pune,,,4698.35,3.0,,,UK
,Rahul,Female,43.0,Ahmedabad,2024-04-17,2024-10-24,2460.355,3.0,,,Unknown
8693,Kiran,Female,43.0,Hyderabad,,,2051.06,3.0,,,Unknown
,Kiran,Female,43.0,Unknown,,,2460.355,2.0,,,Unknown
8695,Rahul,Unknown,43.0,Kolkata,2022-07-01,,2460.355,3.0,,,Unknown
8696,Pooja,Female,43.0,Mumbai,,,2460.355,3.0,user8695@mail.com,,Unknown
,Unknown,Female,43.0,Kolkata,2025-01-16,2022-07-05,3120.18,1.0,,,Australia
,Pooja,Male,43.0,Mumbai,,,2460.355,3.0,,9627757174,Unknown
,Unknown,Male,43.0,Delhi,2024-05-18,,2460.355,3.0,,,Unknown
8700,Simran,Unknown,43.0,Pune,2021-01-24,,2460.355,2.0,,,USA
,Ravi,Unknown,43.0,Ahmedabad,,,777.16,3.0,,,UK
8702,Rahul,Female,43.0,Chennai,,,2460.355,3.0,user8701@mail.com,9229925400,Australia
C8703,Neha,Unknown,43.0,Chennai,2025-04-11,2022-08-31,2460.355,5.0,,,USA
8704,Unknown,Female,43.0,Delhi,,,2460.355,3.0,,,Australia
8705,Rahul,Female,43.0,Ahmedabad,2025-03-06,,2460.355,1.0,,9183193318,Australia
8706,Kiran,Male,43.0,Kolkata,,,425.28,3.0,,9376633686,India
8707,Priya,Male,43.0,Bangalore,,,2460.355,3.0,,,India
C8708,Pooja,Male,43.0,Unknown,,2023-05-13,4341.45,3.0,,,India
8709,Unknown,Male,43.0,Unknown,,,3905.23,3.0,user8708@mail.com,,India
8710,Priya,Male,43.0,Ahmedabad,2022-10-01,,2460.355,3.0,,,Australia
8711,Ankit,Male,43.0,Unknown,2025-01-08,2024-10-17,2460.355,5.0,user8710@mail.com,,Australia
8712,Simran,Unknown,43.0,Pune,2023-09-27,,2460.355,3.0,,,Canada
8713,Priya,Male,43.0,Mumbai,,,4697.49,3.0,,9737138155,Australia
,Ravi,Male,43.0,Pune,,,2460.355,3.0,,,Unknown
C8715,Simran,Unknown,43.0,Unknown,2023-05-07,,2460.355,3.0,,9263051592,Unknown
8716,Rahul,Female,70.0,Hyderabad,,2021-10-11,2460.355,3.0,user8715@mail.com,,UK
8717,Neha,Female,66.0,Ahmedabad,,,911.3,3.0,,,Unknown
8718,Simran,Unknown,43.0,Hyderabad,2025-08-03,,2766.36,3.0,,9710518275,Australia
8719,Kiran,Female,43.0,Chennai,,,2460.355,3.0,,,India
,Amit,Female,43.0,Ahmedabad,,2023-02-12,4522.32,3.0,,,Unknown
,Ravi,Unknown,34.0,Kolkata,,,2460.355,3.0,,,India
,Unknown,Female,33.0,Bangalore,,2022-02-27,2460.355,3.0,,,UK
8723,Ankit,Male,22.0,Mumbai,,,2460.355,3.0,,,UK
C8724,Ankit,Female,43.0,Unknown,,,2460.355,3.0,,,USA
8725,Priya,Male,43.0,Kolkata,,,2460.355,3.0,,9518138079,India
8726,Kiran,Female,51.0,Pune,,2025-11-17,2460.355,3.0,,9580300565,India
8727,Sneha,Male,43.0,Bangalore,,,2460.355,3.0,,9674430843,Australia
,Unknown,Female,27.0,Mumbai,,,2460.355,3.0,,,India
,Pooja,Unknown,43.0,Hyderabad,,,3592.18,3.0,,,USA
8730,Unknown,Male,43.0,Pune,2023-03-13,2024-07-18,2460.355,3.0,user8729@mail.com,,Unknown
,Neha,Unknown,43.0,Hyderabad,2021-05-28,,2460.355,3.0,,,Australia
,Unknown,Unknown,43.0,Chennai,,,2738.49,1.0,,,USA
8733,Neha,Male,54.0,Delhi,,,118.93,3.0,,,USA
,Amit,Male,43.0,Bangalore,2022-08-24,2020-10-07,2460.355,3.0,,,India
8735,Rahul,Female,19.0,Ahmedabad,,2020-10-28,2460.355,3.0,,,Canada
,Sneha,Male,43.0,Delhi,2024-02-28,2022-12-17,3895.45,3.0,,9810195567,India
,Ravi,Female,43.0,Chennai,,2023-11-06,2460.355,3.0,,,India
C8738,Sneha,Male,43.0,Delhi,,,3923.23,3.0,,,Unknown
C8739,Unknown,Female,38.0,Hyderabad,,2020-12-02,2460.355,3.0,,,India
,Simran,Female,43.0,Hyderabad,2025-08-10,2022-04-08,2460.355,3.0,,,USA
C8741,Priya,Female,43.0,Chennai,2021-03-27,,2460.355,3.0,,,UK
8742,Priya,Female,43.0,Chennai,,,1063.97,3.0,,,Unknown
C8743,Amit,Female,59.0,Unknown,2023-12-14,,2460.355,3.0,,,USA
8744,Kiran,Male,29.0,Delhi,2021-12-08,,2460.355,3.0,,,Australia
8745,Priya,Male,43.0,Bangalore,,2020-09-21,2556.55,3.0,user8744@mail.com,,USA
,Ankit,Female,43.0,Pune,2025-04-26,2021-06-26,2460.355,3.0,user8745@mail.com,,Australia
,Simran,Unknown,20.0,Delhi,2024-11-21,,2460.355,3.0,,,Canada
,Pooja,Male,43.0,Ahmedabad,,2020-12-16,2460.355,3.0,,,USA
,Ankit,Female,43.0,Unknown,2021-11-01,2025-01-27,2460.355,3.0,,,Australia
8750,Sneha,Male,43.0,Mumbai,,,2460.355,2.0,,,Canada
8751,Ankit,Female,43.0,Ahmedabad,,,2460.355,3.0,,,Unknown
8752,Unknown,Female,43.0,Kolkata,2020-11-01,2024-03-23,573.27,3.0,,,Australia
,Amit,Female,43.0,Unknown,2023-05-29,2022-06-20,2460.355,3.0,,9932219149,UK
,Amit,Female,43.0,Hyderabad,,,2460.355,3.0,user8753@mail.com,,USA
C8755,Amit,Male,48.0,Chennai,,2023-09-08,2460.355,3.0,user8754@mail.com,,UK
,Ankit,Male,43.0,Kolkata,,,2460.355,3.0,user8755@mail.com,,UK
,Kiran,Female,43.0,Kolkata,,,2460.355,3.0,,,Canada
8758,Sneha,Female,43.0,Unknown,,,2460.355,3.0,,,USA
,Priya,Female,57.0,Delhi,2023-02-11,,2460.355,3.0,,9178919288,India
8760,Kiran,Male,56.0,Kolkata,2023-01-13,,2460.355,3.0,,,UK
C8761,Priya,Male,43.0,Chennai,,,2460.355,3.0,user8760@mail.com,,USA
8762,Priya,Unknown,43.0,Kolkata,,,668.35,3.0,user8761@mail.com,9891509892,Canada
C8763,Sneha,Female,43.0,Delhi,2023-09-09,2020-11-28,2460.355,1.0,,,Australia
8764,Unknown,Female,43.0,Unknown,,2024-03-28,2460.355,3.0,user8763@mail.com,9931836488,USA
C8765,Amit,Male,43.0,Pune,,2023-01-31,2460.355,3.0,user8764@mail.com,9930577247,USA
,Unknown,Male,43.0,Delhi,2024-04-11,,2460.355,4.0,user8765@mail.com,,India
C8767,Amit,Male,43.0,Pune,2023-11-26,,1622.42,3.0,,,Australia
,Ravi,Female,43.0,Delhi,,,3928.38,3.0,,,UK
,Rahul,Male,43.0,Delhi,,2022-04-19,2460.355,3.0,user8768@mail.com,,Australia
8770,Amit,Unknown,43.0,Chennai,2023-03-12,2021-03-26,2460.355,3.0,user8769@mail.com,,Canada
8771,Simran,Unknown,43.0,Mumbai,,,2460.355,5.0,user8770@mail.com,9875900295,Australia
8772,Priya,Unknown,43.0,Chennai,2023-11-01,,3834.16,3.0,,,Canada
8773,Ankit,Female,43.0,Pune,2023-04-23,2020-12-12,2460.355,3.0,,,Canada
8774,Ankit,Female,43.0,Chennai,,2022-01-27,2460.355,2.0,,,India
8775,Unknown,Female,43.0,Delhi,,,2460.355,3.0,,9469972290,Australia
8776,Ankit,Unknown,43.0,Bangalore,2024-08-11,,2460.355,3.0,,,Unknown
8777,Rahul,Unknown,38.0,Mumbai,,,2460.355,1.0,,9940867109,USA
,Simran,Female,43.0,Mumbai,,,2460.355,3.0,user8777@mail.com,,UK
C8779,Rahul,Unknown,43.0,Ahmedabad,2020-11-10,,2460.355,3.0,,9518542353,USA
C8780,Amit,Unknown,43.0,Mumbai,2024-06-23,,2460.355,1.0,user8779@mail.com,,India
C8781,Neha,Unknown,43.0,Pune,,,2460.355,3.0,,,Canada
C8782,Kiran,Female,47.0,Ahmedabad,2025-07-17,2021-03-04,2460.355,3.0,,9813380470,Australia
C8783,Neha,Male,43.0,Unknown,2024-04-02,2025-08-11,2460.355,3.0,,9272530302,UK
8784,Sneha,Male,43.0,Mumbai,,,2460.355,3.0,,9548862100,India
8785,Rahul,Female,43.0,Pune,2022-10-06,,2460.355,3.0,,,Unknown
C8786,Unknown,Female,59.0,Unknown,2025-08-13,,2424.92,2.0,,,UK
8787,Ankit,Female,43.0,Pune,2024-01-25,,2460.355,1.0,,,Australia
,Ravi,Male,43.0,Hyderabad,2021-12-12,,2460.355,3.0,user8787@mail.com,,India
8789,Priya,Male,43.0,Chennai,,2022-02-24,2460.355,3.0,,,Australia
8790,Kiran,Male,43.0,Hyderabad,,,4471.28,3.0,user8789@mail.com,,India
8791,Ankit,Female,43.0,Ahmedabad,,2023-12-28,2460.355,3.0,,,Australia
8792,Rahul,Unknown,67.0,Mumbai,,,2460.355,3.0,user8791@mail.com,,UK
C8793,Kiran,Male,43.0,Ahmedabad,,,2460.355,3.0,,9571795773,Unknown
8794,Pooja,Unknown,43.0,Chennai,2023-01-15,,2460.355,3.0,user8793@mail.com,,USA
8795,Priya,Female,43.0,Bangalore,2021-11-18,2022-03-28,2351.5,3.0,,,USA
8796,Ankit,Unknown,46.0,Ahmedabad,2023-09-13,,2460.355,3.0,,,Australia
,Ankit,Male,43.0,Unknown,2025-10-12,2026-01-06,2460.355,4.0,,9733392771,Unknown
C8798,Ravi,Male,43.0,Mumbai,,,484.18,3.0,,,Australia
8799,Rahul,Male,43.0,Kolkata,2023-01-05,,2895.3,3.0,,,UK
,Priya,Female,43.0,Mumbai,2024-06-09,2024-11-27,2460.355,3.0,,,UK
,Rahul,Male,43.0,Bangalore,,,2460.355,3.0,,9488999463,Australia
8802,Sneha,Unknown,43.0,Delhi,2025-04-11,2025-01-16,2460.355,3.0,user8801@mail.com,,India
,Sneha,Unknown,43.0,Kolkata,,,2460.355,3.0,user8802@mail.com,,UK
8804,Amit,Female,43.0,Bangalore,,2022-11-05,2460.355,3.0,,9337017430,Australia
8805,Rahul,Male,43.0,Kolkata,,2024-11-26,2460.355,3.0,user8804@mail.com,,Unknown
,Sneha,Male,43.0,Chennai,,,1493.3,3.0,,9362788345,USA
8807,Neha,Male,64.0,Hyderabad,,,4832.79,3.0,user8806@mail.com,,UK
8808,Neha,Male,43.0,Chennai,2024-02-20,2020-09-24,2460.355,2.0,user8807@mail.com,,UK
,Pooja,Male,43.0,Unknown,2021-07-13,2023-03-16,2460.355,3.0,user8808@mail.com,,Canada
,Unknown,Unknown,43.0,Kolkata,2024-12-13,,2460.355,3.0,,,USA
C8811,Sneha,Female,43.0,Bangalore,,2024-11-28,2460.355,3.0,user8810@mail.com,,Unknown
,Ankit,Female,43.0,Mumbai,,2021-08-09,2460.355,3.0,user8811@mail.com,,Australia
,Ravi,Female,59.0,Hyderabad,,,2460.355,3.0,,,UK
8814,Unknown,Male,43.0,Chennai,2025-02-07,2024-05-20,940.44,3.0,user8813@mail.com,,Australia
,Ravi,Male,59.0,Bangalore,,2021-10-16,2460.355,3.0,,9577846346,Canada
,Simran,Male,43.0,Mumbai,,2022-09-18,2460.355,1.0,,9194504059,India
8817,Ankit,Unknown,43.0,Hyderabad,,,2460.355,3.0,user8816@mail.com,,USA
8818,Ankit,Female,43.0,Ahmedabad,,,2460.355,3.0,user8817@mail.com,9615636650,UK
8819,Ravi,Male,43.0,Unknown,2023-10-15,,2460.355,3.0,,,USA
C8820,Simran,Female,43.0,Mumbai,,,2460.355,3.0,user8819@mail.com,,Canada
C8821,Amit,Male,43.0,Bangalore,,2022-10-29,2460.355,3.0,,,UK
,Rahul,Female,43.0,Kolkata,,2022-07-13,810.82,3.0,,,UK
,Sneha,Male,43.0,Pune,2022-03-02,2025-12-07,2460.355,3.0,user8822@mail.com,,India
8824,Ankit,Female,43.0,Kolkata,,2021-06-01,2460.355,5.0,,9346670271,USA
8825,Pooja,Unknown,43.0,Unknown,,,4745.6,3.0,,9675816091,Unknown
8826,Neha,Unknown,43.0,Hyderabad,2025-03-03,2020-12-28,2460.355,3.0,,,USA
8827,Ankit,Male,43.0,Hyderabad,2023-12-26,,2537.6,3.0,,,Australia
8828,Simran,Unknown,43.0,Mumbai,2025-06-04,,2460.355,3.0,,,Unknown
8829,Priya,Male,43.0,Ahmedabad,2024-01-09,,2460.355,3.0,,,Australia
,Rahul,Male,43.0,Delhi,2022-01-04,2021-10-16,1579.71,3.0,,,Australia
8831,Rahul,Unknown,43.0,Delhi,2022-03-16,,2460.355,3.0,user8830@mail.com,,Canada
8832,Priya,Unknown,33.0,Chennai,2025-04-03,,2460.355,3.0,,,India
8833,Ravi,Female,33.0,Unknown,,,2460.355,3.0,,,USA
C8834,Kiran,Male,51.0,Delhi,,,2460.355,3.0,,9744466069,India
8835,Unknown,Male,61.0,Delhi,,2025-08-31,2460.355,5.0,,,UK
8836,Ravi,Male,52.0,Chennai,,,1692.99,3.0,,,USA
C8837,Sneha,Male,25.0,Hyderabad,2021-10-26,,2460.355,3.0,,,Australia
,Sneha,Female,51.0,Chennai,,,2460.355,3.0,,9610537259,UK
,Simran,Unknown,43.0,Kolkata,,,2460.355,3.0,user8838@mail.com,,USA
,Priya,Male,43.0,Unknown,,,2460.355,3.0,,9660824545,India
,Ravi,Female,25.0,Mumbai,2023-01-08,2026-01-17,2460.355,3.0,,,UK
C8842,Kiran,Unknown,43.0,Hyderabad,2026-01-11,,2460.355,1.0,,,USA
,Kiran,Female,43.0,Kolkata,2021-09-17,,1924.65,3.0,,9849641052,India
,Rahul,Female,43.0,Pune,,2023-02-06,4295.31,2.0,,,USA
8845,Ravi,Female,43.0,Chennai,,2020-08-11,2460.355,3.0,user8844@mail.com,9950505917,Australia
C8846,Priya,Unknown,43.0,Kolkata,,2022-03-29,4898.86,3.0,user8845@mail.com,,Unknown
C8847,Sneha,Female,43.0,Chennai,2024-03-15,,2460.355,3.0,user8846@mail.com,,India
8848,Ravi,Female,43.0,Pune,,,2460.355,3.0,,9186148493,Unknown
8849,Ravi,Unknown,43.0,Delhi,,2023-01-02,3916.85,3.0,,,UK
C8850,Amit,Male,43.0,Mumbai,2023-01-30,2024-02-09,2460.355,4.0,user8849@mail.com,,Unknown
C8851,Ankit,Female,43.0,Mumbai,2024-09-20,,2460.355,3.0,user8850@mail.com,,USA
8852,Ravi,Unknown,43.0,Hyderabad,,,2460.355,3.0,,,Canada
,Unknown,Unknown,33.0,Bangalore,,,3049.58,3.0,,,UK
8854,Ankit,Female,43.0,Hyderabad,2025-12-11,,3830.13,5.0,user8853@mail.com,9358993567,Unknown
,Rahul,Female,43.0,Mumbai,2020-12-01,2024-05-24,2460.355,2.0,,,India
,Unknown,Male,43.0,Pune,2024-07-26,,1365.18,3.0,,,India
8857,Priya,Unknown,43.0,Delhi,2023-04-15,2024-12-13,2460.355,5.0,user8856@mail.com,,UK
8858,Unknown,Female,43.0,Hyderabad,2020-08-24,,2460.355,3.0,,,Canada
,Amit,Male,43.0,Hyderabad,2021-04-27,,2460.355,1.0,user8858@mail.com,9517260746,India
8860,Sneha,Male,43.0,Ahmedabad,,2021-07-21,2460.355,2.0,,9766634595,Canada
C8861,Ravi,Male,43.0,Ahmedabad,2025-02-13,,2460.355,3.0,,,Canada
,Kiran,Female,43.0,Kolkata,,,2460.355,4.0,user8861@mail.com,,UK
C8863,Amit,Unknown,43.0,Mumbai,2021-12-27,2024-12-08,4267.35,3.0,,,India
,Pooja,Female,45.0,Ahmedabad,2024-09-17,,950.02,3.0,user8863@mail.com,9956219176,Australia
8865,Neha,Female,43.0,Ahmedabad,2023-02-19,,2460.355,3.0,,9685380353,USA
,Pooja,Unknown,43.0,Delhi,,,4962.19,3.0,,,Canada
,Unknown,Unknown,43.0,Pune,,,4951.92,3.0,,,India
8868,Neha,Female,43.0,Hyderabad,2025-05-01,,2460.355,3.0,user8867@mail.com,,Unknown
8869,Rahul,Male,30.0,Bangalore,,,2460.355,3.0,,,Unknown
,Unknown,Male,43.0,Hyderabad,2023-03-20,,2460.355,4.0,,9505159223,India
8871,Simran,Female,22.0,Mumbai,,,2103.61,3.0,user8870@mail.com,,Unknown
C8872,Unknown,Unknown,43.0,Unknown,2021-04-14,2022-06-23,2460.355,3.0,user8871@mail.com,,USA
8873,Amit,Female,48.0,Kolkata,,,1888.12,3.0,,,India
8874,Neha,Male,40.0,Delhi,,,2460.355,3.0,,,USA
8875,Priya,Male,43.0,Pune,,,2460.355,3.0,user8874@mail.com,,India
8876,Pooja,Male,43.0,Delhi,2020-11-12,,2460.355,5.0,,,Australia
8877,Ravi,Male,33.0,Unknown,2024-05-22,,2460.355,3.0,,9337022264,Canada
8878,Pooja,Unknown,43.0,Mumbai,2020-11-17,,132.39,5.0,,,Canada
8879,Ankit,Female,43.0,Mumbai,,,1557.72,3.0,,,Unknown
8880,Kiran,Female,28.0,Mumbai,,2023-04-22,2460.355,3.0,,,UK
C8881,Rahul,Female,43.0,Kolkata,2025-01-27,,2460.355,3.0,,,UK
8882,Ravi,Unknown,43.0,Hyderabad,,2025-02-13,2460.355,3.0,,,Australia
8883,Simran,Unknown,61.0,Delhi,2023-09-30,,2460.355,3.0,,,Unknown
8884,Unknown,Female,43.0,Unknown,,,2460.355,3.0,,,Canada
C8885,Pooja,Male,43.0,Delhi,2023-10-16,,1536.6,2.0,user8884@mail.com,,UK
,Ravi,Female,43.0,Pune,2024-12-01,,2460.355,3.0,user8885@mail.com,9792989570,UK
C8887,Unknown,Female,43.0,Kolkata,2023-02-10,,2460.355,3.0,,,UK
8888,Unknown,Female,43.0,Hyderabad,,,2460.355,2.0,,9307715279,Canada
8889,Amit,Female,43.0,Delhi,2022-01-27,,2460.355,3.0,,,USA
C8890,Amit,Male,20.0,Delhi,,,2460.355,3.0,user8889@mail.com,,USA
8891,Ankit,Male,43.0,Hyderabad,,2022-07-04,2460.355,3.0,,,Australia
C8892,Unknown,Male,43.0,Pune,,2023-07-02,2460.355,2.0,user8891@mail.com,,UK
8893,Unknown,Female,43.0,Chennai,,,1221.32,3.0,,9467315498,USA
8894,Neha,Unknown,40.0,Chennai,2020-12-02,,2460.355,3.0,user8893@mail.com,,Unknown
8895,Pooja,Unknown,43.0,Bangalore,2025-07-30,,262.52,3.0,,,UK
8896,Neha,Female,43.0,Ahmedabad,2024-07-06,,2460.355,3.0,,,USA
,Rahul,Unknown,43.0,Bangalore,,2022-07-29,789.08,3.0,,,India
C8898,Neha,Male,22.0,Pune,,,2460.355,3.0,user8897@mail.com,,UK
C8899,Ravi,Female,43.0,Mumbai,,,1142.05,3.0,user8898@mail.com,9894936269,UK
8900,Priya,Male,43.0,Mumbai,,,2460.355,3.0,,9550006817,Canada
C8901,Unknown,Female,43.0,Pune,2020-12-20,2021-10-10,3554.79,3.0,user8900@mail.com,,UK
8902,Neha,Male,43.0,Kolkata,2023-06-05,,2875.64,3.0,,,Australia
8903,Ravi,Male,43.0,Hyderabad,2021-09-09,,2460.355,3.0,,,UK
,Simran,Unknown,43.0,Ahmedabad,2020-12-02,,2460.355,1.0,,,Unknown
8905,Ankit,Female,43.0,Pune,2024-12-28,,2460.355,3.0,,,UK
8906,Rahul,Female,43.0,Pune,2023-09-16,,2460.355,3.0,,,India
8907,Amit,Female,43.0,Kolkata,2024-05-14,,2460.355,3.0,,,Unknown
,Sneha,Male,43.0,Mumbai,2025-02-05,2022-09-23,2460.355,3.0,,,India
,Ravi,Male,18.0,Bangalore,2023-10-13,2024-08-22,2460.355,3.0,,,Australia
C8910,Simran,Female,43.0,Mumbai,,,2460.355,3.0,user8909@mail.com,,India
C8911,Pooja,Female,43.0,Ahmedabad,2023-05-26,,2460.355,2.0,user8910@mail.com,9387562410,UK
C8912,Rahul,Female,44.0,Ahmedabad,2022-05-18,,2460.355,3.0,user8911@mail.com,,India
8913,Ravi,Male,27.0,Hyderabad,2023-01-20,,2460.355,3.0,user8912@mail.com,,Unknown
8914,Priya,Female,43.0,Mumbai,,,2460.355,3.0,user8913@mail.com,,India
C8915,Priya,Unknown,43.0,Pune,2024-06-01,2020-12-13,3268.8,2.0,user8914@mail.com,,UK
8916,Sneha,Male,43.0,Hyderabad,,,2460.355,3.0,,,Australia
C8917,Simran,Female,43.0,Hyderabad,,,2460.355,3.0,user8916@mail.com,9700835947,India
,Rahul,Female,46.0,Delhi,,2024-04-13,4599.33,3.0,,9185992669,UK
,Unknown,Female,43.0,Kolkata,,,4448.01,3.0,,,Unknown
8920,Priya,Unknown,43.0,Ahmedabad,2022-10-15,,2460.355,3.0,,,Australia
C8921,Unknown,Female,43.0,Chennai,,,4702.57,3.0,,,USA
8922,Rahul,Unknown,47.0,Mumbai,2024-03-12,2022-05-11,2655.76,5.0,user8921@mail.com,,USA
8923,Rahul,Female,69.0,Hyderabad,2021-08-28,2023-06-02,2460.355,3.0,user8922@mail.com,9913228836,USA
C8924,Pooja,Female,43.0,Ahmedabad,2024-01-02,,4349.34,3.0,,9838439662,UK
8925,Ravi,Male,43.0,Bangalore,2023-11-25,,2460.355,3.0,user8924@mail.com,,Unknown
C8926,Kiran,Female,43.0,Kolkata,2024-05-31,,493.78,3.0,,,Canada
8927,Pooja,Male,29.0,Bangalore,2021-09-07,,2460.355,3.0,,9419095996,Australia
8928,Ankit,Male,43.0,Kolkata,2022-04-09,,2460.355,3.0,,,Unknown
,Kiran,Female,27.0,Delhi,2024-01-07,2022-05-17,3050.72,3.0,,,Canada
8930,Amit,Female,43.0,Delhi,,,2460.355,3.0,,,Canada
8931,Ankit,Female,43.0,Chennai,2024-06-09,2025-06-01,2460.355,3.0,,9649467074,Canada
C8932,Kiran,Female,66.0,Ahmedabad,2022-04-01,,2460.355,5.0,,,Unknown
8933,Simran,Male,43.0,Pune,2024-02-26,,2460.355,3.0,,,USA
C8934,Kiran,Unknown,49.0,Ahmedabad,,,2460.355,3.0,user8933@mail.com,9729518867,Australia
C8935,Unknown,Female,43.0,Ahmedabad,,2020-12-30,2460.355,3.0,user8934@mail.com,,Australia
,Priya,Unknown,43.0,Hyderabad,,,1474.74,3.0,,,Canada
8937,Unknown,Unknown,43.0,Delhi,,2022-01-08,2460.355,3.0,user8936@mail.com,,Canada
,Unknown,Male,43.0,Mumbai,2023-04-26,,3202.05,3.0,,,India
8939,Rahul,Male,30.0,Unknown,,,2460.355,3.0,user8938@mail.com,,Australia
,Unknown,Unknown,43.0,Ahmedabad,2022-07-14,2023-02-11,673.99,4.0,user8939@mail.com,,UK
C8941,Sneha,Male,43.0,Hyderabad,2022-08-04,2025-04-22,2460.355,3.0,user8940@mail.com,,Canada
C8942,Ankit,Male,43.0,Ahmedabad,,2020-11-29,2460.355,2.0,user8941@mail.com,,USA
8943,Amit,Female,40.0,Chennai,2021-11-13,2026-01-03,2460.355,3.0,,,UK
C8944,Sneha,Male,22.0,Unknown,2021-10-26,2023-06-24,2460.355,3.0,,,UK
8945,Ankit,Female,43.0,Kolkata,,,27.27,5.0,user8944@mail.com,,UK
8946,Neha,Male,67.0,Kolkata,2022-02-04,,1890.05,3.0,user8945@mail.com,,UK
C8947,Unknown,Unknown,43.0,Chennai,,2023-10-05,1325.4,3.0,,,USA
8948,Kiran,Male,29.0,Mumbai,,,2575.33,3.0,,,Unknown
,Rahul,Female,43.0,Ahmedabad,,,2460.355,3.0,,9451692936,Unknown
C8950,Kiran,Male,38.0,Pune,2024-10-31,,2460.355,3.0,user8949@mail.com,9931877958,USA
8951,Sneha,Female,43.0,Ahmedabad,2021-06-28,,2460.355,3.0,,,USA
8952,Sneha,Male,43.0,Hyderabad,2024-08-15,,2460.355,3.0,,,Canada
8953,Unknown,Female,43.0,Bangalore,2023-01-02,2023-05-17,2460.355,3.0,,,Australia
,Simran,Unknown,42.0,Pune,,,2460.355,3.0,user8953@mail.com,,UK
8955,Kiran,Male,43.0,Mumbai,,,2460.355,3.0,,,Canada
,Kiran,Female,43.0,Bangalore,2025-03-26,2022-06-02,3856.57,3.0,,,Canada
,Ravi,Female,43.0,Kolkata,2025-09-03,,2051.47,3.0,user8956@mail.com,,India
8958,Rahul,Female,43.0,Unknown,,,2030.58,4.0,user8957@mail.com,,Canada
C8959,Amit,Male,43.0,Hyderabad,,,2460.355,3.0,,9945585040,India
,Simran,Male,43.0,Ahmedabad,2021-06-16,2024-05-23,2460.355,3.0,,,USA
C8961,Kiran,Female,43.0,Pune,,,2460.355,4.0,user8960@mail.com,,USA
C8962,Rahul,Female,43.0,Unknown,,2025-11-03,4286.11,3.0,,,India
C8963,Amit,Male,43.0,Pune,,,4013.27,3.0,,,Australia
8964,Sneha,Male,67.0,Hyderabad,2025-08-09,2025-01-14,2460.355,3.0,user8963@mail.com,9472987396,Australia
C8965,Ankit,Male,43.0,Kolkata,,,2460.355,2.0,,,Australia
,Rahul,Male,43.0,Ahmedabad,,,4887.21,3.0,user8965@mail.com,9285697353,Canada
C8967,Unknown,Female,64.0,Unknown,2020-12-19,,316.15,3.0,,,UK
,Sneha,Unknown,45.0,Kolkata,,,2460.355,5.0,,,UK
,Kiran,Unknown,43.0,Ahmedabad,,2024-08-14,3184.37,3.0,user8968@mail.com,,Canada
8970,Neha,Male,43.0,Kolkata,,2024-01-16,2460.355,3.0,,,Unknown
8971,Amit,Female,43.0,Unknown,,2025-02-25,2460.355,3.0,user8970@mail.com,,Australia
C8972,Sneha,Male,62.0,Hyderabad,,,2460.355,3.0,,,Australia
,Neha,Male,43.0,Ahmedabad,,,723.99,3.0,,9216956190,USA
8974,Kiran,Female,43.0,Hyderabad,,,2460.355,3.0,user8973@mail.com,,Unknown
C8975,Ankit,Unknown,43.0,Kolkata,2021-04-28,,2460.355,3.0,,,Canada
8976,Ankit,Male,38.0,Ahmedabad,2023-02-02,,2567.34,3.0,,,India
C8977,Neha,Male,46.0,Chennai,2023-06-19,2025-07-15,2460.355,3.0,,,India
8978,Simran,Unknown,41.0,Chennai,2021-01-21,,2460.355,4.0,,,Unknown
,Priya,Female,43.0,Bangalore,,2025-03-12,4692.39,2.0,,9829666829,Canada
8980,Ankit,Female,43.0,Kolkata,,,2460.355,5.0,,9480071117,Canada
8981,Ravi,Unknown,43.0,Ahmedabad,,,4646.93,3.0,,9743079395,Australia
8982,Kiran,Female,43.0,Hyderabad,2023-10-31,,2460.355,3.0,,,USA
8983,Kiran,Female,43.0,Delhi,,,2760.88,3.0,,,Unknown
8984,Pooja,Female,43.0,Chennai,2025-12-05,2025-02-02,2460.355,1.0,,,India
8985,Neha,Female,43.0,Hyderabad,,,2609.72,3.0,,,USA
,Unknown,Female,59.0,Mumbai,,,2460.355,3.0,user8985@mail.com,,Canada
C8987,Ravi,Male,43.0,Kolkata,2024-11-18,,2460.355,4.0,,,Canada
8988,Neha,Unknown,43.0,Delhi,,,2460.355,3.0,user8987@mail.com,,Canada
8989,Simran,Unknown,43.0,Mumbai,2021-07-19,,2460.355,3.0,,9760353076,India
C8990,Amit,Male,43.0,Kolkata,2024-07-29,2024-12-29,2659.94,3.0,,,USA
,Ravi,Female,43.0,Mumbai,2024-09-13,2021-05-02,2460.355,3.0,,9909679282,Canada
8992,Priya,Male,43.0,Ahmedabad,,,2460.355,5.0,,9684093148,Australia
8993,Sneha,Unknown,43.0,Pune,,2021-09-04,2460.355,3.0,,,Canada
8994,Pooja,Male,68.0,Chennai,,2025-06-29,2460.355,3.0,user8993@mail.com,,USA
8995,Kiran,Unknown,26.0,Chennai,,,2460.355,3.0,,,India
8996,Priya,Male,69.0,Ahmedabad,2020-08-21,2021-02-01,2460.355,3.0,user8995@mail.com,,Unknown
8997,Pooja,Male,59.0,Unknown,,,4327.06,5.0,,,India
,Simran,Male,43.0,Delhi,,,2460.355,3.0,,,USA
8999,Simran,Unknown,43.0,Delhi,,,2460.355,3.0,user8998@mail.com,,India
9000,Unknown,Female,43.0,Bangalore,,,2460.355,3.0,,,Canada
9001,Pooja,Female,51.0,Unknown,2022-12-03,,860.13,3.0,user9000@mail.com,,UK
9002,Kiran,Male,43.0,Chennai,2023-12-17,,3952.19,3.0,,,Canada
,Amit,Male,43.0,Mumbai,2026-01-25,,2460.355,5.0,user9002@mail.com,,Australia
,Ravi,Female,43.0,Hyderabad,,,2460.355,1.0,,,Australia
C9005,Ankit,Female,58.0,Mumbai,2025-12-19,2020-09-02,2460.355,3.0,,,USA
9006,Rahul,Female,43.0,Kolkata,,2024-10-05,790.21,2.0,,,UK
9007,Ankit,Unknown,26.0,Bangalore,2022-08-16,,99.58,3.0,,,USA
C9008,Amit,Female,44.0,Delhi,2022-06-29,,2460.355,3.0,,,Unknown
,Priya,Male,43.0,Unknown,,2022-02-03,2460.355,3.0,,,Unknown
,Ankit,Female,43.0,Bangalore,2022-03-16,,2460.355,5.0,,,UK
,Pooja,Female,68.0,Mumbai,2023-10-02,,4840.99,2.0,,,Unknown
,Unknown,Female,34.0,Chennai,,,2460.355,3.0,user9011@mail.com,,UK
C9013,Ankit,Female,55.0,Bangalore,,2022-12-01,2460.355,3.0,user9012@mail.com,,India
9014,Priya,Female,43.0,Chennai,2024-01-04,,1353.26,3.0,,,UK
,Unknown,Female,43.0,Unknown,,,2460.355,3.0,,,Unknown
9016,Neha,Female,55.0,Pune,,,2460.355,3.0,,,USA
C9017,Ravi,Unknown,40.0,Ahmedabad,,,2460.355,3.0,user9016@mail.com,,Canada
C9018,Unknown,Unknown,43.0,Mumbai,2021-06-13,2025-01-18,2460.355,3.0,,,Canada
,Ravi,Male,43.0,Delhi,,,2460.355,3.0,user9018@mail.com,,Australia
9020,Sneha,Male,43.0,Delhi,,,3935.98,3.0,,,Unknown
9021,Ravi,Female,43.0,Delhi,,,3398.23,1.0,,,Canada
9022,Unknown,Female,43.0,Pune,,2024-02-09,3015.33,3.0,,,Unknown
C9023,Neha,Unknown,43.0,Chennai,,,2460.355,4.0,,,UK
9024,Amit,Female,43.0,Bangalore,,,2460.355,3.0,,,Australia
,Rahul,Male,43.0,Pune,,,4182.77,3.0,,,Unknown
,Sneha,Unknown,43.0,Delhi,,2021-01-14,2460.355,3.0,,,India
,Pooja,Unknown,43.0,Ahmedabad,2025-03-07,2021-10-27,2460.355,1.0,,9909966087,USA
9028,Ankit,Female,35.0,Chennai,,,2460.355,3.0,user9027@mail.com,,Australia
9029,Simran,Unknown,43.0,Mumbai,2025-08-27,2023-07-25,2460.355,3.0,,9156588809,India
9030,Pooja,Male,45.0,Hyderabad,2023-01-29,2024-10-19,3032.27,3.0,,,Canada
9031,Neha,Male,43.0,Chennai,2023-07-25,,2460.355,3.0,,,USA
C9032,Sneha,Male,43.0,Hyderabad,,,4355.25,3.0,,,India
9033,Ankit,Unknown,43.0,Kolkata,,2022-12-17,2460.355,3.0,,,India
C9034,Neha,Unknown,43.0,Unknown,2022-04-23,,4232.87,3.0,,9253418566,USA
9035,Rahul,Male,43.0,Ahmedabad,2023-02-02,2024-11-01,2417.75,3.0,,,USA
C9036,Simran,Female,43.0,Ahmedabad,,2024-05-11,2460.355,3.0,user9035@mail.com,,Australia
C9037,Ankit,Unknown,43.0,Bangalore,2022-03-04,2024-08-01,2460.355,3.0,user9036@mail.com,,UK
,Priya,Unknown,36.0,Ahmedabad,,2021-02-10,2460.355,2.0,,,Australia
9039,Ravi,Female,43.0,Hyderabad,2024-05-13,,4134.87,1.0,,,USA
C9040,Unknown,Female,43.0,Unknown,2025-02-18,,2460.355,4.0,,,India
9041,Unknown,Male,43.0,Unknown,,,2460.355,3.0,,,UK
C9042,Kiran,Unknown,43.0,Chennai,2023-06-18,2023-02-16,2460.355,3.0,,,USA
9043,Sneha,Unknown,43.0,Ahmedabad,,,4450.1,3.0,,,USA
9044,Unknown,Male,43.0,Unknown,2025-02-24,2025-03-19,2741.61,3.0,,,Australia
9045,Rahul,Male,43.0,Pune,2025-03-24,2025-12-27,2460.355,3.0,user9044@mail.com,,Canada
,Unknown,Male,43.0,Pune,2021-10-08,,2460.355,2.0,,,USA
9047,Ravi,Male,43.0,Bangalore,,2021-04-11,4227.84,3.0,user9046@mail.com,,Unknown
9048,Priya,Female,43.0,Hyderabad,2022-11-27,,2460.355,3.0,,9349679072,Australia
,Ankit,Unknown,54.0,Kolkata,,2025-08-29,2460.355,5.0,user9048@mail.com,,UK
9050,Unknown,Unknown,67.0,Chennai,2021-09-20,,2460.355,3.0,,,India
9051,Unknown,Male,43.0,Bangalore,,,1381.64,3.0,,,India
,Kiran,Female,60.0,Unknown,2025-01-26,2025-05-10,2460.355,4.0,,,UK
9053,Neha,Male,43.0,Chennai,,2023-11-11,2460.355,2.0,,9379351792,Canada
C9054,Unknown,Female,43.0,Mumbai,,2025-04-08,2460.355,3.0,,,Australia
C9055,Kiran,Female,43.0,Ahmedabad,2024-12-29,,2460.355,3.0,,,USA
,Pooja,Male,43.0,Hyderabad,,,2460.355,3.0,user9055@mail.com,,India
9057,Simran,Female,25.0,Chennai,,,1378.1,3.0,,,India
C9058,Unknown,Unknown,43.0,Pune,2026-01-25,,2460.355,4.0,,,Canada
9059,Neha,Unknown,43.0,Hyderabad,2023-03-18,,2460.355,3.0,,9889223165,USA
9060,Sneha,Unknown,43.0,Hyderabad,,,837.52,3.0,,9682607262,USA
,Unknown,Unknown,43.0,Unknown,,,2460.355,3.0,,,India
9062,Kiran,Female,25.0,Mumbai,,,1843.11,3.0,,,Australia
C9063,Priya,Male,43.0,Hyderabad,,2024-05-31,2460.355,3.0,,9536957951,Australia
9064,Amit,Female,67.0,Unknown,,,4188.09,3.0,,,USA
9065,Neha,Male,43.0,Ahmedabad,,,2460.355,1.0,user9064@mail.com,9722795630,UK
9066,Amit,Unknown,43.0,Mumbai,2023-01-07,,2460.355,3.0,,,Unknown
C9067,Sneha,Male,43.0,Delhi,2023-06-11,,1804.54,3.0,,9617658368,India
,Unknown,Female,22.0,Kolkata,2025-06-09,2025-01-18,2460.355,4.0,,,Australia
9069,Simran,Male,43.0,Chennai,2021-02-27,,2460.355,3.0,user9068@mail.com,9684023146,Australia
9070,Amit,Unknown,43.0,Pune,2025-06-23,2022-08-26,2460.355,3.0,,,Canada
9071,Priya,Female,43.0,Kolkata,,,2460.355,3.0,,,Australia
C9072,Rahul,Male,28.0,Ahmedabad,,,2460.355,3.0,,9209445032,Unknown
9073,Amit,Male,42.0,Chennai,,,2460.355,3.0,user9072@mail.com,,India
9074,Ankit,Female,43.0,Kolkata,2022-11-06,,2460.355,3.0,user9073@mail.com,9582920160,UK
C9075,Priya,Male,43.0,Unknown,,2023-09-19,2808.85,3.0,,,UK
C9076,Rahul,Female,43.0,Ahmedabad,,,2460.355,2.0,,9140463321,India
9077,Ankit,Unknown,43.0,Bangalore,,,4495.02,3.0,user9076@mail.com,,UK
9078,Unknown,Unknown,43.0,Bangalore,2024-08-21,,2460.355,3.0,user9077@mail.com,,India
9079,Ankit,Unknown,43.0,Ahmedabad,2025-07-12,2024-03-04,3008.41,3.0,,9677172611,UK
,Kiran,Male,43.0,Pune,2024-01-17,2020-09-05,2460.355,1.0,,,UK
9081,Neha,Female,43.0,Pune,,,2460.355,3.0,user9080@mail.com,9558026700,UK
9082,Neha,Male,43.0,Delhi,2024-10-15,,2460.355,3.0,,,Canada
9083,Ravi,Female,43.0,Ahmedabad,,2022-08-15,4584.74,3.0,,9198233155,India
9084,Sneha,Male,45.0,Mumbai,,,2460.355,3.0,,,Australia
9085,Unknown,Male,43.0,Pune,,,2460.355,3.0,user9084@mail.com,9759583650,India
9086,Simran,Male,43.0,Mumbai,2022-07-24,,2460.355,3.0,,,India
C9087,Pooja,Unknown,43.0,Delhi,2023-01-24,2021-02-03,2460.355,3.0,,9474730683,USA
,Simran,Male,43.0,Bangalore,,2024-04-12,2460.355,3.0,,9571672518,UK
9089,Amit,Female,35.0,Chennai,2021-11-19,,2460.355,3.0,,9932671834,Australia
9090,Ankit,Female,43.0,Chennai,,,2460.355,5.0,,,USA
C9091,Amit,Male,43.0,Chennai,2024-07-17,2021-02-15,1316.86,3.0,user9090@mail.com,9862705949,USA
C9092,Simran,Male,37.0,Hyderabad,2024-06-02,,2460.355,3.0,,9750927341,USA
9093,Neha,Unknown,43.0,Mumbai,,,2460.355,3.0,,,Unknown
9094,Ankit,Female,32.0,Unknown,,,2460.355,3.0,user9093@mail.com,9499491886,USA
9095,Neha,Female,43.0,Bangalore,,,2460.355,3.0,,,UK
9096,Ravi,Female,24.0,Delhi,,,2460.355,3.0,,,Canada
C9097,Ravi,Female,43.0,Mumbai,,,888.47,3.0,,,India
C9098,Ankit,Unknown,34.0,Mumbai,,2023-01-02,2460.355,3.0,user9097@mail.com,,Australia
,Sneha,Female,43.0,Bangalore,2024-04-29,,4929.35,3.0,,,UK
9100,Kiran,Female,33.0,Pune,,,1043.11,3.0,,9216927749,UK
C9101,Ankit,Male,23.0,Mumbai,,,2460.355,5.0,,9216210403,India
9102,Neha,Male,43.0,Ahmedabad,2022-08-24,,2460.355,3.0,user9101@mail.com,,India
9103,Sneha,Unknown,48.0,Hyderabad,,2025-01-22,1526.77,3.0,,,USA
9104,Priya,Male,43.0,Unknown,2025-12-13,2023-03-24,2150.34,3.0,,9505875710,Unknown
C9105,Kiran,Male,43.0,Bangalore,2024-01-07,,2460.355,3.0,,,India
9106,Unknown,Male,43.0,Mumbai,,2024-02-19,2460.355,3.0,,,India
,Priya,Unknown,50.0,Mumbai,,2024-08-29,2460.355,3.0,,,Unknown
C9108,Pooja,Unknown,43.0,Delhi,,,2460.355,5.0,,,Australia
C9109,Rahul,Male,43.0,Bangalore,2020-12-24,,2460.355,3.0,,,India
C9110,Ankit,Male,18.0,Bangalore,2020-09-22,,3027.84,3.0,user9109@mail.com,,Australia
9111,Priya,Female,43.0,Bangalore,,,2460.355,5.0,,,USA
9112,Rahul,Female,69.0,Bangalore,2024-02-08,,2460.355,3.0,user9111@mail.com,9155265421,UK
C9113,Unknown,Female,43.0,Hyderabad,2023-06-28,2023-06-24,2460.355,1.0,,9236074386,Canada
9114,Ravi,Male,43.0,Hyderabad,,,2460.355,3.0,user9113@mail.com,,Unknown
9115,Amit,Female,43.0,Chennai,,2024-05-05,2460.355,3.0,,,USA
9116,Unknown,Unknown,43.0,Ahmedabad,,2024-04-11,2460.355,3.0,user9115@mail.com,,India
9117,Sneha,Unknown,43.0,Unknown,2022-06-02,,2460.355,3.0,,9631873133,USA
9118,Unknown,Male,43.0,Delhi,2025-03-17,,2460.355,4.0,,,Unknown
,Simran,Female,43.0,Bangalore,2023-11-03,2024-06-22,2460.355,3.0,,,USA
,Unknown,Unknown,43.0,Mumbai,2022-08-12,,41.79,3.0,,,UK
,Ravi,Female,43.0,Mumbai,2020-09-24,,2460.355,3.0,,,Unknown
,Kiran,Female,62.0,Bangalore,2024-12-02,,2460.355,5.0,user9121@mail.com,,Australia
9123,Simran,Female,56.0,Hyderabad,,,2460.355,3.0,,,Unknown
C9124,Amit,Male,23.0,Unknown,,,2460.355,3.0,user9123@mail.com,,USA
C9125,Pooja,Unknown,28.0,Bangalore,2023-11-27,2023-03-08,2460.355,3.0,,,India
C9126,Ravi,Unknown,60.0,Unknown,2021-03-16,2024-07-03,2460.355,3.0,,9373137526,USA
,Pooja,Male,43.0,Mumbai,2021-09-28,,2460.355,3.0,,9737272093,India
,Sneha,Unknown,43.0,Chennai,2022-03-13,2025-03-05,2512.49,4.0,,9577052382,Australia
9129,Amit,Female,43.0,Delhi,,2021-08-06,2460.355,3.0,,,Canada
,Pooja,Unknown,43.0,Bangalore,,2025-02-11,2460.355,4.0,,,UK
9131,Kiran,Female,43.0,Bangalore,,,2460.355,3.0,,,UK
9132,Amit,Unknown,48.0,Mumbai,,,2460.355,3.0,,,Canada
9133,Rahul,Female,43.0,Chennai,,,1480.48,3.0,,,UK
9134,Neha,Unknown,43.0,Hyderabad,2025-06-14,,2460.355,5.0,,,Australia
C9135,Rahul,Male,43.0,Chennai,,2022-07-11,2460.355,3.0,,9591784671,India
9136,Kiran,Unknown,43.0,Pune,2023-01-15,,2460.355,3.0,,9122347474,UK
C9137,Rahul,Male,43.0,Pune,2024-11-21,,2460.355,5.0,,,UK
9138,Ravi,Male,43.0,Unknown,2024-09-30,,2460.355,3.0,,,USA
C9139,Kiran,Female,33.0,Delhi,,2023-02-01,2460.355,3.0,,,Canada
,Unknown,Unknown,43.0,Bangalore,2021-01-30,,2460.355,3.0,,,USA
9141,Sneha,Male,43.0,Chennai,2021-01-17,,2460.355,3.0,,,Australia
,Unknown,Male,43.0,Chennai,,2025-09-18,2460.355,4.0,,,Canada
9143,Amit,Unknown,64.0,Mumbai,,2021-07-14,2460.355,3.0,,,UK
9144,Neha,Female,43.0,Bangalore,2024-05-21,,3923.12,3.0,,,USA
C9145,Sneha,Male,43.0,Chennai,2020-12-02,,2460.355,1.0,,,UK
9146,Rahul,Male,43.0,Chennai,2025-11-04,,2460.355,3.0,,9637358767,Unknown
9147,Ravi,Male,43.0,Chennai,2023-07-25,2021-12-16,2460.355,2.0,,9357151131,Canada
9148,Rahul,Male,43.0,Pune,,,2460.355,3.0,,9946776961,Canada
C9149,Kiran,Unknown,43.0,Pune,2021-09-19,2025-03-12,2460.355,3.0,,,Australia
C9150,Ravi,Unknown,43.0,Hyderabad,2021-10-02,,3015.79,2.0,,,UK
C9151,Priya,Male,43.0,Mumbai,,2024-11-16,2652.24,4.0,,,UK
,Ravi,Unknown,43.0,Unknown,,2024-02-01,2460.355,3.0,,,USA
9153,Priya,Female,64.0,Kolkata,2022-02-09,,2460.355,3.0,,,Australia
C9154,Sneha,Female,43.0,Pune,2020-08-08,,2460.355,3.0,,,Australia
,Pooja,Male,43.0,Chennai,2025-07-12,2024-03-21,2460.355,3.0,,,Canada
9156,Kiran,Female,43.0,Bangalore,2025-10-30,2025-04-02,2460.355,3.0,,,Unknown
C9157,Ankit,Female,43.0,Delhi,,,2460.355,3.0,user9156@mail.com,9652850702,UK
C9158,Neha,Unknown,43.0,Unknown,,,2167.26,3.0,,,UK
9159,Ankit,Male,38.0,Kolkata,,,2460.355,3.0,,,USA
9160,Pooja,Female,48.0,Delhi,,,2460.355,3.0,,,Canada
C9161,Neha,Male,43.0,Delhi,2025-03-13,,3669.53,4.0,,9795131840,USA
9162,Simran,Unknown,43.0,Kolkata,2020-10-19,,2460.355,3.0,,9748564215,Australia
,Kiran,Female,43.0,Unknown,2025-02-05,2022-08-26,2460.355,3.0,,,UK
9164,Amit,Female,63.0,Hyderabad,2021-04-30,,2460.355,3.0,,,Canada
9165,Ravi,Female,43.0,Bangalore,2021-03-23,,2460.355,3.0,,9420991863,Canada
,Ravi,Unknown,43.0,Unknown,2022-01-24,,3782.72,3.0,user9165@mail.com,9858394267,Australia
9167,Unknown,Female,43.0,Ahmedabad,,,2460.355,3.0,,,India
9168,Neha,Unknown,43.0,Chennai,2024-07-20,2021-07-12,2460.355,3.0,,,USA
9169,Amit,Female,43.0,Unknown,2025-10-30,2022-11-26,2460.355,3.0,,9739217102,Unknown
9170,Neha,Male,43.0,Mumbai,2026-01-22,,2460.355,3.0,,9471683451,Australia
9171,Priya,Male,43.0,Delhi,,,2460.355,3.0,,,Unknown
C9172,Kiran,Male,43.0,Hyderabad,,,2460.355,3.0,,,UK
9173,Unknown,Unknown,43.0,Mumbai,,,3476.13,3.0,,,UK
9174,Amit,Male,43.0,Bangalore,,2022-03-29,2460.355,3.0,,,India
9175,Neha,Male,43.0,Bangalore,2021-04-25,,2460.355,3.0,,,Canada
9176,Ankit,Male,43.0,Delhi,,,4901.52,3.0,,,USA
9177,Unknown,Male,43.0,Bangalore,2025-09-29,,2460.355,3.0,user9176@mail.com,,USA
9178,Ankit,Female,43.0,Kolkata,2022-10-08,,2460.355,1.0,,,USA
9179,Amit,Male,33.0,Pune,2025-03-30,,2460.355,3.0,,,Australia
,Amit,Male,43.0,Ahmedabad,2024-04-23,2024-11-02,2460.355,3.0,,9494989626,Unknown
9181,Amit,Female,43.0,Chennai,,2022-07-13,2460.355,3.0,,,USA
C9182,Kiran,Female,43.0,Chennai,2022-12-07,,2460.355,3.0,,,India
,Rahul,Female,43.0,Kolkata,,2021-01-18,2809.19,2.0,,,Unknown
9184,Pooja,Male,43.0,Hyderabad,,,2460.355,3.0,,,Unknown
,Amit,Male,43.0,Pune,2023-12-11,,2460.355,3.0,,,Unknown
9186,Neha,Unknown,63.0,Delhi,,,2460.355,3.0,,9926265181,Australia
9187,Rahul,Unknown,43.0,Delhi,2021-04-04,2022-04-14,2460.355,3.0,,,Australia
9188,Rahul,Unknown,39.0,Ahmedabad,2025-11-23,,2460.355,3.0,,,USA
9189,Pooja,Female,43.0,Ahmedabad,2023-08-16,2022-08-24,2460.355,2.0,,,India
C9190,Ravi,Male,32.0,Mumbai,,,2516.36,3.0,,9723759796,Unknown
9191,Sneha,Female,43.0,Bangalore,,2021-07-07,2460.355,3.0,,,UK
9192,Unknown,Male,43.0,Mumbai,,2022-09-20,2460.355,3.0,,,Unknown
,Sneha,Female,30.0,Bangalore,2021-01-09,2022-04-02,1751.22,3.0,,,Unknown
9194,Priya,Female,43.0,Kolkata,,2023-03-23,2460.355,3.0,,,Unknown
9195,Rahul,Unknown,43.0,Mumbai,,2023-05-03,277.51,3.0,user9194@mail.com,,India
C9196,Ravi,Female,43.0,Unknown,2020-08-16,2025-03-27,1686.13,3.0,user9195@mail.com,,Unknown
,Pooja,Male,43.0,Kolkata,2023-06-18,2025-12-07,4113.91,3.0,,9472970626,Canada
9198,Ankit,Female,70.0,Unknown,,2025-01-06,2460.355,3.0,user9197@mail.com,,Canada
9199,Ankit,Female,43.0,Mumbai,,2022-12-18,2623.85,3.0,user9198@mail.com,,India
C9200,Ravi,Female,31.0,Delhi,2024-05-02,,430.38,3.0,,,USA
9201,Pooja,Unknown,43.0,Delhi,,,2460.355,4.0,,,Unknown
9202,Pooja,Unknown,61.0,Unknown,,2024-04-13,2460.355,3.0,,,Australia
C9203,Ankit,Unknown,52.0,Kolkata,2025-02-17,,4120.73,3.0,user9202@mail.com,9977747032,Australia
,Amit,Unknown,29.0,Chennai,,2023-05-15,2460.355,3.0,,,UK
C9205,Unknown,Unknown,43.0,Hyderabad,2021-05-25,2020-10-12,2460.355,3.0,,,Canada
C9206,Pooja,Female,43.0,Mumbai,,2020-09-03,2460.355,3.0,,,Australia
,Rahul,Unknown,43.0,Delhi,,,2460.355,3.0,,9230577562,Unknown
,Rahul,Female,43.0,Pune,2023-07-29,,2460.355,3.0,,9531314335,Australia
9209,Rahul,Female,43.0,Delhi,,2021-07-26,2460.355,3.0,user9208@mail.com,,Canada
9210,Unknown,Male,38.0,Unknown,2023-10-31,2024-11-26,2460.355,1.0,user9209@mail.com,9503290272,UK
9211,Unknown,Male,43.0,Pune,2024-02-04,2020-11-25,2460.355,3.0,user9210@mail.com,,Canada
9212,Ravi,Female,43.0,Bangalore,2021-11-05,,2247.53,3.0,,,Australia
9213,Kiran,Male,43.0,Kolkata,2022-03-16,,1089.16,5.0,,,India
9214,Unknown,Unknown,43.0,Ahmedabad,2021-07-12,,2460.355,3.0,user9213@mail.com,9501604914,USA
9215,Simran,Female,46.0,Chennai,2022-04-20,2024-06-21,3029.86,3.0,,9245157276,USA
C9216,Ravi,Male,50.0,Kolkata,2022-07-14,2024-03-05,2460.355,3.0,,,Unknown
9217,Priya,Male,43.0,Pune,,,2460.355,3.0,user9216@mail.com,,Australia
,Ravi,Female,43.0,Hyderabad,,2023-07-29,2460.355,3.0,,9608411736,India
9219,Kiran,Female,43.0,Kolkata,2023-11-15,,2460.355,3.0,,,India
9220,Unknown,Unknown,43.0,Pune,2020-12-25,2025-03-27,1354.39,3.0,user9219@mail.com,,USA
,Priya,Male,43.0,Bangalore,2021-12-23,,4006.5,3.0,,,India
9222,Rahul,Unknown,43.0,Kolkata,2022-08-29,,2460.355,4.0,,,USA
9223,Kiran,Female,43.0,Mumbai,2023-10-22,,2460.355,3.0,,,Canada
C9224,Ravi,Female,43.0,Hyderabad,,,2460.355,3.0,,,UK
9225,Sneha,Male,43.0,Unknown,,,2460.355,3.0,,,Australia
C9226,Simran,Female,57.0,Unknown,,2024-09-26,2460.355,3.0,user9225@mail.com,9417883363,USA
9227,Amit,Male,43.0,Mumbai,2025-11-07,2025-05-02,2460.355,3.0,,,USA
C9228,Ravi,Female,37.0,Pune,,,2460.355,3.0,,,India
,Priya,Male,64.0,Chennai,,,2460.355,5.0,,,Canada
,Pooja,Female,43.0,Delhi,,2021-01-10,2460.355,3.0,,,Canada
C9231,Ankit,Male,40.0,Kolkata,,2024-02-25,2460.355,3.0,,,Canada
9232,Rahul,Female,43.0,Pune,2021-03-22,,2460.355,3.0,user9231@mail.com,9122789198,Canada
C9233,Unknown,Male,43.0,Kolkata,,,4992.82,3.0,user9232@mail.com,,USA
9234,Ankit,Unknown,43.0,Delhi,,2024-08-11,2460.355,3.0,,,UK
9235,Sneha,Male,43.0,Chennai,,,2460.355,3.0,,,UK
,Amit,Female,68.0,Unknown,,,2460.355,3.0,user9235@mail.com,,USA
,Amit,Female,68.0,Mumbai,,,2460.355,3.0,,9309315196,UK
C9238,Rahul,Female,43.0,Chennai,,2021-05-22,4872.95,3.0,,,USA
9239,Kiran,Unknown,43.0,Unknown,,2023-06-13,2460.355,3.0,,,USA
C9240,Rahul,Female,43.0,Hyderabad,,,2460.355,3.0,,,Canada
9241,Rahul,Male,43.0,Unknown,2023-05-19,2022-03-13,2460.355,3.0,,9987020596,India
C9242,Neha,Female,43.0,Kolkata,,,2035.07,3.0,,,USA
9243,Neha,Male,43.0,Chennai,2024-01-25,2024-08-09,2320.09,3.0,,9712199090,India
,Unknown,Female,43.0,Pune,,,2460.355,2.0,user9243@mail.com,,Canada
,Unknown,Female,43.0,Chennai,,,2460.355,3.0,,,UK
9246,Neha,Male,20.0,Chennai,2025-10-21,,2460.355,3.0,,,Australia
,Sneha,Female,43.0,Kolkata,,,4209.53,4.0,user9246@mail.com,,India
,Neha,Male,43.0,Pune,2026-01-13,,2460.355,2.0,,,Australia
,Unknown,Male,43.0,Mumbai,,,2460.355,3.0,,9186430220,UK
9250,Amit,Male,44.0,Hyderabad,,,2460.355,3.0,,,UK
9251,Unknown,Male,43.0,Pune,,,2460.355,5.0,,,Unknown
,Sneha,Male,18.0,Bangalore,2022-10-01,,2337.39,3.0,,,UK
,Unknown,Unknown,59.0,Ahmedabad,2022-02-26,2023-09-17,2460.355,3.0,,,Canada
,Simran,Male,43.0,Pune,,,2460.355,3.0,user9253@mail.com,,UK
9255,Rahul,Female,38.0,Bangalore,,2023-06-29,2460.355,3.0,,,USA
9256,Pooja,Female,43.0,Pune,,,2460.355,3.0,,,Canada
9257,Unknown,Male,56.0,Chennai,2024-08-15,,2627.45,3.0,,9278149305,India
9258,Unknown,Unknown,43.0,Hyderabad,2021-07-10,,2460.355,3.0,,,Unknown
9259,Ankit,Female,41.0,Mumbai,2021-02-23,,2460.355,3.0,,,Canada
9260,Kiran,Female,43.0,Hyderabad,,,2460.355,4.0,user9259@mail.com,,USA
C9261,Amit,Female,43.0,Kolkata,2023-10-22,,2460.355,3.0,,,Canada
C9262,Unknown,Female,43.0,Chennai,2022-07-29,,2841.01,3.0,,,USA
9263,Neha,Female,43.0,Bangalore,2021-11-21,2020-09-23,2460.355,3.0,,9926393328,India
,Rahul,Male,43.0,Mumbai,2022-07-26,,2157.53,3.0,,,Australia
9265,Kiran,Male,43.0,Mumbai,2023-03-26,,3252.35,3.0,user9264@mail.com,,UK
9266,Kiran,Female,43.0,Ahmedabad,,2022-09-08,2460.355,3.0,,,Australia
,Neha,Female,43.0,Ahmedabad,,,2460.355,3.0,,,USA
9268,Sneha,Male,43.0,Mumbai,,,2460.355,3.0,,9634503819,UK
C9269,Ankit,Unknown,43.0,Mumbai,2021-04-12,,4527.31,5.0,,9818761448,Australia
,Kiran,Male,43.0,Chennai,2021-09-04,,2460.355,4.0,,,Canada
C9271,Amit,Female,43.0,Bangalore,2025-07-07,,1544.64,3.0,,9268084560,Australia
C9272,Unknown,Female,43.0,Delhi,,,2460.355,3.0,,9404926370,Unknown
,Unknown,Female,43.0,Pune,,2022-07-13,2685.8,3.0,,9525106360,India
9274,Sneha,Unknown,63.0,Kolkata,,,2460.355,3.0,user9273@mail.com,9162390650,Canada
9275,Rahul,Male,57.0,Pune,2021-06-08,2025-10-18,2460.355,3.0,user9274@mail.com,9341752791,India
9276,Priya,Unknown,43.0,Ahmedabad,,,2460.355,4.0,,,UK
C9277,Sneha,Male,43.0,Pune,2024-10-31,,584.74,3.0,,,Canada
9278,Ankit,Male,43.0,Bangalore,2022-09-02,2020-10-06,2460.355,3.0,,,UK
C9279,Simran,Male,43.0,Bangalore,2025-05-31,,2460.355,3.0,,,USA
C9280,Priya,Unknown,43.0,Mumbai,,,2460.355,3.0,,9679868057,Australia
9281,Amit,Female,43.0,Mumbai,2021-02-28,,2460.355,3.0,user9280@mail.com,9718489622,USA
C9282,Unknown,Unknown,69.0,Pune,,2020-08-28,3123.06,3.0,user9281@mail.com,,UK
,Kiran,Male,43.0,Bangalore,,2024-03-06,3451.2,3.0,,,Canada
C9284,Sneha,Female,43.0,Kolkata,,,2460.355,3.0,user9283@mail.com,,Unknown
,Rahul,Male,43.0,Mumbai,2020-09-10,,2460.355,3.0,,,Canada
9286,Rahul,Male,37.0,Mumbai,,,2460.355,3.0,,,UK
,Unknown,Female,45.0,Hyderabad,2023-05-17,2025-08-28,1699.5,3.0,,,Canada
9288,Ankit,Male,43.0,Bangalore,2021-08-29,,2779.49,3.0,user9287@mail.com,,Unknown
,Pooja,Unknown,43.0,Ahmedabad,2022-11-09,2022-06-12,2460.355,3.0,user9288@mail.com,,UK
,Priya,Unknown,27.0,Delhi,,,2460.355,3.0,,,UK
C9291,Neha,Female,43.0,Mumbai,,,2767.65,3.0,,,Canada
C9292,Sneha,Male,43.0,Kolkata,,,4860.1,3.0,,9617812365,Canada
C9293,Priya,Unknown,43.0,Kolkata,2023-02-21,2021-09-17,2460.355,4.0,user9292@mail.com,,USA
9294,Priya,Unknown,43.0,Kolkata,2025-02-25,2021-01-28,2460.355,1.0,,9405247487,India
9295,Pooja,Unknown,43.0,Delhi,,,2460.355,4.0,,,India
9296,Neha,Unknown,43.0,Kolkata,,2021-01-07,2460.355,4.0,user9295@mail.com,,Unknown
C9297,Ravi,Unknown,27.0,Unknown,,,2460.355,3.0,,,USA
C9298,Kiran,Female,43.0,Hyderabad,2022-11-19,,3633.62,3.0,,9980755068,USA
,Simran,Unknown,43.0,Kolkata,2022-08-23,2025-03-21,2460.355,1.0,user9298@mail.com,,Unknown
,Ankit,Unknown,43.0,Chennai,2024-10-08,,2460.355,3.0,user9299@mail.com,,Canada
C9301,Unknown,Male,43.0,Hyderabad,2022-10-31,2024-08-11,2460.355,3.0,,9438934581,India
9302,Unknown,Female,43.0,Unknown,2026-01-16,,2460.355,5.0,,,India
,Kiran,Male,43.0,Ahmedabad,2022-08-04,2021-01-13,2366.69,5.0,,,USA
9304,Sneha,Unknown,43.0,Kolkata,2021-02-04,,2460.355,3.0,,,India
9305,Priya,Male,43.0,Pune,,2023-12-06,966.94,3.0,,9422761986,USA
C9306,Simran,Male,43.0,Delhi,2021-04-19,,2460.355,4.0,user9305@mail.com,,Unknown
9307,Priya,Male,43.0,Chennai,,2024-09-06,2460.355,3.0,,9639804176,UK
C9308,Kiran,Female,43.0,Ahmedabad,2025-01-17,2024-09-02,2460.355,3.0,,,India
,Rahul,Male,43.0,Pune,2025-01-03,2022-03-24,2460.355,3.0,,,Canada
C9310,Kiran,Female,43.0,Delhi,,,2460.355,3.0,,,India
9311,Ravi,Female,43.0,Delhi,,2023-02-11,2460.355,2.0,,,Australia
C9312,Unknown,Male,43.0,Mumbai,2022-12-15,,2460.355,3.0,,9123804845,Canada
C9313,Unknown,Male,43.0,Bangalore,2021-05-08,2022-11-08,2460.355,3.0,,,India
C9314,Ravi,Male,43.0,Bangalore,,2022-11-08,2460.355,3.0,,,Unknown
9315,Unknown,Male,43.0,Mumbai,2021-08-28,,2460.355,2.0,,9806826549,Australia
9316,Ankit,Female,66.0,Hyderabad,,,3550.73,3.0,user9315@mail.com,,Unknown
9317,Amit,Female,43.0,Kolkata,,,4296.47,3.0,user9316@mail.com,,Australia
C9318,Unknown,Unknown,43.0,Pune,2022-06-17,,2460.355,3.0,user9317@mail.com,,UK
,Ankit,Female,43.0,Bangalore,,,2460.355,5.0,,,USA
C9320,Ankit,Unknown,43.0,Pune,,,2460.355,3.0,user9319@mail.com,,India
9321,Ankit,Female,43.0,Pune,2023-11-02,2024-10-15,3387.88,3.0,,,India
C9322,Sneha,Male,43.0,Pune,,,2460.355,3.0,user9321@mail.com,,UK
9323,Rahul,Male,43.0,Hyderabad,2020-10-17,,2460.355,3.0,,9118010266,Australia
9324,Amit,Unknown,43.0,Bangalore,,,2460.355,3.0,user9323@mail.com,,UK
,Rahul,Male,43.0,Delhi,2021-07-23,2023-01-03,470.14,3.0,user9324@mail.com,,India
9326,Unknown,Male,43.0,Mumbai,2020-10-06,,2460.355,3.0,,,Unknown
9327,Rahul,Female,43.0,Bangalore,,,2460.355,3.0,user9326@mail.com,,USA
9328,Unknown,Female,24.0,Pune,,,2460.355,4.0,user9327@mail.com,,Australia
9329,Neha,Female,43.0,Pune,2022-07-31,2024-01-21,2460.355,3.0,,,UK
C9330,Ankit,Male,44.0,Pune,,,208.01,3.0,user9329@mail.com,,Unknown
,Neha,Male,43.0,Delhi,,,2460.355,3.0,,9341443832,Unknown
,Simran,Unknown,43.0,Hyderabad,2024-11-16,,2460.355,3.0,,,Australia
C9333,Neha,Unknown,43.0,Unknown,,,2460.355,3.0,,,Unknown
,Sneha,Unknown,52.0,Ahmedabad,2024-02-28,,2460.355,1.0,,9274957395,Canada
9335,Kiran,Female,43.0,Unknown,2020-08-13,2024-06-16,2460.355,3.0,,,Canada
9336,Kiran,Male,43.0,Kolkata,2021-07-17,,418.61,3.0,,,India
,Ravi,Unknown,43.0,Chennai,,2025-04-10,2460.355,3.0,,,USA
9338,Simran,Female,34.0,Unknown,,,2460.355,3.0,,,Canada
C9339,Amit,Unknown,43.0,Unknown,2022-10-06,2024-12-10,2460.355,3.0,,,Canada
9340,Simran,Male,40.0,Ahmedabad,,,2460.355,3.0,user9339@mail.com,,India
,Kiran,Female,43.0,Mumbai,,2022-08-24,2460.355,3.0,,,UK
,Amit,Unknown,43.0,Bangalore,,,2460.355,3.0,,,Australia
,Sneha,Female,43.0,Unknown,,,2460.355,3.0,,,Canada
C9344,Ravi,Unknown,43.0,Chennai,2021-01-22,,2460.355,3.0,,9178332086,Unknown
,Simran,Male,43.0,Hyderabad,,2024-10-02,2460.355,3.0,,,India
C9346,Rahul,Unknown,43.0,Delhi,2025-06-30,,569.25,5.0,,,USA
9347,Unknown,Unknown,43.0,Bangalore,2024-06-25,,2460.355,1.0,user9346@mail.com,,Unknown
,Priya,Female,43.0,Pune,,,2460.355,3.0,,,Australia
9349,Amit,Male,58.0,Delhi,2022-12-07,,2460.355,3.0,user9348@mail.com,,USA
C9350,Rahul,Unknown,42.0,Unknown,2025-07-21,2022-05-14,2460.355,3.0,,9492113308,USA
9351,Sneha,Male,43.0,Chennai,,,2460.355,3.0,,,India
,Kiran,Female,43.0,Ahmedabad,,2023-05-21,2460.355,3.0,user9351@mail.com,9889268722,India
,Ankit,Female,51.0,Ahmedabad,2021-10-04,,2460.355,3.0,,,UK
,Rahul,Male,69.0,Bangalore,,2021-07-12,2460.355,3.0,,9346009744,India
C9355,Sneha,Female,43.0,Delhi,,,3848.02,3.0,,,USA
9356,Unknown,Female,43.0,Unknown,2020-09-11,2022-10-04,2460.355,3.0,,,India
9357,Sneha,Female,43.0,Unknown,2023-02-01,2022-08-16,2460.355,2.0,user9356@mail.com,,India
C9358,Pooja,Female,63.0,Kolkata,,,801.22,3.0,,,Canada
9359,Rahul,Female,43.0,Chennai,,2020-09-16,2460.355,3.0,,9842591008,Unknown
9360,Unknown,Male,22.0,Ahmedabad,2021-05-08,,2460.355,3.0,user9359@mail.com,,UK
,Pooja,Female,43.0,Bangalore,,,2460.355,3.0,user9360@mail.com,,Canada
C9362,Amit,Unknown,43.0,Ahmedabad,2022-04-18,2025-01-28,2460.355,3.0,,,Unknown
,Sneha,Female,43.0,Pune,2022-03-16,,2460.355,3.0,,,Canada
C9364,Ankit,Unknown,43.0,Bangalore,,2020-08-06,2460.355,3.0,,,Australia
,Sneha,Female,69.0,Delhi,,2022-09-13,2460.355,3.0,,9703801622,Australia
C9366,Pooja,Female,19.0,Unknown,,2025-06-03,81.48,5.0,,,UK
C9367,Sneha,Male,61.0,Pune,2023-03-11,2023-02-08,3977.31,3.0,user9366@mail.com,,UK
,Simran,Unknown,43.0,Kolkata,,2024-05-03,2460.355,3.0,,9181433838,India
,Unknown,Female,21.0,Unknown,,2025-04-23,2460.355,3.0,,,Australia
9370,Kiran,Female,64.0,Kolkata,2023-06-27,2020-09-19,2460.355,3.0,,,India
9371,Neha,Female,43.0,Chennai,,,2460.355,3.0,user9370@mail.com,,India
C9372,Sneha,Unknown,43.0,Bangalore,2024-07-21,,2460.355,3.0,,,UK
C9373,Unknown,Male,42.0,Delhi,,2021-03-05,2460.355,3.0,,9598632005,Canada
9374,Kiran,Unknown,43.0,Ahmedabad,2022-11-13,,3253.48,3.0,,,Unknown
9375,Ankit,Female,43.0,Kolkata,2021-06-14,2025-11-07,2460.355,3.0,user9374@mail.com,,Australia
9376,Sneha,Male,45.0,Bangalore,,2025-03-04,2460.355,4.0,user9375@mail.com,,USA
9377,Pooja,Female,43.0,Chennai,,,2803.61,3.0,,,India
9378,Unknown,Female,43.0,Pune,,2024-08-21,2460.355,3.0,user9377@mail.com,,USA
C9379,Ravi,Female,43.0,Delhi,2021-08-13,,2460.355,3.0,,9820476014,UK
9380,Pooja,Unknown,43.0,Chennai,,2022-04-13,2460.355,3.0,user9379@mail.com,,India
C9381,Neha,Unknown,43.0,Bangalore,,,2460.355,3.0,,,India
C9382,Ravi,Male,43.0,Unknown,2022-09-04,,2460.355,3.0,,,USA
C9383,Unknown,Male,54.0,Unknown,,,2460.355,3.0,user9382@mail.com,,Canada
C9384,Ankit,Female,43.0,Pune,2023-12-24,,2460.355,3.0,,,India
C9385,Kiran,Female,43.0,Mumbai,2022-03-27,,2460.355,3.0,,,USA
C9386,Ravi,Female,43.0,Mumbai,,2023-11-01,2460.355,3.0,,,Australia
9387,Neha,Male,43.0,Mumbai,2022-11-17,,2460.355,4.0,,,Canada
9388,Pooja,Unknown,43.0,Pune,,,2460.355,4.0,,9658566723,UK
9389,Neha,Female,43.0,Mumbai,2024-03-22,2023-02-22,2113.61,3.0,user9388@mail.com,,India
9390,Kiran,Unknown,43.0,Delhi,,,2460.355,3.0,,9751838891,India
C9391,Priya,Male,43.0,Mumbai,,2024-09-08,2460.355,2.0,user9390@mail.com,9257378611,UK
9392,Sneha,Female,52.0,Hyderabad,2024-04-29,,2460.355,3.0,user9391@mail.com,,India
9393,Ravi,Female,47.0,Pune,,,2460.355,3.0,,,Australia
C9394,Pooja,Female,22.0,Kolkata,,,2460.355,3.0,,,India
9395,Sneha,Male,57.0,Delhi,2021-12-31,2025-09-19,2460.355,5.0,,,UK
C9396,Kiran,Female,43.0,Ahmedabad,,2021-08-05,2460.355,3.0,,,USA
9397,Ravi,Female,43.0,Hyderabad,,,2460.355,3.0,,,UK
9398,Simran,Unknown,43.0,Chennai,2024-08-05,,1449.4,3.0,user9397@mail.com,,Canada
C9399,Simran,Female,68.0,Kolkata,,,1839.17,3.0,,,UK
9400,Neha,Unknown,43.0,Ahmedabad,2023-11-29,,2460.355,3.0,,,India
9401,Sneha,Male,43.0,Bangalore,,2024-04-14,2460.355,3.0,,,USA
9402,Unknown,Unknown,43.0,Chennai,2025-02-07,2024-01-14,2460.355,3.0,,9394021746,Unknown
C9403,Priya,Female,58.0,Kolkata,,2024-07-31,2460.355,3.0,,,Unknown
C9404,Unknown,Male,69.0,Kolkata,,2025-01-17,2460.355,3.0,user9403@mail.com,,Canada
,Ravi,Female,43.0,Unknown,,,2460.355,3.0,user9404@mail.com,,Australia
C9406,Kiran,Male,43.0,Mumbai,2021-09-06,2024-09-09,2460.355,3.0,,,India
9407,Pooja,Unknown,43.0,Pune,2021-12-13,2021-05-11,2460.355,3.0,user9406@mail.com,,Unknown
,Unknown,Female,43.0,Chennai,,,2460.355,2.0,,,Canada
9409,Unknown,Female,43.0,Chennai,2021-10-11,,688.94,3.0,,,UK
C9410,Simran,Male,43.0,Kolkata,,2022-04-03,2460.355,3.0,,9651936018,Australia
,Priya,Female,43.0,Unknown,,2023-09-25,2460.355,3.0,user9410@mail.com,,Unknown
C9412,Unknown,Male,43.0,Kolkata,2025-01-21,,2460.355,3.0,user9411@mail.com,,USA
,Rahul,Unknown,43.0,Hyderabad,,2021-06-30,2460.355,3.0,,,Canada
C9414,Amit,Male,43.0,Mumbai,,,2460.355,3.0,user9413@mail.com,9547349776,Australia
,Ravi,Male,64.0,Mumbai,2023-04-04,,2460.355,3.0,,9832349150,USA
,Unknown,Unknown,43.0,Pune,2023-07-06,,2460.355,3.0,,,Unknown
,Pooja,Male,43.0,Hyderabad,2021-04-16,,2480.24,3.0,,,Canada
9418,Unknown,Male,22.0,Bangalore,,,2460.355,3.0,,9849481634,Unknown
,Neha,Female,25.0,Mumbai,2025-08-12,,2460.355,5.0,,,India
C9420,Neha,Female,43.0,Mumbai,2024-08-06,,2460.355,4.0,,,India
,Amit,Female,43.0,Chennai,2024-03-02,,4484.47,3.0,,,USA
,Unknown,Unknown,62.0,Hyderabad,2025-08-12,2025-07-15,2144.41,3.0,,,Canada
C9423,Sneha,Male,43.0,Kolkata,,2024-12-19,2460.355,3.0,,,India
9424,Priya,Unknown,43.0,Ahmedabad,,,2460.355,3.0,,,Unknown
,Amit,Male,43.0,Kolkata,2021-12-02,,1347.08,3.0,,,India
C9426,Priya,Unknown,43.0,Unknown,2025-09-06,,875.87,3.0,,9514406541,India
C9427,Ravi,Unknown,43.0,Ahmedabad,2021-01-31,,2460.355,3.0,,9263921824,Australia
9428,Kiran,Male,43.0,Mumbai,,,2460.355,3.0,user9427@mail.com,,USA
9429,Ankit,Male,43.0,Chennai,,2020-09-19,485.36,5.0,,9165099760,Australia
9430,Unknown,Unknown,23.0,Ahmedabad,2021-07-26,,3621.47,5.0,user9429@mail.com,9815019456,Unknown
9431,Amit,Unknown,43.0,Pune,2021-02-02,,1758.48,2.0,user9430@mail.com,,USA
,Unknown,Male,70.0,Unknown,,2024-12-10,1382.64,3.0,,,India
9433,Ravi,Unknown,33.0,Bangalore,,2022-09-30,2460.355,3.0,,,Australia
9434,Pooja,Male,43.0,Pune,,2022-12-16,2460.355,5.0,,,Canada
9435,Unknown,Unknown,43.0,Ahmedabad,,2023-02-25,2460.355,2.0,,,Unknown
C9436,Simran,Unknown,25.0,Pune,2022-08-06,,2460.355,3.0,,,Unknown
C9437,Unknown,Unknown,43.0,Chennai,,2022-04-17,2460.355,3.0,,,UK
,Pooja,Male,19.0,Pune,,2020-11-14,2460.355,3.0,,,India
,Ankit,Male,43.0,Chennai,2022-07-06,,2460.355,3.0,,,India
,Simran,Male,43.0,Chennai,,,2460.355,5.0,,,Australia
9441,Unknown,Female,43.0,Chennai,2024-10-17,,492.43,1.0,,,UK
,Pooja,Female,43.0,Kolkata,2024-08-25,2022-10-23,2043.03,3.0,,,UK
C9443,Sneha,Female,43.0,Kolkata,,2020-11-23,2460.355,1.0,,,Canada
9444,Pooja,Female,43.0,Hyderabad,2023-04-26,,2460.355,3.0,,9400742560,UK
C9445,Priya,Female,43.0,Chennai,2022-03-06,,2460.355,3.0,,,India
9446,Unknown,Female,43.0,Hyderabad,2025-02-25,,2460.355,3.0,,,UK
9447,Simran,Male,43.0,Ahmedabad,2021-07-07,,2249.68,3.0,,,Australia
,Neha,Unknown,43.0,Bangalore,,,2460.355,3.0,user9447@mail.com,,India
9449,Ankit,Male,43.0,Delhi,,2021-10-06,2460.355,1.0,,9541129215,India
9450,Sneha,Female,20.0,Kolkata,2024-04-12,,2460.355,3.0,,,Canada
9451,Ravi,Male,43.0,Mumbai,2020-08-19,,2460.355,3.0,,,USA
9452,Ravi,Female,43.0,Hyderabad,,,2460.355,3.0,,,USA
,Rahul,Male,43.0,Ahmedabad,2022-04-26,,2460.355,5.0,user9452@mail.com,,India
,Ravi,Male,43.0,Mumbai,,2024-11-28,2460.355,3.0,,,USA
C9455,Ankit,Male,43.0,Mumbai,,2023-11-17,650.63,5.0,,,Unknown
C9456,Unknown,Male,43.0,Delhi,,,2460.355,2.0,,,Canada
C9457,Amit,Male,43.0,Bangalore,2024-11-30,,2460.355,3.0,,9446635616,Unknown
,Sneha,Male,43.0,Chennai,2025-01-28,,2460.355,3.0,,,Canada
,Rahul,Unknown,43.0,Delhi,2023-11-01,,941.36,3.0,,9895048125,Canada
C9460,Unknown,Female,43.0,Kolkata,2024-11-06,2022-10-31,2460.355,3.0,,9405076305,India
9461,Priya,Female,54.0,Delhi,2023-01-31,,2460.355,3.0,,,India
,Pooja,Unknown,43.0,Mumbai,,,3227.57,3.0,,,Canada
C9463,Ravi,Female,38.0,Ahmedabad,2021-02-13,2021-02-02,3774.3,3.0,,9145278765,India
C9464,Rahul,Female,43.0,Unknown,,,2460.355,3.0,,,Australia
9465,Neha,Unknown,43.0,Ahmedabad,2020-11-30,,2460.355,3.0,user9464@mail.com,,India
C9466,Amit,Female,43.0,Chennai,2021-12-11,,2460.355,3.0,,9590957159,USA
,Rahul,Female,34.0,Unknown,,2024-08-12,2460.355,3.0,,,India
9468,Unknown,Unknown,43.0,Mumbai,,2024-01-08,2460.355,3.0,,,USA
9469,Amit,Female,31.0,Unknown,,2022-08-01,3729.3,3.0,user9468@mail.com,,India
9470,Unknown,Male,63.0,Ahmedabad,,,2460.355,3.0,,9560095926,USA
9471,Unknown,Male,59.0,Hyderabad,2025-10-07,,1278.13,3.0,user9470@mail.com,,USA
,Sneha,Female,43.0,Ahmedabad,,,3666.79,4.0,,,Australia
9473,Pooja,Female,69.0,Unknown,2022-06-29,,2460.355,3.0,,,USA
,Kiran,Female,22.0,Ahmedabad,,,2864.11,1.0,user9473@mail.com,9969025580,Unknown
,Amit,Male,43.0,Delhi,,,2460.355,3.0,,,Australia
9476,Simran,Male,43.0,Bangalore,2023-04-01,,2460.355,3.0,,,Unknown
,Ankit,Male,43.0,Unknown,2022-12-01,,3903.64,3.0,,,Canada
,Kiran,Male,24.0,Ahmedabad,2021-04-13,,2460.355,3.0,,,India
C9479,Ankit,Unknown,43.0,Chennai,2021-06-13,2023-04-20,975.84,3.0,,,India
,Rahul,Male,43.0,Delhi,2023-06-02,,2460.355,3.0,user9479@mail.com,9312625129,USA
,Amit,Female,43.0,Unknown,2023-04-06,,2460.355,3.0,user9480@mail.com,,Australia
,Rahul,Male,43.0,Unknown,,2022-08-19,2460.355,3.0,,,Australia
C9483,Sneha,Female,43.0,Chennai,2021-11-30,2022-12-16,2580.54,3.0,,,UK
9484,Neha,Female,43.0,Bangalore,,2023-12-06,2460.355,3.0,,,UK
9485,Sneha,Unknown,43.0,Mumbai,,,4532.79,3.0,,,UK
9486,Neha,Female,43.0,Unknown,,,2460.355,3.0,user9485@mail.com,,India
,Unknown,Female,43.0,Delhi,,2021-12-17,3795.4,3.0,,,USA
9488,Simran,Unknown,43.0,Hyderabad,,2021-02-22,1698.03,3.0,user9487@mail.com,,Canada
9489,Unknown,Female,42.0,Unknown,,,2460.355,3.0,,,India
9490,Sneha,Unknown,43.0,Kolkata,2020-09-12,,2460.355,3.0,,9340606681,Canada
,Simran,Female,43.0,Mumbai,2024-06-27,,2460.355,1.0,,,India
,Neha,Unknown,43.0,Unknown,2024-01-15,,2460.355,3.0,,,USA
9493,Pooja,Female,43.0,Pune,,2021-09-30,10.56,3.0,,9899789595,USA
9494,Ankit,Female,43.0,Delhi,,,1693.61,3.0,user9493@mail.com,,Australia
C9495,Simran,Female,43.0,Mumbai,2025-09-16,,1933.16,3.0,,,UK
C9496,Unknown,Male,61.0,Pune,2021-03-26,,3548.5,4.0,,,India
9497,Sneha,Male,43.0,Ahmedabad,2024-05-31,,2460.355,3.0,user9496@mail.com,,Unknown
9498,Simran,Female,43.0,Pune,,,2460.355,4.0,user9497@mail.com,9850133904,Unknown
C9499,Neha,Unknown,43.0,Bangalore,,,2460.355,3.0,,,USA
,Ravi,Unknown,43.0,Ahmedabad,,2022-01-04,2460.355,3.0,user9499@mail.com,9395398784,India
,Pooja,Unknown,43.0,Bangalore,,2022-06-18,2460.355,3.0,,,UK
9502,Sneha,Male,43.0,Delhi,,,4315.74,3.0,,,India
9503,Amit,Male,43.0,Kolkata,,,784.04,2.0,,,Canada
,Unknown,Unknown,43.0,Bangalore,2022-06-05,,3221.91,1.0,,,USA
C9505,Pooja,Male,43.0,Delhi,2024-05-03,,2460.355,3.0,user9504@mail.com,,India
,Priya,Female,59.0,Ahmedabad,2024-08-07,,2460.355,3.0,,,Unknown
9507,Rahul,Male,43.0,Chennai,,,2460.355,3.0,user9506@mail.com,,Canada
9508,Unknown,Female,43.0,Bangalore,,,485.13,3.0,,,Australia
9509,Neha,Unknown,43.0,Delhi,,2021-11-19,4879.26,3.0,user9508@mail.com,,Unknown
C9510,Amit,Female,43.0,Chennai,2023-02-27,,545.76,2.0,,9430885220,Australia
9511,Priya,Unknown,43.0,Pune,2025-09-06,,4711.44,3.0,,,USA
9512,Ravi,Male,43.0,Bangalore,2020-12-13,,2460.355,3.0,,,Australia
C9513,Neha,Female,43.0,Hyderabad,2020-09-30,,2460.355,3.0,,,USA
,Unknown,Male,43.0,Hyderabad,,,2460.355,3.0,,9181163521,UK
,Rahul,Female,43.0,Ahmedabad,,2021-04-18,2460.355,3.0,user9514@mail.com,,USA
9516,Amit,Unknown,43.0,Kolkata,,,2460.355,4.0,,,USA
,Simran,Female,40.0,Hyderabad,2023-10-29,,2460.355,3.0,,9266848054,Australia
9518,Rahul,Female,43.0,Chennai,,,2460.355,5.0,,,Canada
C9519,Kiran,Female,69.0,Pune,,,2460.355,3.0,,,Canada
C9520,Priya,Male,43.0,Mumbai,2020-09-15,2024-03-26,2460.355,3.0,,,UK
C9521,Pooja,Female,32.0,Kolkata,,,2460.355,3.0,,,India
,Priya,Male,38.0,Ahmedabad,2023-01-15,2022-05-20,3393.38,3.0,user9521@mail.com,,India
C9523,Neha,Male,43.0,Mumbai,2020-12-15,,2460.355,3.0,user9522@mail.com,,USA
9524,Ankit,Unknown,43.0,Chennai,2023-12-27,,2460.355,5.0,,,USA
9525,Sneha,Male,43.0,Ahmedabad,,,897.92,3.0,,,USA
C9526,Unknown,Unknown,43.0,Ahmedabad,2025-10-02,,2460.355,3.0,user9525@mail.com,,USA
,Pooja,Male,43.0,Pune,,,2460.355,3.0,,,India
9528,Simran,Male,43.0,Pune,2020-08-06,,2460.355,3.0,,,India
9529,Simran,Male,43.0,Hyderabad,,2025-06-11,2460.355,3.0,,,Unknown
9530,Rahul,Female,32.0,Hyderabad,,,2460.355,3.0,user9529@mail.com,9101588801,Unknown
,Pooja,Male,43.0,Pune,,,2460.355,3.0,user9530@mail.com,,UK
,Amit,Female,43.0,Ahmedabad,,,2460.355,3.0,,9371950813,India
9533,Unknown,Male,43.0,Mumbai,,2024-06-11,3621.43,5.0,,,Canada
9534,Priya,Unknown,43.0,Hyderabad,,,1544.2,3.0,,,Canada
,Unknown,Male,43.0,Ahmedabad,,,2460.355,3.0,,9694511536,India
9536,Unknown,Male,27.0,Unknown,2022-10-14,,2460.355,5.0,user9535@mail.com,9509443910,India
9537,Ravi,Female,43.0,Unknown,,2024-03-17,2460.355,3.0,,,Unknown
C9538,Unknown,Female,20.0,Bangalore,2024-10-17,,4865.92,3.0,,9478040366,USA
9539,Kiran,Male,43.0,Chennai,,2020-09-21,2460.355,3.0,user9538@mail.com,,Unknown
9540,Kiran,Unknown,43.0,Hyderabad,,2021-06-17,2460.355,3.0,,,Australia
9541,Neha,Male,43.0,Delhi,,,2460.355,3.0,,,India
C9542,Ankit,Male,42.0,Hyderabad,,2025-09-19,2460.355,3.0,,,USA
9543,Pooja,Female,58.0,Hyderabad,,2022-08-12,2460.355,3.0,,9876692867,USA
9544,Amit,Male,19.0,Unknown,,2023-03-07,2460.355,3.0,user9543@mail.com,,USA
9545,Priya,Female,43.0,Delhi,,,2460.355,3.0,,,India
,Simran,Male,45.0,Kolkata,,,815.33,2.0,user9545@mail.com,9247324627,Canada
9547,Pooja,Female,51.0,Kolkata,,,2460.355,3.0,,,Australia
9548,Ankit,Male,43.0,Unknown,,,2460.355,3.0,,,UK
C9549,Unknown,Female,43.0,Mumbai,2025-05-01,,2634.69,3.0,,,Unknown
9550,Amit,Female,61.0,Kolkata,,,2460.355,3.0,,,India
9551,Ravi,Male,43.0,Chennai,2026-01-25,2021-07-12,2460.355,4.0,,,India
,Neha,Male,43.0,Mumbai,,,2460.355,3.0,,,Canada
C9553,Amit,Male,18.0,Pune,2025-06-16,2020-12-22,1795.4,3.0,,9171515879,USA
9554,Rahul,Male,43.0,Hyderabad,,,2460.355,3.0,,9808325754,Australia
9555,Ankit,Unknown,43.0,Mumbai,,,1502.9,3.0,,,Canada
9556,Kiran,Male,43.0,Unknown,,2024-04-06,3512.93,3.0,,9213712270,Unknown
9557,Pooja,Unknown,43.0,Bangalore,,2023-04-10,4078.42,3.0,,,Canada
C9558,Unknown,Female,43.0,Hyderabad,2023-07-25,,2135.31,3.0,user9557@mail.com,9913324610,Unknown
9559,Ankit,Unknown,43.0,Chennai,,,1575.62,3.0,user9558@mail.com,,India
9560,Ankit,Male,43.0,Hyderabad,,,2460.355,3.0,,9381389464,Australia
9561,Neha,Unknown,43.0,Hyderabad,2024-02-17,,2460.355,3.0,,,Canada
C9562,Simran,Male,43.0,Ahmedabad,,,2460.355,3.0,user9561@mail.com,,India
,Amit,Male,23.0,Kolkata,,,2460.355,5.0,,,UK
,Neha,Female,30.0,Hyderabad,2023-10-02,,2460.355,3.0,,,USA
9565,Unknown,Unknown,43.0,Mumbai,2024-09-04,,2460.355,3.0,,9609681814,India
9566,Priya,Male,58.0,Unknown,,2025-05-23,2460.355,3.0,,9250848838,Canada
,Kiran,Female,29.0,Pune,2022-05-13,,2460.355,3.0,,,India
,Unknown,Female,43.0,Pune,,,2460.355,1.0,,,Unknown
C9569,Priya,Unknown,43.0,Chennai,,,2460.355,3.0,,9971368341,UK
C9570,Sneha,Unknown,43.0,Chennai,2025-09-23,,1409.13,3.0,user9569@mail.com,,Canada
9571,Neha,Female,43.0,Ahmedabad,2025-07-26,,2460.355,3.0,,,Canada
,Kiran,Unknown,43.0,Chennai,,2025-12-07,2460.355,3.0,user9571@mail.com,,Australia
,Rahul,Female,43.0,Bangalore,2024-10-06,2025-05-21,4969.11,2.0,user9572@mail.com,9727204558,Canada
C9574,Ankit,Female,43.0,Delhi,2020-10-19,2023-03-07,2460.355,3.0,user9573@mail.com,,Unknown
,Kiran,Male,65.0,Mumbai,,,2460.355,3.0,,,USA
9576,Kiran,Female,43.0,Chennai,,2023-02-20,2460.355,3.0,,,Australia
C9577,Neha,Female,58.0,Pune,,,2460.355,3.0,,,India
,Pooja,Female,43.0,Delhi,2021-06-05,,2460.355,3.0,user9577@mail.com,,India
C9579,Unknown,Male,43.0,Bangalore,2023-06-10,,2460.355,3.0,,,Canada
,Simran,Male,43.0,Bangalore,,2024-11-26,2460.355,3.0,,,Australia
9581,Neha,Male,43.0,Ahmedabad,,,2460.355,3.0,,,UK
C9582,Neha,Male,43.0,Bangalore,,2025-09-18,2460.355,3.0,,,Canada
9583,Priya,Female,43.0,Hyderabad,,,2460.355,3.0,,,UK
,Ankit,Female,43.0,Chennai,2023-07-10,,2460.355,3.0,user9583@mail.com,,Unknown
9585,Ankit,Male,43.0,Hyderabad,2022-12-01,,3063.25,3.0,,,Canada
C9586,Ankit,Female,67.0,Bangalore,2024-01-29,,2460.355,5.0,,,UK
C9587,Unknown,Unknown,43.0,Unknown,2024-01-30,2024-05-07,2460.355,3.0,user9586@mail.com,,UK
,Simran,Unknown,43.0,Delhi,2025-10-01,,2460.355,3.0,user9587@mail.com,9818578477,UK
9589,Sneha,Unknown,43.0,Delhi,,,2460.355,3.0,,9173945221,UK
,Neha,Male,31.0,Kolkata,,,2460.355,4.0,,,Australia
,Simran,Male,43.0,Unknown,2023-02-07,2025-12-27,2460.355,3.0,user9590@mail.com,,USA
9592,Sneha,Male,43.0,Pune,2023-04-27,,2460.355,2.0,,9916409170,Australia
C9593,Unknown,Unknown,59.0,Delhi,2022-06-11,,1691.0,3.0,,,USA
9594,Ankit,Female,43.0,Hyderabad,,,2460.355,3.0,user9593@mail.com,9939746756,Australia
9595,Unknown,Female,43.0,Delhi,,,2460.355,2.0,,,USA
C9596,Amit,Unknown,43.0,Kolkata,2021-07-16,2021-11-05,2460.355,3.0,user9595@mail.com,,USA
,Neha,Male,43.0,Pune,,,2460.355,3.0,,9613752325,Australia
C9598,Simran,Unknown,43.0,Hyderabad,,,2460.355,3.0,,,USA
,Ravi,Male,43.0,Pune,,2020-12-29,2460.355,5.0,,,UK
C9600,Priya,Male,43.0,Pune,2023-01-01,,2460.355,3.0,,,India
9601,Priya,Unknown,43.0,Chennai,2020-10-06,,3290.44,3.0,,9989892728,UK
9602,Kiran,Unknown,43.0,Mumbai,2022-07-25,,4486.12,3.0,,,Canada
9603,Amit,Male,43.0,Mumbai,2024-06-07,,1338.5,3.0,,9897913261,USA
9604,Rahul,Female,43.0,Bangalore,,,2460.355,2.0,,,Canada
9605,Priya,Male,30.0,Mumbai,,,2460.355,3.0,user9604@mail.com,,Canada
C9606,Ankit,Male,43.0,Ahmedabad,2021-11-18,,2460.355,3.0,,9736096778,UK
9607,Unknown,Female,43.0,Ahmedabad,,,2460.355,3.0,,,India
9608,Ankit,Female,43.0,Pune,2024-10-23,2026-01-18,2460.355,1.0,,,Canada
,Priya,Female,43.0,Delhi,,,2460.355,3.0,user9608@mail.com,,Unknown
9610,Priya,Male,69.0,Hyderabad,,,246.5,2.0,,,Australia
C9611,Priya,Male,43.0,Bangalore,2021-08-10,2024-06-18,2460.355,3.0,,,UK
C9612,Ankit,Male,43.0,Bangalore,,,2460.355,5.0,,,Unknown
,Amit,Female,69.0,Hyderabad,,,2460.355,3.0,,9573307657,India
C9614,Unknown,Male,53.0,Chennai,2020-11-05,,2460.355,3.0,,,UK
9615,Pooja,Male,43.0,Delhi,,,2460.355,3.0,user9614@mail.com,,Australia
9616,Ravi,Male,43.0,Hyderabad,,,2773.36,3.0,,,Unknown
C9617,Rahul,Unknown,43.0,Mumbai,2024-08-11,,2460.355,3.0,,,Canada
9618,Unknown,Female,43.0,Chennai,2022-06-13,,2460.355,3.0,,,USA
C9619,Kiran,Male,43.0,Bangalore,2022-06-04,,2460.355,3.0,,,Canada
,Pooja,Female,43.0,Ahmedabad,2021-08-15,,2460.355,5.0,,9887163291,USA
9621,Kiran,Unknown,20.0,Kolkata,,,2005.51,3.0,,,Canada
,Neha,Unknown,69.0,Unknown,,,2460.355,5.0,,,Unknown
,Kiran,Female,43.0,Hyderabad,2024-10-28,,2460.355,3.0,,,India
C9624,Simran,Male,43.0,Hyderabad,,2024-06-21,2460.355,3.0,,,Australia
,Neha,Unknown,43.0,Delhi,,2023-07-28,2460.355,3.0,,,India
,Unknown,Female,43.0,Mumbai,,,3730.1,3.0,,,USA
C9627,Sneha,Female,43.0,Hyderabad,2020-11-09,2020-12-02,2460.355,3.0,,,Unknown
9628,Pooja,Female,43.0,Delhi,,,1602.95,3.0,user9627@mail.com,,UK
9629,Sneha,Male,43.0,Unknown,2022-08-27,2024-04-12,2460.355,3.0,,,Unknown
9630,Rahul,Female,43.0,Delhi,,,2460.355,3.0,,,India
,Ravi,Male,43.0,Chennai,,,2460.355,1.0,,,India
C9632,Sneha,Male,68.0,Unknown,,,2460.355,3.0,,,UK
9633,Rahul,Female,43.0,Kolkata,,,2460.355,3.0,,,India
9634,Unknown,Unknown,43.0,Delhi,,,3639.92,4.0,user9633@mail.com,9607354001,Canada
C9635,Kiran,Female,64.0,Hyderabad,2020-08-23,,3757.76,3.0,,,Australia
C9636,Neha,Unknown,43.0,Delhi,,2022-11-09,2460.355,3.0,,9924886232,USA
9637,Unknown,Male,43.0,Mumbai,2025-12-03,2024-08-07,452.63,3.0,,,USA
,Kiran,Unknown,43.0,Chennai,2022-12-10,2021-02-20,2460.355,3.0,,9967232296,India
C9639,Priya,Male,40.0,Chennai,,,2460.355,2.0,,,USA
C9640,Rahul,Female,43.0,Ahmedabad,,,1284.5,3.0,,9681819472,Unknown
C9641,Priya,Female,43.0,Ahmedabad,,,2460.355,3.0,,,Australia
9642,Sneha,Female,43.0,Unknown,2021-07-16,,2982.96,3.0,,,India
C9643,Priya,Male,43.0,Unknown,2025-10-25,,4269.73,3.0,,,Australia
9644,Priya,Male,38.0,Unknown,,2024-04-08,2460.355,3.0,,,USA
,Kiran,Female,43.0,Mumbai,,2023-10-19,2460.355,3.0,,,Australia
,Sneha,Female,43.0,Delhi,2022-01-14,,2460.355,3.0,,9151461236,USA
,Amit,Female,43.0,Hyderabad,,2021-08-16,983.58,2.0,user9646@mail.com,,India
C9648,Ankit,Male,43.0,Ahmedabad,2024-07-03,,4026.99,5.0,user9647@mail.com,,USA
9649,Priya,Male,43.0,Chennai,,2022-05-01,3386.39,3.0,user9648@mail.com,9870251853,India
9650,Unknown,Female,43.0,Chennai,2021-01-04,2024-12-27,2460.355,3.0,,,UK
,Neha,Unknown,43.0,Unknown,2023-09-21,2020-09-18,3489.13,3.0,,,UK
9652,Neha,Female,48.0,Hyderabad,2022-12-20,2025-06-25,2460.355,5.0,user9651@mail.com,9752963835,UK
9653,Sneha,Female,43.0,Pune,2023-08-12,,2460.355,3.0,user9652@mail.com,,Australia
9654,Simran,Male,43.0,Hyderabad,,,2460.355,3.0,,,Australia
9655,Ravi,Unknown,43.0,Mumbai,,2021-10-18,2460.355,3.0,,,UK
9656,Simran,Male,43.0,Delhi,2024-10-19,2023-07-26,2460.355,3.0,,,Unknown
9657,Priya,Female,36.0,Unknown,2024-07-26,,2460.355,3.0,user9656@mail.com,9200526122,India
,Unknown,Male,43.0,Mumbai,2025-07-07,,2460.355,3.0,user9657@mail.com,9660408721,Australia
C9659,Priya,Male,43.0,Hyderabad,,,2460.355,3.0,user9658@mail.com,9307999729,Canada
C9660,Neha,Female,43.0,Pune,,2022-10-11,3394.53,1.0,,,Australia
C9661,Amit,Unknown,43.0,Delhi,,,2460.355,3.0,,,Unknown
C9662,Amit,Female,44.0,Pune,2020-12-03,2024-06-15,2460.355,3.0,,,India
9663,Unknown,Male,54.0,Ahmedabad,,2020-08-16,2460.355,3.0,,,Unknown
9664,Unknown,Female,43.0,Chennai,,2025-10-02,1523.96,3.0,user9663@mail.com,,Canada
9665,Rahul,Female,43.0,Mumbai,2024-04-01,,2460.355,3.0,user9664@mail.com,,Canada
9666,Simran,Unknown,51.0,Chennai,,2020-12-23,2460.355,3.0,,,Canada
9667,Kiran,Unknown,43.0,Bangalore,,2024-04-08,2420.51,2.0,,,USA
,Simran,Male,31.0,Unknown,2022-10-29,2024-07-20,2761.01,3.0,,,UK
C9669,Priya,Female,43.0,Mumbai,2026-01-19,2022-06-12,2460.355,3.0,,9317262323,UK
,Pooja,Unknown,62.0,Delhi,2023-04-20,,2460.355,3.0,,,Canada
,Priya,Male,21.0,Bangalore,,,2460.355,1.0,,9293149451,India
9672,Kiran,Female,43.0,Mumbai,,2023-04-24,2460.355,3.0,user9671@mail.com,,Unknown
C9673,Ravi,Male,43.0,Pune,,,3614.94,3.0,user9672@mail.com,,India
9674,Unknown,Female,46.0,Mumbai,,,2460.355,3.0,,,Canada
,Simran,Female,43.0,Hyderabad,,2023-09-14,2158.79,3.0,,,Australia
,Ravi,Male,38.0,Mumbai,,2025-11-16,2460.355,3.0,,9908152368,USA
C9677,Ankit,Female,43.0,Pune,2022-08-07,,1930.21,3.0,,,USA
C9678,Rahul,Male,43.0,Chennai,2022-12-16,2020-10-12,2460.355,3.0,,,UK
9679,Unknown,Male,43.0,Pune,2022-06-18,,1124.26,2.0,user9678@mail.com,,Unknown
9680,Ravi,Unknown,18.0,Chennai,,,485.16,4.0,,,USA
,Unknown,Male,20.0,Chennai,2025-11-24,2024-11-07,2460.355,3.0,,9587878805,Canada
9682,Rahul,Male,43.0,Pune,,,3105.17,3.0,user9681@mail.com,,Australia
9683,Unknown,Female,43.0,Pune,,2020-09-13,2460.355,3.0,,,Australia
9684,Simran,Male,43.0,Delhi,2024-12-24,,2460.355,3.0,,,USA
,Sneha,Male,43.0,Unknown,2020-12-24,,2460.355,3.0,,9963182440,Canada
C9686,Priya,Female,43.0,Pune,,,2460.355,2.0,,,Canada
9687,Unknown,Female,43.0,Ahmedabad,2021-08-09,,2460.355,3.0,,9688001955,UK
C9688,Neha,Female,43.0,Chennai,2021-02-01,,2839.93,3.0,,,Australia
,Ravi,Female,43.0,Hyderabad,2022-06-01,,2460.355,5.0,,,Australia
9690,Rahul,Female,43.0,Kolkata,,,2460.355,3.0,user9689@mail.com,,Unknown
C9691,Ravi,Male,43.0,Ahmedabad,2022-03-12,2022-06-28,2460.355,3.0,,,USA
9692,Simran,Female,43.0,Unknown,2024-10-10,2024-10-18,2460.355,4.0,,,Australia
9693,Amit,Female,43.0,Chennai,,2022-07-12,2460.355,3.0,,,Australia
C9694,Neha,Male,43.0,Bangalore,,,2460.355,3.0,,,UK
9695,Neha,Female,50.0,Mumbai,,,336.15,3.0,user9694@mail.com,,Unknown
9696,Unknown,Male,67.0,Ahmedabad,,2020-08-29,2460.355,3.0,,,Canada
9697,Priya,Female,35.0,Pune,,,968.82,3.0,,,USA
9698,Unknown,Male,23.0,Chennai,,,2460.355,3.0,,,Unknown
9699,Amit,Male,43.0,Unknown,2023-09-02,2023-06-17,2460.355,3.0,,,UK
C9700,Simran,Female,43.0,Mumbai,2022-02-07,,2460.355,5.0,,,India
9701,Unknown,Female,43.0,Unknown,,,2460.355,5.0,,,Canada
9702,Neha,Male,43.0,Chennai,,,2460.355,3.0,,9314006125,UK
9703,Neha,Female,43.0,Chennai,,2025-03-10,2713.92,3.0,,,Unknown
C9704,Ankit,Unknown,43.0,Hyderabad,2022-10-31,2025-07-17,2460.355,3.0,user9703@mail.com,9284819294,USA
C9705,Kiran,Male,43.0,Pune,2023-06-24,,2460.355,3.0,,9193526678,India
9706,Rahul,Male,38.0,Ahmedabad,,,1565.52,5.0,,9964103378,India
9707,Unknown,Female,21.0,Pune,2025-08-17,,2460.355,3.0,,,Australia
9708,Pooja,Female,45.0,Unknown,2025-07-30,,2460.355,3.0,,,UK
,Kiran,Female,22.0,Bangalore,,,2460.355,1.0,,,India
,Simran,Male,57.0,Unknown,2022-07-09,2024-08-30,1012.77,3.0,,,India
9711,Amit,Unknown,43.0,Mumbai,2022-05-07,,2460.355,3.0,,9885046400,Australia
C9712,Pooja,Female,43.0,Delhi,2024-02-20,,2460.355,3.0,,,Canada
9713,Unknown,Female,43.0,Hyderabad,,2022-04-27,2460.355,3.0,user9712@mail.com,,USA
9714,Priya,Female,21.0,Mumbai,,,2460.355,3.0,,,Canada
9715,Unknown,Male,43.0,Ahmedabad,,,3964.21,3.0,,9985762285,Canada
9716,Ravi,Unknown,65.0,Unknown,2021-06-23,2022-07-30,2460.355,3.0,user9715@mail.com,,UK
,Ravi,Unknown,43.0,Hyderabad,2021-05-14,,2460.355,4.0,user9716@mail.com,,UK
9718,Unknown,Male,43.0,Kolkata,,,2623.22,3.0,,,Canada
9719,Amit,Female,23.0,Pune,2023-02-25,,2460.355,3.0,,,Canada
C9720,Pooja,Unknown,43.0,Chennai,,2021-08-15,2460.355,3.0,user9719@mail.com,9695049777,Australia
C9721,Priya,Female,66.0,Ahmedabad,,,2460.355,3.0,,,Unknown
,Sneha,Male,43.0,Kolkata,2024-02-22,,2460.355,4.0,,,Unknown
9723,Pooja,Male,33.0,Unknown,2023-10-22,,2460.355,3.0,user9722@mail.com,,Australia
9724,Rahul,Unknown,43.0,Mumbai,2020-09-02,,2460.355,3.0,,9477902244,Australia
C9725,Simran,Female,38.0,Mumbai,,2024-02-19,4441.52,3.0,user9724@mail.com,,Australia
9726,Ankit,Female,43.0,Chennai,2020-12-06,,2460.355,3.0,,,USA
C9727,Sneha,Male,43.0,Chennai,2021-05-22,2023-03-10,2460.355,3.0,user9726@mail.com,9182202574,USA
9728,Sneha,Female,43.0,Ahmedabad,,,2460.355,3.0,,9953062806,Canada
C9729,Sneha,Male,60.0,Kolkata,2025-08-24,2023-09-06,1064.18,3.0,,,Canada
9730,Kiran,Female,20.0,Ahmedabad,2025-04-29,,2460.355,3.0,,,Unknown
,Pooja,Male,43.0,Kolkata,2023-06-21,,2460.355,3.0,user9730@mail.com,,India
C9732,Kiran,Female,43.0,Hyderabad,2021-04-11,2022-05-12,2460.355,2.0,,,Unknown
9733,Ankit,Female,43.0,Ahmedabad,,2024-01-12,2460.355,3.0,user9732@mail.com,9744215099,Australia
,Rahul,Male,43.0,Bangalore,2025-10-08,,2460.355,3.0,user9733@mail.com,,UK
9735,Kiran,Female,43.0,Bangalore,,,2460.355,3.0,user9734@mail.com,,USA
C9736,Kiran,Male,69.0,Mumbai,2024-05-17,,2460.355,3.0,,,USA
9737,Unknown,Female,43.0,Chennai,,,2460.355,3.0,,9554177572,Unknown
C9738,Amit,Female,50.0,Hyderabad,,2025-09-26,2460.355,3.0,user9737@mail.com,,Australia
9739,Unknown,Unknown,43.0,Kolkata,2021-10-07,,2460.355,3.0,,,Canada
C9740,Unknown,Female,43.0,Kolkata,2024-12-06,2020-08-26,2460.355,3.0,,,USA
,Pooja,Unknown,36.0,Unknown,,,2460.355,1.0,,,India
9742,Simran,Female,43.0,Hyderabad,,,2460.355,3.0,user9741@mail.com,,USA
9743,Ankit,Male,43.0,Mumbai,,2023-09-22,2460.355,1.0,,,Australia
C9744,Rahul,Male,43.0,Delhi,2024-07-05,,2460.355,3.0,,9878557156,UK
C9745,Pooja,Female,43.0,Delhi,,,2460.355,3.0,,,UK
C9746,Rahul,Male,43.0,Ahmedabad,,2023-12-29,2460.355,3.0,user9745@mail.com,,Australia
C9747,Ankit,Female,36.0,Bangalore,2021-08-04,,202.66,3.0,,,UK
C9748,Rahul,Male,36.0,Mumbai,2025-12-28,,2460.355,3.0,,,Unknown
9749,Priya,Unknown,43.0,Pune,2023-03-12,,2460.355,3.0,,,USA
9750,Priya,Female,18.0,Delhi,2022-05-25,,2460.355,3.0,,,Australia
9751,Ankit,Unknown,43.0,Unknown,,2021-01-28,680.53,4.0,,,USA
,Kiran,Female,43.0,Chennai,,,2460.355,4.0,,,India
C9753,Unknown,Male,43.0,Chennai,,,323.56,3.0,,9478380808,Australia
C9754,Ravi,Female,43.0,Hyderabad,2022-08-24,2023-01-16,2460.355,5.0,,,Australia
9755,Sneha,Female,43.0,Mumbai,,2025-10-26,2460.355,5.0,,9975230408,USA
,Amit,Female,32.0,Hyderabad,2025-11-26,,2460.355,3.0,user9755@mail.com,,Canada
9757,Pooja,Female,25.0,Ahmedabad,,2024-10-20,2460.355,3.0,,9554897330,Australia
C9758,Simran,Unknown,43.0,Pune,2021-07-19,,2460.355,3.0,user9757@mail.com,,UK
,Amit,Female,43.0,Chennai,,,2460.355,2.0,user9758@mail.com,9834339103,USA
9760,Rahul,Male,36.0,Ahmedabad,2024-12-29,2020-10-21,2460.355,3.0,,,Unknown
9761,Ankit,Female,26.0,Delhi,2020-11-06,2021-05-13,3501.21,3.0,user9760@mail.com,,Unknown
9762,Priya,Unknown,43.0,Bangalore,,,2460.355,3.0,user9761@mail.com,,Canada
9763,Amit,Male,43.0,Chennai,,,2460.355,3.0,,,USA
9764,Amit,Unknown,43.0,Chennai,2025-09-03,,3671.83,5.0,,9559369869,Unknown
9765,Ankit,Male,35.0,Mumbai,2025-11-21,,2460.355,3.0,,,UK
9766,Unknown,Unknown,43.0,Delhi,,,2460.355,2.0,,9560124258,India
9767,Simran,Unknown,43.0,Ahmedabad,2021-01-27,,2460.355,3.0,,,USA
C9768,Pooja,Female,35.0,Kolkata,,2021-04-21,2460.355,2.0,,9217687256,Australia
,Rahul,Male,43.0,Pune,2020-12-20,,2460.355,3.0,,,USA
,Unknown,Unknown,62.0,Bangalore,2024-03-01,2022-01-15,2460.355,3.0,user9769@mail.com,,India
,Priya,Unknown,43.0,Bangalore,2022-03-18,,2460.355,3.0,,,Australia
9772,Simran,Female,43.0,Kolkata,,,2460.355,4.0,,9362143292,UK
9773,Amit,Male,43.0,Bangalore,2022-04-28,,822.79,3.0,,,Canada
9774,Amit,Male,43.0,Chennai,2022-06-03,2024-11-20,2460.355,3.0,user9773@mail.com,9615925051,India
C9775,Neha,Female,28.0,Ahmedabad,2022-02-20,,2811.69,3.0,user9774@mail.com,,USA
C9776,Unknown,Male,43.0,Mumbai,,2024-02-03,2460.355,5.0,,,Canada
,Unknown,Male,43.0,Ahmedabad,2022-09-02,,2460.355,5.0,,,UK
,Amit,Male,43.0,Delhi,2022-05-30,,4310.68,3.0,,,Unknown
C9779,Pooja,Unknown,43.0,Kolkata,2022-07-30,,2460.355,3.0,,,Canada
9780,Rahul,Male,43.0,Pune,,,2460.355,3.0,,,UK
C9781,Neha,Male,43.0,Unknown,2024-02-02,,2460.355,3.0,,9212293232,India
,Priya,Female,43.0,Mumbai,,,1777.81,3.0,,9522889503,Australia
C9783,Amit,Male,43.0,Mumbai,2021-02-21,2025-01-01,2460.355,3.0,,,Australia
9784,Unknown,Unknown,43.0,Pune,,,2460.355,3.0,,9133249914,UK
9785,Rahul,Female,43.0,Delhi,2023-10-31,,2460.355,1.0,,9295328590,Australia
9786,Amit,Male,65.0,Ahmedabad,2022-12-10,,2460.355,4.0,,,UK
9787,Pooja,Female,43.0,Unknown,2021-12-06,,2460.355,4.0,,,Canada
,Neha,Male,43.0,Delhi,2022-03-25,,2460.355,3.0,,,Canada
9789,Pooja,Female,43.0,Hyderabad,,,2460.355,3.0,,,USA
C9790,Priya,Male,43.0,Kolkata,,,3364.96,3.0,user9789@mail.com,,Australia
,Neha,Male,43.0,Kolkata,,,2460.355,3.0,,,India
C9792,Ankit,Unknown,43.0,Pune,,,2460.355,3.0,,,UK
9793,Priya,Unknown,43.0,Pune,2024-02-19,,2786.32,3.0,,,India
,Ankit,Unknown,43.0,Pune,2024-06-02,2021-08-14,2460.355,2.0,,9255883304,Canada
C9795,Priya,Female,43.0,Kolkata,,,2460.355,3.0,,9783983019,USA
9796,Priya,Female,43.0,Chennai,2022-03-13,,2460.355,4.0,user9795@mail.com,9170541047,Canada
9797,Rahul,Female,43.0,Pune,2025-09-29,2024-01-06,2460.355,3.0,,9244272578,UK
C9798,Ravi,Female,43.0,Pune,,,2460.355,3.0,user9797@mail.com,9188743444,Unknown
,Rahul,Unknown,43.0,Hyderabad,,2022-04-17,2460.355,3.0,user9798@mail.com,9130832660,USA
9800,Neha,Male,43.0,Mumbai,2021-08-30,2025-04-16,2460.355,3.0,,,Unknown
9801,Unknown,Male,43.0,Pune,2024-11-12,2021-10-09,2460.355,3.0,,,Canada
9802,Simran,Female,43.0,Chennai,2024-10-30,,2460.355,3.0,user9801@mail.com,,Unknown
,Ankit,Male,43.0,Pune,,,2460.355,2.0,,9648801070,Australia
9804,Kiran,Male,43.0,Pune,2022-12-07,2020-10-14,1113.12,3.0,,,UK
9805,Kiran,Female,43.0,Ahmedabad,,,4234.8,3.0,,,India
9806,Rahul,Female,43.0,Ahmedabad,2021-11-05,2022-08-09,2460.355,3.0,user9805@mail.com,,Canada
C9807,Pooja,Male,43.0,Kolkata,,,2460.355,4.0,,,Australia
,Priya,Female,43.0,Bangalore,2022-11-09,,2460.355,3.0,,,USA
9809,Rahul,Male,30.0,Chennai,,,4389.72,3.0,,9430914235,India
C9810,Unknown,Female,43.0,Delhi,2023-11-29,2025-02-03,2460.355,2.0,,,USA
C9811,Pooja,Male,43.0,Ahmedabad,2025-10-03,,2223.0,3.0,,,Canada
C9812,Kiran,Female,43.0,Ahmedabad,,2024-04-24,2460.355,3.0,user9811@mail.com,,USA
C9813,Ravi,Female,43.0,Delhi,,,2460.355,3.0,,,Canada
9814,Pooja,Female,43.0,Hyderabad,2020-09-20,,2460.355,3.0,,,Australia
9815,Pooja,Male,43.0,Unknown,2023-08-27,,3581.07,3.0,,9761551011,Unknown
C9816,Ankit,Female,43.0,Pune,,2022-11-26,2460.355,3.0,,,Canada
9817,Rahul,Female,43.0,Delhi,,,2460.355,3.0,,9389025796,Australia
,Pooja,Female,43.0,Mumbai,,2026-01-09,2460.355,3.0,,,Canada
9819,Pooja,Unknown,43.0,Unknown,,,2460.355,3.0,user9818@mail.com,9753641116,Australia
C9820,Kiran,Unknown,38.0,Pune,,2024-01-12,1933.34,3.0,,,UK
,Amit,Female,43.0,Bangalore,2020-09-21,,2460.355,3.0,user9820@mail.com,9720210434,India
9822,Pooja,Female,43.0,Bangalore,2025-07-26,2024-03-11,2460.355,3.0,,,USA
,Rahul,Female,35.0,Hyderabad,,2020-08-18,2460.355,3.0,,9823906207,UK
9824,Unknown,Female,43.0,Delhi,,,2460.355,3.0,,,UK
,Sneha,Female,43.0,Bangalore,,2021-10-05,2460.355,4.0,,,Unknown
9826,Ravi,Male,43.0,Kolkata,2021-02-12,2020-11-04,856.15,2.0,,,Canada
9827,Amit,Unknown,30.0,Delhi,2023-11-01,2021-04-12,585.13,3.0,user9826@mail.com,,Unknown
9828,Sneha,Unknown,43.0,Unknown,,,1142.94,3.0,,,Canada
C9829,Unknown,Male,43.0,Mumbai,2024-04-04,2022-01-23,2460.355,1.0,,,Australia
9830,Priya,Unknown,32.0,Pune,2021-04-11,,2460.355,3.0,user9829@mail.com,,India
9831,Kiran,Female,43.0,Pune,,2026-01-02,2460.355,3.0,,,UK
9832,Simran,Female,43.0,Chennai,,,2460.355,3.0,,9312844920,Canada
C9833,Amit,Female,47.0,Unknown,,,2460.355,5.0,,,UK
9834,Pooja,Unknown,43.0,Bangalore,,,4334.9,2.0,,9363536751,Australia
9835,Unknown,Female,43.0,Delhi,2025-06-07,,2460.355,3.0,,9548879851,Unknown
9836,Sneha,Unknown,20.0,Pune,,2023-07-27,4414.42,3.0,,,Unknown
,Unknown,Female,68.0,Ahmedabad,2024-12-31,,2460.355,4.0,,,Australia
9838,Amit,Female,43.0,Mumbai,,,2460.355,3.0,,,India
9839,Kiran,Unknown,43.0,Bangalore,2021-08-31,,2460.355,3.0,,,India
9840,Simran,Male,43.0,Chennai,,2025-07-11,2460.355,1.0,,,Australia
9841,Sneha,Male,43.0,Bangalore,,,2460.355,3.0,,,Canada
,Unknown,Female,43.0,Bangalore,,,3105.34,2.0,,9604119007,India
9843,Unknown,Male,43.0,Kolkata,,,2460.355,3.0,,9517949949,Australia
,Sneha,Male,41.0,Pune,2023-05-31,,1516.22,3.0,,,USA
9845,Pooja,Male,43.0,Unknown,2021-06-17,,3474.49,3.0,user9844@mail.com,,Canada
C9846,Sneha,Unknown,43.0,Kolkata,2022-01-07,,2460.355,3.0,,,Australia
9847,Sneha,Unknown,63.0,Unknown,,2022-01-12,2051.68,1.0,user9846@mail.com,,Unknown
9848,Amit,Female,26.0,Unknown,2023-10-15,,2460.355,4.0,,,India
9849,Priya,Male,43.0,Hyderabad,,,2460.355,3.0,user9848@mail.com,,Unknown
9850,Unknown,Unknown,43.0,Mumbai,2023-02-25,2024-04-07,2460.355,3.0,,9803749876,Unknown
9851,Simran,Unknown,43.0,Chennai,2024-09-27,,3319.93,3.0,,9855674918,Unknown
,Simran,Male,43.0,Delhi,2022-04-02,2022-09-27,3491.56,3.0,,,Unknown
,Amit,Unknown,43.0,Mumbai,,,2460.355,3.0,,,Australia
C9854,Ravi,Female,43.0,Unknown,2024-01-17,,2460.355,3.0,,,Unknown
,Sneha,Unknown,43.0,Kolkata,,,2460.355,3.0,,,UK
9856,Sneha,Female,68.0,Mumbai,,2021-09-29,2460.355,3.0,user9855@mail.com,,Unknown
9857,Unknown,Female,43.0,Bangalore,,2024-10-06,2460.355,3.0,,,Australia
9858,Unknown,Male,43.0,Bangalore,,,4112.4,3.0,,,India
C9859,Rahul,Unknown,43.0,Kolkata,,2021-11-08,2460.355,3.0,,,USA
9860,Ankit,Male,22.0,Mumbai,,2020-08-23,2460.355,5.0,,,Unknown
,Priya,Unknown,43.0,Pune,,,2460.355,3.0,,9580072514,USA
C9862,Unknown,Male,64.0,Delhi,2020-08-27,,2460.355,3.0,,,UK
,Rahul,Unknown,32.0,Mumbai,2021-06-30,,2460.355,2.0,,9798207133,Australia
9864,Pooja,Male,25.0,Mumbai,,2025-05-09,2460.355,3.0,,,USA
9865,Ravi,Female,28.0,Mumbai,,,2460.355,3.0,,9421065567,India
,Rahul,Unknown,43.0,Chennai,2024-06-13,2025-10-04,2460.355,3.0,,,USA
C9867,Rahul,Female,43.0,Mumbai,,,160.31,3.0,,,Canada
9868,Amit,Male,43.0,Unknown,,,2460.355,5.0,,,Canada
,Ankit,Unknown,43.0,Kolkata,,,2460.355,4.0,,,USA
,Ankit,Male,43.0,Ahmedabad,2022-10-19,,96.77,3.0,,,Canada
C9871,Simran,Female,43.0,Ahmedabad,,,585.15,3.0,,,India
9872,Priya,Female,56.0,Hyderabad,2024-11-28,,1566.3,3.0,,,UK
,Unknown,Male,57.0,Chennai,,,2460.355,3.0,,9322139643,Canada
9874,Ravi,Unknown,43.0,Chennai,,,2460.355,3.0,user9873@mail.com,9795707248,Canada
9875,Rahul,Male,43.0,Chennai,2020-11-02,2022-05-15,2460.355,3.0,,,USA
,Priya,Male,51.0,Kolkata,,,2460.355,5.0,user9875@mail.com,,Unknown
C9877,Neha,Male,50.0,Chennai,,2024-08-19,2460.355,3.0,user9876@mail.com,,Canada
C9878,Sneha,Male,43.0,Unknown,2024-01-15,2023-08-02,1940.44,3.0,user9877@mail.com,,India
9879,Sneha,Male,43.0,Mumbai,2023-09-26,,2460.355,3.0,,9662449726,India
C9880,Rahul,Male,43.0,Chennai,,,2460.355,4.0,user9879@mail.com,,USA
C9881,Sneha,Female,43.0,Ahmedabad,2022-03-30,,2460.355,3.0,user9880@mail.com,9530620261,India
C9882,Rahul,Female,23.0,Delhi,,,4202.31,1.0,,,Canada
9883,Rahul,Male,43.0,Ahmedabad,,,3264.66,3.0,,9311577309,USA
C9884,Neha,Male,25.0,Kolkata,2022-10-07,,2460.355,3.0,,,USA
C9885,Priya,Unknown,43.0,Mumbai,,,2460.355,3.0,,,Unknown
C9886,Simran,Male,49.0,Kolkata,2023-10-07,2024-06-08,3804.99,3.0,,9869222250,Australia
,Unknown,Female,43.0,Hyderabad,2025-08-03,,2460.355,3.0,,,Australia
9888,Kiran,Female,43.0,Delhi,2024-02-09,,2460.355,5.0,,9220350561,UK
,Amit,Unknown,19.0,Delhi,2024-09-03,,2460.355,3.0,user9888@mail.com,,Australia
9890,Kiran,Female,61.0,Bangalore,2022-08-04,2025-05-10,2460.355,3.0,,,UK
C9891,Rahul,Female,43.0,Chennai,2021-05-17,,2460.355,3.0,,,Unknown
,Pooja,Female,43.0,Chennai,2021-01-13,2024-12-12,2460.355,3.0,,,UK
,Amit,Female,43.0,Mumbai,,2023-01-28,2460.355,2.0,,,Canada
9894,Neha,Female,43.0,Ahmedabad,,2025-10-19,2460.355,3.0,,,UK
9895,Priya,Male,43.0,Ahmedabad,2023-05-19,2023-03-31,2460.355,3.0,,9357741520,Unknown
9896,Unknown,Male,43.0,Hyderabad,2025-05-14,2024-09-13,2460.355,3.0,user9895@mail.com,9366277341,USA
9897,Simran,Male,43.0,Ahmedabad,2024-10-31,2025-02-15,2460.355,3.0,,9786179197,Unknown
9898,Pooja,Female,43.0,Delhi,,2020-08-20,2460.355,3.0,,,Australia
9899,Amit,Female,43.0,Bangalore,2020-12-25,,159.56,3.0,,,USA
9900,Ankit,Male,43.0,Kolkata,,,2460.355,5.0,,,USA
9901,Amit,Female,43.0,Bangalore,2023-04-16,,2460.355,3.0,,,Unknown
9902,Ravi,Male,44.0,Delhi,2020-09-22,2023-05-06,2460.355,3.0,,9756043022,India
9903,Kiran,Male,43.0,Delhi,2024-12-05,,2460.355,1.0,,,Australia
C9904,Amit,Female,43.0,Unknown,2020-10-16,,2460.355,3.0,user9903@mail.com,,Unknown
9905,Ankit,Male,43.0,Kolkata,,2022-04-30,2460.355,5.0,,,Australia
C9906,Kiran,Male,54.0,Pune,2023-01-14,,2460.355,3.0,,9687386440,USA
9907,Pooja,Unknown,43.0,Unknown,,,2491.17,4.0,,,USA
9908,Sneha,Female,43.0,Kolkata,2025-10-26,2022-12-06,2460.355,2.0,,9151561652,UK
C9909,Kiran,Male,43.0,Kolkata,2024-04-09,2023-03-29,2460.355,5.0,,,UK
C9910,Ankit,Female,43.0,Ahmedabad,2023-10-25,2020-08-25,2460.355,3.0,,,Unknown
,Priya,Male,43.0,Ahmedabad,2021-08-10,,2460.355,1.0,,,India
9912,Neha,Male,43.0,Hyderabad,,2022-07-29,2460.355,4.0,,9478845034,UK
9913,Ankit,Male,23.0,Delhi,,,2460.355,5.0,user9912@mail.com,,Australia
,Unknown,Female,43.0,Kolkata,2024-01-19,,2460.355,3.0,,9971484867,UK
C9915,Rahul,Male,31.0,Chennai,,2022-05-07,234.66,3.0,,,UK
9916,Kiran,Unknown,43.0,Hyderabad,2022-08-05,,819.04,3.0,,,Australia
9917,Ankit,Male,43.0,Pune,2025-01-07,,1580.01,3.0,user9916@mail.com,,India
9918,Unknown,Female,37.0,Unknown,,2023-08-13,2460.355,3.0,user9917@mail.com,,India
9919,Pooja,Male,60.0,Ahmedabad,,,2460.355,2.0,user9918@mail.com,,Canada
9920,Priya,Male,65.0,Bangalore,2024-08-03,,2460.355,3.0,,,Unknown
9921,Neha,Female,43.0,Mumbai,2020-11-23,,2460.355,3.0,,,India
9922,Unknown,Male,43.0,Unknown,,2023-12-17,2460.355,3.0,,,UK
,Ankit,Male,29.0,Kolkata,2025-11-07,,2460.355,2.0,,9886885607,Canada
9924,Unknown,Male,43.0,Unknown,2024-06-25,,2460.355,2.0,user9923@mail.com,,Australia
C9925,Sneha,Female,28.0,Kolkata,2023-10-21,,2460.355,2.0,,,UK
C9927,Unknown,Male,43.0,Unknown,,2023-08-28,2460.355,4.0,user9926@mail.com,9552595832,Canada
9928,Amit,Male,50.0,Kolkata,2021-09-14,,2460.355,3.0,,,Canada
9929,Ravi,Male,43.0,Chennai,2024-10-26,,2460.355,3.0,,,UK
C9930,Unknown,Female,43.0,Pune,,,2460.355,2.0,user9929@mail.com,,Australia
9931,Unknown,Male,43.0,Chennai,2022-06-12,2024-08-26,2460.355,3.0,,,USA
,Amit,Unknown,43.0,Ahmedabad,,2022-02-06,2460.355,5.0,,,USA
,Sneha,Female,43.0,Bangalore,2022-04-10,,2460.355,3.0,,9711765241,Unknown
9934,Sneha,Male,43.0,Kolkata,2023-09-26,,2460.355,3.0,user9933@mail.com,,UK
C9935,Rahul,Male,43.0,Unknown,,,2460.355,3.0,,,UK
9936,Amit,Female,43.0,Hyderabad,2020-12-02,,2460.355,3.0,,,Canada
C9937,Priya,Unknown,43.0,Mumbai,,,1463.21,3.0,,,Unknown
9938,Amit,Unknown,43.0,Unknown,,2021-04-03,2460.355,4.0,,,UK
,Amit,Male,21.0,Unknown,,2024-05-29,2460.355,2.0,,,USA
C9940,Unknown,Male,43.0,Unknown,,,2460.355,3.0,,,USA
9941,Sneha,Male,43.0,Unknown,,,2460.355,3.0,,,Canada
,Sneha,Male,22.0,Chennai,,2021-10-04,2460.355,3.0,user9941@mail.com,,USA
9943,Amit,Male,19.0,Delhi,,,1257.68,3.0,,,Canada
C9944,Sneha,Female,43.0,Hyderabad,2021-06-23,,2460.355,3.0,,9544803573,India
9945,Sneha,Female,43.0,Hyderabad,2025-01-18,,2460.355,1.0,,,Canada
9946,Unknown,Female,43.0,Bangalore,2021-05-14,,2460.355,3.0,,,Unknown
9947,Amit,Male,33.0,Delhi,2024-02-08,,4352.69,3.0,,,Unknown
C9948,Pooja,Male,43.0,Hyderabad,2020-12-23,2022-10-14,2460.355,3.0,,9184103606,Canada
C9949,Simran,Male,43.0,Chennai,2021-06-22,,2460.355,3.0,,9310540669,Canada
9950,Ankit,Unknown,43.0,Ahmedabad,,,2460.355,3.0,user9949@mail.com,,Unknown
9951,Kiran,Unknown,43.0,Mumbai,2025-11-14,,2460.355,3.0,,,UK
,Pooja,Female,43.0,Delhi,,,557.22,4.0,,,UK
9953,Ankit,Female,43.0,Delhi,2021-07-12,,2460.355,3.0,,9843147562,USA
9954,Sneha,Male,43.0,Hyderabad,,,2460.355,3.0,,,USA
9955,Unknown,Female,18.0,Hyderabad,2021-06-14,2023-04-02,2915.49,3.0,,,India
9956,Kiran,Unknown,43.0,Unknown,,,2967.39,3.0,,,Unknown
9957,Ravi,Female,51.0,Hyderabad,,2025-03-20,2460.355,3.0,user9956@mail.com,9291080187,India
C9958,Kiran,Unknown,43.0,Bangalore,,2023-06-16,2460.355,3.0,user9957@mail.com,,Canada
,Simran,Female,43.0,Mumbai,,,2460.355,3.0,,,USA
C9960,Unknown,Female,43.0,Delhi,2024-10-01,,4690.79,3.0,,9550268128,Canada
,Ankit,Unknown,50.0,Mumbai,2024-10-25,2023-12-04,2460.355,3.0,,,UK
9962,Kiran,Unknown,43.0,Bangalore,,,2460.355,4.0,,,Australia
9963,Priya,Unknown,43.0,Unknown,,,2460.355,3.0,user9962@mail.com,,Australia
9964,Unknown,Male,43.0,Unknown,,,2460.355,3.0,,,USA
9965,Priya,Female,22.0,Hyderabad,,2020-09-27,2460.355,3.0,,9719064706,Canada
C9966,Unknown,Female,43.0,Chennai,,2022-04-12,2460.355,3.0,user9965@mail.com,,UK
9967,Ankit,Male,43.0,Hyderabad,2024-04-04,,2019.69,3.0,,,Canada
,Rahul,Unknown,43.0,Hyderabad,,,2460.355,4.0,,,Unknown
9969,Unknown,Male,43.0,Delhi,,2024-05-30,2460.355,3.0,user9968@mail.com,,Unknown
,Simran,Female,43.0,Bangalore,,2024-04-27,2460.355,3.0,,,Australia
C9971,Priya,Female,43.0,Mumbai,,,2460.355,3.0,,9308714084,USA
9972,Kiran,Female,29.0,Hyderabad,,2023-04-19,2460.355,2.0,,,UK
C9973,Amit,Unknown,43.0,Ahmedabad,,2025-02-28,2460.355,3.0,,,India
9974,Sneha,Male,43.0,Mumbai,2024-11-30,2021-10-23,2460.355,3.0,user9973@mail.com,9469158309,Canada
9975,Neha,Male,43.0,Bangalore,2024-06-08,,104.02,3.0,user9974@mail.com,,Canada
9976,Sneha,Female,43.0,Bangalore,,2021-04-18,2460.355,3.0,,9258331456,Unknown
,Priya,Female,43.0,Chennai,,,2387.43,3.0,user9976@mail.com,,Canada
9978,Ravi,Male,43.0,Hyderabad,2024-08-15,2024-06-23,2460.355,1.0,,,Unknown
9979,Simran,Female,43.0,Unknown,2021-10-07,,1350.72,1.0,,,UK
9980,Unknown,Male,43.0,Kolkata,,2022-09-02,2460.355,2.0,user9979@mail.com,,UK
9981,Priya,Unknown,43.0,Delhi,2025-02-17,2023-10-25,2829.14,3.0,,9620354512,Australia
,Pooja,Male,43.0,Bangalore,2023-03-06,,2460.355,3.0,,9812554122,UK
,Ankit,Male,68.0,Delhi,,,2460.355,3.0,,,Australia
9984,Rahul,Unknown,39.0,Chennai,,,2460.355,3.0,,9637857850,India
9985,Amit,Unknown,27.0,Kolkata,,,2460.355,3.0,user9984@mail.com,,Australia
9986,Ankit,Unknown,43.0,Unknown,2023-03-27,2020-11-21,3796.11,3.0,,9648963702,USA
C9987,Priya,Male,51.0,Ahmedabad,,2021-08-05,2460.355,3.0,user9986@mail.com,,Australia
C9988,Neha,Female,43.0,Unknown,,,2460.355,3.0,,,Unknown
9989,Ravi,Male,61.0,Bangalore,,,2460.355,3.0,user9988@mail.com,,Unknown
9990,Priya,Male,58.0,Chennai,,2023-03-14,2460.355,3.0,user9989@mail.com,,UK
C9991,Amit,Unknown,53.0,Unknown,2023-08-31,,2460.355,3.0,,9198535611,USA
9992,Sneha,Female,43.0,Bangalore,,,2460.355,3.0,,,USA
9993,Ravi,Male,37.0,Unknown,,2025-08-08,2460.355,3.0,user9992@mail.com,9890133115,Australia
9994,Rahul,Female,43.0,Delhi,2024-06-18,,2460.355,3.0,,,USA
,Pooja,Male,23.0,Delhi,2022-02-26,,851.75,1.0,,9882653563,Australia
9996,Unknown,Male,43.0,Delhi,,2020-09-17,2460.355,3.0,,9669860802,UK
,Ankit,Female,43.0,Chennai,,2022-03-23,2460.355,5.0,,,USA
9998,Unknown,Female,35.0,Kolkata,2022-05-24,,2460.355,3.0,,,USA
,Pooja,Female,24.0,Chennai,,,2460.355,3.0,,9716472962,UK
10000,Kiran,Female,43.0,Hyderabad,2022-07-03,2025-03-21,2254.23,3.0,,,USA
